org_code,org_name,benchmark_group,observed_2024,observed_2025,latest,equal_history,group_centred_equal,linear_trend,geometric_history,group_mean_reversion,working_covariance
R0A,Manchester University NHS Foundation Trust,Acute&Acute Community Trusts,5.049475822061074,5.033296606876863,5.049475822061074,4.865117504647087,4.975829904760755,5.167544506988291,5.049475822061074,5.04279366177496,5.039367052512406
R0B,South Tyneside and Sunderland NHS Foundation Trust,Acute&Acute Community Trusts,5.208072798956287,5.102526485582064,5.208072798956287,5.014242116812615,5.124954516926283,5.386096417713652,5.208072798956287,5.177601092135891,5.166239430239542
R0D,University Hospitals Dorset NHS Foundation Trust,Acute&Acute Community Trusts,5.058879197460367,4.99703607359645,5.058879197460367,4.8783273317190705,4.9890397318327375,5.200998375130201,5.058879197460367,5.050786530864359,5.0453983742217074
R1A,Herefordshire and Worcestershire Health and Care NHS Trust,"MH&LD, MH, LD&Community Trusts",5.229560409003903,5.188850693999996,5.229560409003903,5.118039729566999,5.172525425234889,5.28260408630135,5.229560409003903,5.237917173593354,5.228370079463442
R1D,Shropshire Community Health NHS Trust,Community Trusts,5.340905507996304,5.145010753504204,5.340905507996304,5.044325978234514,5.171611524992537,5.431903545610552,5.340905507996304,5.339399196714522,5.2813751650538725
R1F1,Isle of Wight NHS Trust (acute sector),Acute&Acute Community Trusts,4.784951259568465,4.706366986566817,4.784951259568465,4.859831622117006,4.970544022230673,4.8523924924985735,4.784951259568465,4.817947783656242,4.894892317478662
R1F2,Isle of Wight NHS Trust (ambulance sector),Ambulance Trusts,4.44533350270123,4.500436279582561,4.44533350270123,4.732360228044346,4.86378489394978,4.70676652297794,4.44533350270123,4.447990472523988,4.622426332268741
R1H,Barts Health NHS Trust,Acute&Acute Community Trusts,4.888473260772067,4.912268004676804,4.888473260772067,4.7589498413472455,4.869662241460913,4.9560260901699795,4.888473260772067,4.905941484679304,4.9053278007155505
R1K,London North West University Healthcare NHS Trust,Acute&Acute Community Trusts,5.280680299417423,5.034382577516363,5.280680299417423,5.0483671581136775,5.1590795582273445,5.3943200924416495,5.280680299417423,5.239317467527856,5.218254626446377
R1L,Essex Partnership University NHS Foundation Trust,"MH&LD, MH, LD&Community Trusts",5.227826590015834,5.268213995895022,5.227826590015834,5.250245901481114,5.304731597149003,5.274033708658298,5.227826590015834,5.236443427453495,5.2559149881616385
RA2,Royal Surrey County Hospital NHS Foundation Trust,Acute&Acute Community Trusts,5.150121335874516,5.157713239348739,5.150121335874516,4.982113520424613,5.092825920538281,5.2101921560324165,5.150121335874516,5.1283423485163855,5.106068489024271
RA7,University Hospitals Bristol and Weston NHS Foundation Trust,Acute&Acute Community Trusts,5.218709798283071,5.108738615013536,5.218709798283071,4.994421762673516,5.105134162787184,5.412502820902779,5.218709798283071,5.186642541563658,5.17770958715065
RAE,Bradford Teaching Hospitals NHS Foundation Trust,Acute&Acute Community Trusts,5.060126931642577,5.09018474296827,5.060126931642577,4.8964376490433645,5.0071500491570315,5.222893154500017,5.060126931642577,5.051847104919237,5.0435627284581805
RAJ,Mid and South Essex NHS Foundation Trust,Acute&Acute Community Trusts,4.495037366682491,4.462888866214896,4.495037366682491,4.556125934073184,4.666838334186852,4.614322799810491,4.495037366682491,4.571520974703165,4.609123940359763
RAN,Royal National Orthopaedic Hospital NHS Trust,Acute Specialist Trusts,5.375742706316507,5.375492586648612,5.375742706316507,5.299460070946661,5.409253755845011,5.415132726966581,5.375742706316507,5.369004939689449,5.370521610275551
RAS,The Hillingdon Hospitals NHS Foundation Trust,Acute&Acute Community Trusts,5.003305736059128,5.002245530547993,5.003305736059128,4.9201735784453655,5.0308859785590325,5.092964686935152,5.003305736059128,5.0035490886733065,5.009736778160066
RAT,North East London NHS Foundation Trust,"MH&LD, MH, LD&Community Trusts",5.305083987692317,5.163350826992319,5.305083987692317,5.277576895770103,5.332062591437992,5.329911005758203,5.305083987692317,5.302112215478506,5.301572789913489
RBD,Dorset County Hospital NHS Foundation Trust,Acute&Acute Community Trusts,4.98533447554517,5.009444890083157,4.98533447554517,4.916872602969764,5.027585003083431,5.040327436177437,4.98533447554517,4.988273517236442,4.997271242119012
RBK,Walsall Healthcare NHS Trust,Acute&Acute Community Trusts,4.784750897582864,4.652547173256712,4.784750897582864,4.776556353512941,4.887268753626608,4.885650016341057,4.784750897582864,4.817777475968481,4.844683569594696
RBL,Wirral University Teaching Hospital NHS Foundation Trust,Acute&Acute Community Trusts,4.842268156369324,4.71875466644158,4.842268156369324,4.849717457239843,4.96042985735351,4.832566937626355,4.842268156369324,4.866667145936972,4.883319190549922
RBQ,Liverpool Heart and Chest Hospital NHS Foundation Trust,Acute Specialist Trusts,5.818244361499484,5.678241716776859,5.818244361499484,5.579126056165372,5.688919741063724,6.001488022047306,5.818244361499484,5.745131346594979,5.6776136774937855
RBS,Alder Hey Children's NHS Foundation Trust,Acute&Acute Community Trusts,5.21652426747327,5.03379651104725,5.21652426747327,5.064878160975981,5.175590561089649,5.26690081936793,5.21652426747327,5.184784840375326,5.161037144290946
RBT,Mid Cheshire Hospitals NHS Foundation Trust,Acute&Acute Community Trusts,5.241032957865366,5.159859070401051,5.241032957865366,5.064930793215192,5.17564319332886,5.403207794844052,5.241032957865366,5.2056172272086085,5.189457923665187
RBV,The Christie NHS Foundation Trust,Acute Specialist Trusts,5.418476764439441,5.371544749364454,5.418476764439441,5.216052569624861,5.325846254523213,5.548298270182116,5.418476764439441,5.405328889093942,5.380647091056049
RC9,Bedfordshire Hospitals NHS Foundation Trust,Acute&Acute Community Trusts,5.066598637147702,4.996424718879917,5.066598637147702,4.898244538083478,5.008956938197146,5.188629517923928,5.066598637147702,5.057348054598593,5.046581778978984
RCB,York and Scarborough Teaching Hospitals NHS Foundation Trust,Acute&Acute Community Trusts,4.867781615949849,4.89781742010006,4.867781615949849,4.792160107021104,4.902872507134772,4.922352400444996,4.867781615949849,4.888353586580418,4.893325143254788
RCD,Harrogate and District NHS Foundation Trust,Acute&Acute Community Trusts,5.229840236749161,5.232869698503418,5.229840236749161,5.0233586821186815,5.1340710822323485,5.468012329012596,5.229840236749161,5.1961034142598335,5.178554149347401
RCF,Airedale NHS Foundation Trust,Acute&Acute Community Trusts,5.11581267826222,4.975561958614382,5.11581267826222,5.074511512703805,5.185223912817472,5.099144305979868,5.11581267826222,5.0991799895459335,5.095356881616678
RCU,Sheffield Children's NHS Foundation Trust,Acute&Acute Community Trusts,5.202246876720572,5.172472246752322,5.202246876720572,5.0332372523050415,5.1439496524187085,5.316278005721281,5.202246876720572,5.172649058235534,5.148491948165612
RCX,The Queen Elizabeth Hospital King's Lynn NHS Foundation Trust,Acute&Acute Community Trusts,4.752788651372445,4.693193387518781,4.752788651372445,4.713676924943966,4.824389325057634,4.913723005359298,4.752788651372445,4.790609566689625,4.831311096325477
RD1,Royal United Hospitals Bath NHS Foundation Trust,Acute&Acute Community Trusts,4.858898633775238,4.870227174391674,4.858898633775238,4.8105992566498355,4.921311656763503,4.963816266696666,4.858898633775238,4.8808030517319985,4.900450220288231
RD8,Milton Keynes University Hospital NHS Foundation Trust,Acute&Acute Community Trusts,5.024287458616991,5.007673109794047,5.024287458616991,5.009540467243982,5.120252867357649,5.107478941990321,5.024287458616991,5.021383552847489,5.040791185042078
RDE,East Suffolk and North Essex NHS Foundation Trust,Acute&Acute Community Trusts,5.006189324217135,4.826152582960841,5.006189324217135,4.860470556088743,4.97118295620241,5.139693469894569,5.006189324217135,5.006000138607612,5.004591852104399
RDR,Sussex Community NHS Foundation Trust,Community Trusts,5.522007402355463,5.455663526627008,5.522007402355463,5.357875105056497,5.48516065181452,5.672800983383636,5.522007402355463,5.4933358069198075,5.48601245667152
RDU,Frimley Health NHS Foundation Trust,Acute&Acute Community Trusts,5.253340772171594,5.214387091389177,5.253340772171594,5.005362728401202,5.11607512851487,5.395903857660822,5.253340772171594,5.216078869368902,5.19706253099386
RDY,Dorset Healthcare University NHS Foundation Trust,"MH&LD, MH, LD&Community Trusts",5.419341230124009,5.32574192241569,5.419341230124009,5.369197750314657,5.423683445982547,5.459850441169744,5.419341230124009,5.399230871545444,5.39305913364086
REF,Royal Cornwall Hospitals NHS Trust,Acute&Acute Community Trusts,4.851323782524084,4.677182765495703,4.851323782524084,4.821416565946498,4.932128966060166,4.962752732191985,4.851323782524084,4.874364428168518,4.897352429738259
REM,Liverpool University Hospitals NHS Foundation Trust,Acute&Acute Community Trusts,5.012180949461294,4.900798593715324,5.012180949461294,4.866652710219557,4.977365110333225,5.148360867760019,5.012180949461294,5.011093020065148,5.011529574918804
REN,The Clatterbridge Cancer Centre NHS Foundation Trust,Acute Specialist Trusts,5.400772124232874,5.148985203133816,5.400772124232874,5.299365015809279,5.40915870070763,5.5437978010694495,5.400772124232874,5.390279944918361,5.396242683018841
REP,Liverpool Women's NHS Foundation Trust,Acute Specialist Trusts,4.930142191405427,4.870614374479285,4.930142191405427,4.9829045904531934,5.092698275351545,4.983958183550027,4.930142191405427,4.990244502015031,5.0860480111398925
RET,The Walton Centre NHS Foundation Trust,Acute Specialist Trusts,5.396323200162611,5.26298595970273,5.396323200162611,5.275503726348687,5.385297411247037,5.469684594150945,5.396323200162611,5.386498359458637,5.37249136347551
RF4,"Barking, Havering and Redbridge University Hospitals NHS Trust",Acute&Acute Community Trusts,4.786860489160911,4.72425974416934,4.786860489160911,4.719841731361064,4.830554131474731,4.833127989854798,4.786860489160911,4.819570628809821,4.824956619771917
RFF,Barnsley Hospital NHS Foundation Trust,Acute&Acute Community Trusts,5.185065546153608,5.136556181678653,5.185065546153608,5.097830621496505,5.208543021610172,5.332151641356219,5.185065546153608,5.158044927253614,5.160898306360772
RFR,The Rotherham NHS Foundation Trust,Acute&Acute Community Trusts,5.136134731780609,5.104376831626352,5.136134731780609,4.9837401901958485,5.0944525903095155,5.309824138482719,5.136134731780609,5.116453735036565,5.1102092572625875
RFS,Chesterfield Royal Hospital NHS Foundation Trust,Acute&Acute Community Trusts,5.052207209415654,5.003096039227562,5.052207209415654,5.052915672221268,5.163628072334935,5.21140071237167,5.052207209415654,5.045115341026353,5.07398278202338
RGD,Leeds and York Partnership NHS Foundation Trust,"MH&LD, MH, LD&Community Trusts",5.371292985823132,5.190906308393158,5.371292985823132,5.261256679661354,5.315742375329244,5.460558235573048,5.371292985823132,5.358389863889698,5.343176983091818
RGM,Royal Papworth Hospital NHS Foundation Trust,Acute Specialist Trusts,5.138578578733946,5.188774029843231,5.138578578733946,4.984073399455579,5.09386708435393,5.198782483258288,5.138578578733946,5.167415431244272,5.166361430101211
RGN,North West Anglia NHS Foundation Trust,Acute&Acute Community Trusts,4.809925844690492,4.459261605305287,4.809925844690492,4.654213804214821,4.764926204328489,4.876217670319562,4.809925844690492,4.8391761810099645,4.834864280948701
RGP,James Paget University Hospitals NHS Foundation Trust,Acute&Acute Community Trusts,4.741388576146789,4.760551985153012,4.741388576146789,4.741660283278752,4.852372683392419,4.713485397481229,4.741388576146789,4.7809195027478175,4.813265871569693
RGR,West Suffolk NHS Foundation Trust,Acute&Acute Community Trusts,4.795001808185563,4.74071370554987,4.795001808185563,4.867192901463677,4.977905301577345,4.928750068013638,4.795001808185563,4.826490749980776,4.885585604861073
RGT,Cambridge University Hospitals NHS Foundation Trust,Acute&Acute Community Trusts,5.029236935198753,4.925261247972768,5.029236935198753,4.845874957731704,4.956587357845371,5.0819726290839276,5.029236935198753,5.025590607941987,5.014225441725074
RHA,Nottinghamshire Healthcare NHS Foundation Trust,"MH&LD, MH, LD&Community Trusts",4.915941857534682,4.874412494463094,4.915941857534682,5.053248006207987,5.107733701875877,4.931490981045693,4.915941857534682,4.971341404844516,5.0074922636565775
RHM,University Hospital Southampton NHS Foundation Trust,Acute&Acute Community Trusts,5.142829898098706,4.898579234362294,5.142829898098706,5.051900663437702,5.162613063551369,5.213789490632566,5.142829898098706,5.122144626406947,5.118431198012262
RHQ,Sheffield Teaching Hospitals NHS Foundation Trust,Acute&Acute Community Trusts,4.983099530563794,4.881592309708601,4.983099530563794,4.854326499666441,4.965038899780108,5.033200060290176,4.983099530563794,4.986373814002272,4.9819939795945425
RHU,Portsmouth Hospitals University NHS Trust,Acute&Acute Community Trusts,4.816825113604457,4.802865589846258,4.816825113604457,4.809425772648112,4.92013817276178,4.886390389451591,4.816825113604457,4.8450405595868355,4.869654275875374
RHW,Royal Berkshire NHS Foundation Trust,Acute&Acute Community Trusts,5.256253440186537,5.285013243534149,5.256253440186537,5.14103220713148,5.251744607245147,5.343370423697721,5.256253440186537,5.218554637181604,5.207250927855189
RJ1,Guy's and St Thomas' NHS Foundation Trust,Acute&Acute Community Trusts,4.994614571801472,5.128245974433135,4.994614571801472,4.8929635131778735,5.0036759132915405,4.970000537876149,4.994614571801472,4.9961615990542985,4.990475888687251
RJ2,Lewisham and Greenwich NHS Trust,Acute&Acute Community Trusts,5.04446959540502,5.01487492662177,5.04446959540502,4.9108000413955715,5.021512441509239,5.154177039888915,5.04446959540502,5.038538369117314,5.031506160029776
RJ6,Croydon Health Services NHS Trust,Acute&Acute Community Trusts,4.975691931856341,5.027158642981511,4.975691931856341,4.919086971176485,5.029799371290153,5.082481087425083,4.975691931856341,4.980077355100937,4.992438566073087
RJ7,St George's University Hospitals NHS Foundation Trust,Acute&Acute Community Trusts,4.937854406178364,4.887730566714432,4.937854406178364,4.820056603416708,4.930769003530375,5.0247637551288395,4.937854406178364,4.947915458274656,4.945631216323374
RJ8,Cornwall Partnership NHS Foundation Trust,"MH&LD, MH, LD&Community Trusts",4.997286668915926,5.026328323604617,4.997286668915926,4.949185628486433,5.003671324154322,5.1344465189732675,4.997286668915926,5.040484494518574,5.06132080259481
RJC,South Warwickshire University NHS Foundation Trust,Acute&Acute Community Trusts,5.287251414607097,5.194167129545242,5.287251414607097,5.10710092165035,5.217813321764018,5.3733698759667305,5.287251414607097,5.244902915439079,5.21503063216068
RJE,University Hospitals of North Midlands NHS Trust,Acute&Acute Community Trusts,4.950498555952127,4.8790352090298,4.950498555952127,4.7707164896331316,4.8814288897467994,5.108845677666737,4.950498555952127,4.958662985582355,4.958311562486191
RJL,Northern Lincolnshire and Goole NHS Foundation Trust,Acute&Acute Community Trusts,4.809396891604551,4.946698589583346,4.809396891604551,4.778753847590502,4.88946624770417,4.958685586528162,4.809396891604551,4.838726570886915,4.868931496990536
RJN,East Cheshire NHS Trust,Acute&Acute Community Trusts,4.984199445079497,4.924497900633165,4.984199445079497,4.948445933289278,5.059158333402946,5.02045742822919,4.984199445079497,4.98730874134062,5.001148044050709
RJR,Countess of Chester Hospital NHS Foundation Trust,Acute&Acute Community Trusts,4.698074635466784,4.618213802992669,4.698074635466784,4.627246770118717,4.737959170232384,4.814592892427649,4.698074635466784,4.744102653169813,4.767559079290204
RJZ,King's College Hospital NHS Foundation Trust,Acute&Acute Community Trusts,4.71474420478196,4.844882315255672,4.71474420478196,4.657575722470719,4.768288122584386,4.688657270309551,4.71474420478196,4.758271787087713,4.75963538176411
RK5,Sherwood Forest Hospitals NHS Foundation Trust,Acute&Acute Community Trusts,5.10301941614302,4.833012007832405,5.10301941614302,5.075669625126343,5.186382025240011,5.209864923115335,5.10301941614302,5.088305716744614,5.102049966646408
RK9,University Hospitals Plymouth NHS Trust,Acute&Acute Community Trusts,4.908064198683483,4.868694596347482,4.908064198683483,4.7537017510233746,4.8644141511370425,5.0745968067536715,4.908064198683483,4.922593781904008,4.926396427022471
RKB,University Hospitals Coventry and Warwickshire NHS Trust,Acute&Acute Community Trusts,4.840996544591716,4.933915092043216,4.840996544591716,4.766837846143421,4.877550246257088,4.935096590260386,4.840996544591716,4.865586275926006,4.871112584072615
RKE,Whittington Health NHS Trust,Acute&Acute Community Trusts,5.094255431000997,5.241123918395662,5.094255431000997,4.903623506328371,5.014335906442038,5.1497374592273175,5.094255431000997,5.080856329373894,5.051150227862453
RKL,West London NHS Trust,"MH&LD, MH, LD&Community Trusts",5.362829209338268,5.379938065556677,5.362829209338268,5.306362750223152,5.360848445891042,5.349203444959685,5.362829209338268,5.351195653877564,5.342784422221123
RL1,The Robert Jones and Agnes Hunt Orthopaedic Hospital NHS Foundation Trust,Acute Specialist Trusts,5.341412880175006,5.061806859756023,5.341412880175006,5.242127698701067,5.351921383599417,5.480734398330082,5.341412880175006,5.339824587469173,5.356845027543908
RL4,The Royal Wolverhampton NHS Trust,Acute&Acute Community Trusts,4.996870140279968,4.727096750241856,4.996870140279968,4.994417335016936,5.105129735130603,5.012207855063325,4.996870140279968,4.99807883226102,5.008148513842114
RLQ,Wye Valley NHS Trust,Acute&Acute Community Trusts,5.106919484357126,5.012313124373934,5.106919484357126,4.997959658440603,5.108672058554271,5.169588799243103,5.106919484357126,5.0916207747266045,5.080061178231644
RLT,George Eliot Hospital NHS Trust,Acute&Acute Community Trusts,5.226741275156019,5.055260492039282,5.226741275156019,4.927307456144054,5.038019856257721,5.4130287082559985,5.226741275156019,5.193469296905663,5.142037637358085
RLY,North Staffordshire Combined Healthcare NHS Trust,"MH&LD, MH, LD&Community Trusts",5.459118036081383,5.506161264635511,5.459118036081383,5.4620896558418774,5.516575351509767,5.536713010389802,5.459118036081383,5.433041156609212,5.4393233761228075
RM1,Norfolk and Norwich University Hospitals NHS Foundation Trust,Acute&Acute Community Trusts,4.705677762362325,4.540971614751612,4.705677762362325,4.530609256456584,4.641321656570252,4.844611987579379,4.705677762362325,4.750565311031023,4.754122890558289
RMC,Bolton NHS Foundation Trust,Acute&Acute Community Trusts,5.063816857415368,4.76416657366604,5.063816857415368,4.968028698199287,5.078741098312955,5.021783214670201,5.063816857415368,5.05498354182611,5.039369522484562
RMP,Tameside and Glossop Integrated Care NHS Foundation Trust,Acute&Acute Community Trusts,5.068563516260291,4.938009896188618,5.068563516260291,4.984287477879089,5.094999877992757,5.2653249390836105,5.068563516260291,5.059018201844294,5.072264741155687
RMY,Norfolk and Suffolk NHS Foundation Trust,"MH&LD, MH, LD&Community Trusts",4.899207800659925,4.828751733855252,4.899207800659925,4.931776158955378,4.986261854623267,4.969921942760507,4.899207800659925,4.957117456500972,4.995329668806689
RN3,Great Western Hospitals NHS Foundation Trust,Acute&Acute Community Trusts,5.057502441234158,5.045833543992019,5.057502441234158,4.862633528429861,4.973345928543528,5.239281860576958,5.057502441234158,5.049616288072081,5.041332310156957
RN5,Hampshire Hospitals NHS Foundation Trust,Acute&Acute Community Trusts,5.039338474816804,5.077659721310114,5.039338474816804,4.899458142327476,5.010170542441143,5.117976886086012,5.039338474816804,5.034176916617331,5.024989852859197
RN7,Dartford and Gravesham NHS Trust,Acute&Acute Community Trusts,5.112633739689236,5.079731080231118,5.112633739689236,5.019065369355844,5.129777769469512,5.1313564604139765,5.112633739689236,5.096477891758897,5.083060015255692
RNA,The Dudley Group NHS Foundation Trust,Acute&Acute Community Trusts,4.776447491285462,4.679990273107688,4.776447491285462,4.71252081962374,4.823233219737407,4.86073490311669,4.776447491285462,4.8107195806156895,4.825628524475555
RNK,Tavistock and Portman NHS Foundation Trust,"MH&LD, MH, LD&Community Trusts",4.825239555323884,5.270150977911881,4.825239555323884,4.816070657523656,4.870556353191546,4.789869722050556,4.825239555323884,4.894244447965337,4.984640467685672
RNN,North Cumbria Integrated Care NHS Foundation Trust,Acute&Acute Community Trusts,5.085051701275606,5.044767141702418,5.085051701275606,4.984970314556491,5.095682714670158,5.199906452933636,5.085051701275606,5.073033159107312,5.0728852494322085
RNQ,Kettering General Hospital NHS Foundation Trust,Acute&Acute Community Trusts,4.893044571674841,4.799163194662444,4.893044571674841,4.727649131654899,4.838361531768566,5.006180220921303,4.893044571674841,4.909827098946662,4.90600562829335
RNS,Northampton General Hospital NHS Trust,Acute&Acute Community Trusts,5.024569810650125,4.835477210198987,5.024569810650125,4.828065281111271,4.938777681224939,5.178878434380863,5.024569810650125,5.021623552075654,5.010858967188355
RNU,Oxford Health NHS Foundation Trust,"MH&LD, MH, LD&Community Trusts",5.338807246834476,5.324667624556779,5.338807246834476,5.221964368404096,5.276450064071986,5.448221916510272,5.338807246834476,5.330776985749341,5.324054134494281
RNZ,Salisbury NHS Foundation Trust,Acute&Acute Community Trusts,5.168332308915563,4.993064704590668,5.168332308915563,4.843836040840304,4.954548440953971,5.338921844282501,5.168332308915563,5.143821675601275,5.0975602200578
RP1,Northamptonshire Healthcare NHS Foundation Trust,"MH&LD, MH, LD&Community Trusts",5.485892999058867,5.330652636147439,5.485892999058867,5.363911314355937,5.418397010023827,5.561786785341878,5.485892999058867,5.455799875140074,5.434589381394116
RP4,Great Ormond Street Hospital for Children NHS Foundation Trust,Acute Specialist Trusts,5.084313055459004,4.970756513710058,5.084313055459004,4.960093139181582,5.0698868240799335,5.0799788624810756,5.084313055459004,5.121289736460572,5.11813566895868
RP5,Doncaster and Bassetlaw Teaching Hospitals NHS Foundation Trust,Acute&Acute Community Trusts,5.060068583441345,5.031214344280041,5.060068583441345,4.966794546003911,5.077506946117579,5.283283235193066,5.060068583441345,5.051797508948191,5.064730858446456
RP6,Moorfields Eye Hospital NHS Foundation Trust,Acute Specialist Trusts,5.280300787208931,5.174454477307171,5.280300787208931,5.173544254594615,5.283337939492965,5.29872920599971,5.280300787208931,5.28787930844801,5.2857429373448115
RP7,Lincolnshire Partnership NHS Foundation Trust,"MH&LD, MH, LD&Community Trusts",5.450767878985654,5.217142612471477,5.450767878985654,5.35097934318956,5.405465038857449,5.4955509281864945,5.450767878985654,5.425943523077843,5.405454210810485
RPA,Medway NHS Foundation Trust,Acute&Acute Community Trusts,4.879352943636501,4.849066146088023,4.879352943636501,4.6923933125141435,4.803105712627811,4.971967364363001,4.879352943636501,4.898189215114073,4.883994907464943
RPC,Queen Victoria Hospital NHS Foundation Trust,Acute Specialist Trusts,5.480348438230425,5.135376427779011,5.480348438230425,5.443667212196109,5.5534608970944594,5.57234512843198,5.480348438230425,5.457919811816279,5.468320018165612
RPG,Oxleas NHS Foundation Trust,"MH&LD, MH, LD&Community Trusts",5.367964928994095,5.427548901304633,5.367964928994095,5.273644125374953,5.328129821042843,5.442648076488797,5.367964928994095,5.355561015585017,5.3440056777766225
RPY,The Royal Marsden NHS Foundation Trust,Acute Specialist Trusts,5.239491003387694,5.217752957651964,5.239491003387694,5.057047084554053,5.166840769452405,5.252818973584732,5.239491003387694,5.253190992199958,5.230201796182343
RQM,Chelsea and Westminster Hospital NHS Foundation Trust,Acute&Acute Community Trusts,5.010136575803353,4.999520098219371,5.010136575803353,4.842685399663688,4.953397799777355,5.138935595525884,5.010136575803353,5.009355302455897,5.001047534383338
RQW,The Princess Alexandra Hospital NHS Trust,Acute&Acute Community Trusts,4.760071972065488,4.769280744617053,4.760071972065488,4.608769310355775,4.719481710469442,4.897187918821006,4.760071972065488,4.796800389278712,4.803518749831804
RQX,Homerton Healthcare NHS Foundation Trust,Acute&Acute Community Trusts,4.847967703562105,4.839480198208864,4.847967703562105,4.774084555945563,4.88479695605923,4.818511351368398,4.847967703562105,4.8715117610508365,4.8758533607029815
RQY,South West London and St George's Mental Health NHS Trust,"MH&LD, MH, LD&Community Trusts",5.148483696583805,5.167341076444791,5.148483696583805,5.092750454362477,5.147236150030367,5.249450691597641,5.148483696583805,5.16900196803627,5.178150483144423
RR7,Gateshead Health NHS Foundation Trust,Acute&Acute Community Trusts,4.991478421683169,4.814541301131064,4.991478421683169,4.954554698198423,5.065267098312091,5.107020518048789,4.991478421683169,4.9934958714537405,5.015376605888211
RR8,Leeds Teaching Hospitals NHS Trust,Acute&Acute Community Trusts,5.00797674484386,4.912010965675695,5.00797674484386,4.931383357798727,5.042095757912395,5.119026136445978,5.00797674484386,5.007519446140328,5.010900276315697
RRE,Midlands Partnership University NHS Foundation Trust,"MH&LD, MH, LD&Community Trusts",5.556432510249413,5.492801377183516,5.556432510249413,5.436900687645554,5.4913863833134435,5.691472109544879,5.556432510249413,5.515758459652038,5.5069461511914515
RRF,"Wrightington, Wigan and Leigh Teaching Hospitals NHS Foundation Trust",Acute&Acute Community Trusts,5.069891020729649,5.112599007635354,5.069891020729649,5.103759406301036,5.2144718064147035,5.114344908655336,5.069891020729649,5.060146580643249,5.083883464248122
RRJ,The Royal Orthopaedic Hospital NHS Foundation Trust,Acute Specialist Trusts,5.396569316518204,5.37574034569773,5.396569316518204,5.360432686059931,5.470226370958282,5.459463568204189,5.396569316518204,5.386707558360891,5.405149477905341
RRK,University Hospitals Birmingham NHS Foundation Trust,Acute&Acute Community Trusts,4.831559682356519,4.853940022827912,4.831559682356519,4.683846700078729,4.794559100192397,4.930001571570822,4.831559682356519,4.857564943026088,4.85541718030484
RRU,London Ambulance Service NHS Trust,Ambulance Trusts,4.390425310102769,4.341156457540043,4.390425310102769,4.268679920035824,4.400104585941257,4.590410474621309,4.390425310102769,4.4013185088152955,4.405553670480938
RRV,University College London Hospitals NHS Foundation Trust,Acute&Acute Community Trusts,5.108178803552846,5.123445921128075,5.108178803552846,4.959464182194514,5.070176582308181,5.258767068153421,5.108178803552846,5.092691196042966,5.087891774015593
RT1,Cambridgeshire and Peterborough NHS Foundation Trust,"MH&LD, MH, LD&Community Trusts",5.263638971950048,5.214530648904086,5.263638971950048,5.148596306237742,5.203082001905631,5.411814327535523,5.263638971950048,5.266883952097577,5.26571519051693
RT2,Pennine Care NHS Foundation Trust,"MH&LD, MH, LD&Community Trusts",5.427483881690262,5.084956316286448,5.427483881690262,5.294227857974778,5.348713553642667,5.523345772584516,5.427483881690262,5.406152125376759,5.382064927158548
RT5,Leicestershire Partnership NHS Trust,"MH&LD, MH, LD&Community Trusts",5.419395611760568,5.302391085619033,5.419395611760568,5.21756413882943,5.27204983449732,5.525747493489546,5.419395611760568,5.39927709593652,5.372596045647155
RTD,The Newcastle upon Tyne Hospitals NHS Foundation Trust,Acute&Acute Community Trusts,4.956013954880379,4.908755725049063,4.956013954880379,4.860480281944648,4.971192682058315,4.984918408268605,4.956013954880379,4.963351074671369,4.959732724326495
RTE,Gloucestershire Hospitals NHS Foundation Trust,Acute&Acute Community Trusts,4.96675326279215,4.890723767293038,4.96675326279215,4.736640844058787,4.847353244172454,5.092020008001974,4.96675326279215,4.972479486396374,4.959317183143537
RTF,Northumbria Healthcare NHS Foundation Trust,Acute&Acute Community Trusts,5.300130677785782,5.334685094112513,5.300130677785782,5.296053764153212,5.40676616426688,5.361543647197682,5.300130677785782,5.255850289140962,5.2597298750141475
RTG,University Hospitals of Derby and Burton NHS Foundation Trust,Acute&Acute Community Trusts,4.920896689464327,4.700766891568371,4.920896689464327,4.8276905549224916,4.938402955036159,4.983957056538241,4.920896689464327,4.933501399067725,4.9324436281415345
RTH,Oxford University Hospitals NHS Foundation Trust,Acute&Acute Community Trusts,5.092710766862068,5.015744748237001,5.092710766862068,5.055200296416677,5.165912696530344,5.199060372792711,5.092710766862068,5.079543364855805,5.085907711549591
RTK,Ashford and St Peter's Hospitals NHS Foundation Trust,Acute&Acute Community Trusts,5.238335019882773,5.199553203410994,5.238335019882773,5.087584152278758,5.198296552392426,5.28464157574373,5.238335019882773,5.203323979923404,5.177855982494633
RTP,Surrey and Sussex Healthcare NHS Trust,Acute&Acute Community Trusts,5.0729869182302,5.102570717597517,5.0729869182302,5.0258804982111265,5.1365928983247935,5.042494148160706,5.0729869182302,5.062778093518717,5.060601064695529
RTQ,Gloucestershire Health and Care NHS Foundation Trust,"MH&LD, MH, LD&Community Trusts",5.322224744779237,5.342545827403389,5.322224744779237,5.286426615657925,5.340912311325814,5.4297297861490215,5.322224744779237,5.316681859002387,5.324346055037551
RTR,South Tees Hospitals NHS Foundation Trust,Acute&Acute Community Trusts,4.908386473106454,4.694719841523346,4.908386473106454,4.8746006356213964,4.9853130357350635,4.974079641101848,4.908386473106454,4.922867715163533,4.937807423228569
RV3,Central and North West London NHS Foundation Trust,"MH&LD, MH, LD&Community Trusts",5.241977595643524,5.267583792774409,5.241977595643524,5.213661558732602,5.268147254400491,5.291263335285104,5.241977595643524,5.248471782237032,5.254320869120159
RV5,South London and Maudsley NHS Foundation Trust,"MH&LD, MH, LD&Community Trusts",5.143008230041699,5.23372767857308,5.143008230041699,5.176943531545674,5.231429227213563,5.16967818125336,5.143008230041699,5.164347821475481,5.184403218864178
RV9,Humber Teaching NHS Foundation Trust,"MH&LD, MH, LD&Community Trusts",5.406628469374933,5.354682762801523,5.406628469374933,5.317082471066293,5.371568166734182,5.5162783476568436,5.406628469374933,5.38842502490873,5.376609122061496
RVJ,North Bristol NHS Trust,Acute&Acute Community Trusts,5.135950699313206,5.120418105545482,5.135950699313206,4.907437125651018,5.018149525764686,5.351468380128148,5.135950699313206,5.116297307439272,5.109582590028917
RVN,Avon and Wiltshire Mental Health Partnership NHS Trust,"MH&LD, MH, LD&Community Trusts",5.382572357630344,5.384531203179384,5.382572357630344,5.283526115255316,5.338011810923206,5.475493013376795,5.382572357630344,5.367977329925829,5.354985977092184
RVR,Epsom and St Helier University Hospitals NHS Trust,Acute&Acute Community Trusts,5.211234574057401,5.07888721270503,5.211234574057401,5.030225778617276,5.140938178730944,5.3892012547645685,5.211234574057401,5.180288600971838,5.168146659209592
RVV,East Kent Hospitals University NHS Foundation Trust,Acute&Acute Community Trusts,4.804793486229744,4.707337575724052,4.804793486229744,4.7403810324433175,4.8510934325569846,4.912550248937855,4.804793486229744,4.834813676318329,4.843394230667684
RVW,North Tees and Hartlepool NHS Foundation Trust,Acute&Acute Community Trusts,5.167624072471496,5.071682008052067,5.167624072471496,5.1721698559787885,5.2828822560924555,5.271806561417327,5.167624072471496,5.143219674623819,5.161213242619115
RW4,Mersey Care NHS Foundation Trust,"MH&LD, MH, LD&Community Trusts",5.426422932127054,5.397887120779217,5.426422932127054,5.2961175194512276,5.350603215119118,5.481854604447841,5.426422932127054,5.405250318248033,5.3894184900351
RW5,Lancashire and South Cumbria NHS Foundation Trust,"MH&LD, MH, LD&Community Trusts",5.254986976636991,4.99738963698073,5.254986976636991,5.1938588424458985,5.2483445381137885,5.347937188859179,5.254986976636991,5.259529756081479,5.263450832114767
RWA,Hull University Teaching Hospitals NHS Trust,Acute&Acute Community Trusts,4.855404534718304,4.844735547181597,4.855404534718304,4.783114688395199,4.893827088508867,4.980579457579747,4.855404534718304,4.877833067533606,4.894319185747236
RWD,United Lincolnshire Teaching Hospitals NHS Trust,Acute&Acute Community Trusts,5.004028962388452,4.835903726669841,5.004028962388452,4.773026677656096,4.883739077769763,5.170409859470144,5.004028962388452,5.004163831053232,4.984004455354407
RWE,University Hospitals of Leicester NHS Trust,Acute&Acute Community Trusts,5.210777240385645,5.088574677427709,5.210777240385645,4.998358072861338,5.109070472975006,5.393505375969214,5.210777240385645,5.179899867350845,5.175324932266769
RWF,Maidstone and Tunbridge Wells NHS Trust,Acute&Acute Community Trusts,5.164937857933378,5.028469974349294,5.164937857933378,4.990440910915574,5.1011533110292415,5.2911690596162995,5.164937857933378,5.140936392266418,5.1270818819357835
RWG,West Hertfordshire Teaching Hospitals NHS Trust,Acute&Acute Community Trusts,4.959862040322792,5.007930886258658,4.959862040322792,4.898629767549008,5.009342167662675,4.997343519232271,4.959862040322792,4.966621947297421,4.970198265968532
RWH,East and North Hertfordshire Teaching NHS Trust,Acute&Acute Community Trusts,5.07298656721409,4.985845463685876,5.07298656721409,4.909292262110823,5.0200046622244905,5.134826298937793,5.07298656721409,5.062777795155023,5.046017309675376
RWJ,Stockport NHS Foundation Trust,Acute&Acute Community Trusts,5.080464058672002,5.078547348871322,5.080464058672002,4.9525555929813265,5.063267993094993,5.244233574322936,5.080464058672002,5.069133662894249,5.0702284693896775
RWP,Worcestershire Acute Hospitals NHS Trust,Acute&Acute Community Trusts,4.972311958820119,5.084149760111752,4.972311958820119,4.8178291447712125,4.92854154488488,5.0259486889483895,4.972311958820119,4.977204378020148,4.965293533926641
RWR,Hertfordshire Partnership University NHS Foundation Trust,"MH&LD, MH, LD&Community Trusts",5.311448340736091,5.290545915746015,5.311448340736091,5.242557503115074,5.297043198782963,5.361137967872734,5.311448340736091,5.307521915565714,5.297907867765335
RWV,Devon Partnership NHS Trust,"MH&LD, MH, LD&Community Trusts",5.253970156025284,5.150848773367359,5.253970156025284,5.219704194119494,5.274189889787383,5.304585355830289,5.253970156025284,5.258665458561528,5.263343688345166
RWW,Warrington and Halton Teaching Hospitals NHS Foundation Trust,Acute&Acute Community Trusts,5.275876852038445,5.022959859834748,5.275876852038445,5.134110626344144,5.244823026457812,5.371984240056738,5.275876852038445,5.235234537255725,5.213832118762044
RWX,Berkshire Healthcare NHS Foundation Trust,"MH&LD, MH, LD&Community Trusts",5.563431107109913,5.479052857231665,5.563431107109913,5.3964845752810735,5.450970270948963,5.638362310320532,5.563431107109913,5.521707266983463,5.48962009041805
RWY,Calderdale and Huddersfield NHS Foundation Trust,Acute&Acute Community Trusts,4.972580097563045,4.961405131725324,4.972580097563045,4.828270358511322,4.93898275862499,5.213462125421307,4.972580097563045,4.977432295951636,4.988150988685337
RX1,Nottingham University Hospitals NHS Trust,Acute&Acute Community Trusts,4.864542341511533,4.792989492781167,4.864542341511533,4.776560690535897,4.887273090649564,4.972378819207601,4.864542341511533,4.88560020330785,4.89080734612071
RX3,"Tees, Esk and Wear Valleys NHS Foundation Trust","MH&LD, MH, LD&Community Trusts",5.217376143050863,5.232867226165322,5.217376143050863,5.149399985302478,5.203885680970368,5.314194311586398,5.217376143050863,5.227560547533271,5.22981837140493
RX4,"Cumbria, Northumberland, Tyne and Wear NHS Foundation Trust","MH&LD, MH, LD&Community Trusts",5.286799389984616,5.183384223459021,5.286799389984616,5.316930434720624,5.371416130388514,5.3165454004581125,5.286799389984616,5.2865703074269605,5.297482616452509
RX6,North East Ambulance Service NHS Foundation Trust,Ambulance Trusts,4.673213302040597,4.819953405973823,4.673213302040597,4.517418311239559,4.648842977144993,4.913292134027144,4.673213302040597,4.641688301962449,4.626354631014725
RX7,North West Ambulance Service NHS Trust,Ambulance Trusts,4.638848420321269,4.631999956273279,4.638848420321269,4.447366667801534,4.578791333706969,4.809216228654308,4.638848420321269,4.612478152501021,4.594004805304868
RX8,Yorkshire Ambulance Service NHS Trust,Ambulance Trusts,4.567890366309248,4.668542754845065,4.567890366309248,4.344183606372444,4.475608272277878,4.7330955563806825,4.567890366309248,4.552163806590803,4.527390140514659
RX9,East Midlands Ambulance Service NHS Trust,Ambulance Trusts,4.558382224275795,4.426384668562666,4.558382224275795,4.439231432697236,4.57065609860267,4.624050327911605,4.558382224275795,4.544081885862369,4.530149488963205
RXA,Cheshire and Wirral Partnership NHS Foundation Trust,"MH&LD, MH, LD&Community Trusts",5.44221036457447,5.283120533762209,5.44221036457447,5.380276947672531,5.434762643340421,5.5814844112920685,5.44221036457447,5.418669635828336,5.4144769750228585
RXC,East Sussex Healthcare NHS Trust,Acute&Acute Community Trusts,4.931552025612385,4.862101054215843,4.931552025612385,4.924064251490339,5.034776651604007,4.96470521136388,4.931552025612385,4.9425584347935745,4.955825137591578
RXE,Rotherham Doncaster and South Humber NHS Foundation Trust,"MH&LD, MH, LD&Community Trusts",5.289329944266989,5.137412598539744,5.289329944266989,5.345190389976202,5.399676085644092,5.378818419893135,5.289329944266989,5.288721278566977,5.316241442429194
RXF,Mid Yorkshire Teaching NHS Trust,Acute&Acute Community Trusts,4.856837600149817,4.906352721523762,4.856837600149817,4.849792644071048,4.960505044184715,4.908721143020996,4.856837600149817,4.879051173150391,4.894442558554059
RXG,South West Yorkshire Partnership NHS Foundation Trust,"MH&LD, MH, LD&Community Trusts",5.489497761471391,5.46329566174571,5.489497761471391,5.424057579957177,5.478543275625067,5.5640778405505955,5.489497761471391,5.458863923190719,5.450205227784866
RXK,Sandwell and West Birmingham Hospitals NHS Trust,Acute&Acute Community Trusts,5.123696860743315,4.881423056536682,5.123696860743315,4.895545213047634,5.006257613161302,5.247348011280597,5.123696860743315,5.105881544654864,5.076158221729619
RXM,Derbyshire Healthcare NHS Foundation Trust,"MH&LD, MH, LD&Community Trusts",5.423213753665742,5.29347494412795,5.423213753665742,5.403766705215011,5.4582524008829,5.408302009533161,5.423213753665742,5.402522516555917,5.39482103457787
RXN,Lancashire Teaching Hospitals NHS Foundation Trust,Acute&Acute Community Trusts,4.987236286843261,4.936817949284272,4.987236286843261,5.017772073403393,5.12848447351706,5.119356581590405,4.987236286843261,4.989890056839819,5.016043691253266
RXP,County Durham and Darlington NHS Foundation Trust,Acute&Acute Community Trusts,4.916924245348725,4.798991510260922,4.916924245348725,4.777594794035041,4.888307194148709,5.107082533631954,4.916924245348725,4.930124821569463,4.9379125802042525
RXQ,Buckinghamshire Healthcare NHS Trust,Acute&Acute Community Trusts,5.250340524831728,5.262749347041431,5.250340524831728,5.094489380591896,5.205201780705563,5.39991338691342,5.250340524831728,5.213528659130016,5.20351859442909
RXV,Greater Manchester Mental Health NHS Foundation Trust,"MH&LD, MH, LD&Community Trusts",5.185524992149454,5.07669374944278,5.185524992149454,5.009302786871395,5.063788482539285,5.222846043938944,5.185524992149454,5.200487069267073,5.18292281830402
RXW,The Shrewsbury and Telford Hospital NHS Trust,Acute&Acute Community Trusts,4.903996949956488,4.889983833464849,4.903996949956488,4.749813521246724,4.860525921360391,5.095339127777699,4.903996949956488,4.919136620486062,4.9249135929197285
RXX,Surrey and Borders Partnership NHS Foundation Trust,"MH&LD, MH, LD&Community Trusts",5.256186332933384,5.152875156509391,5.256186332933384,5.369158109265767,5.423643804933656,5.251441558745084,5.256186332933384,5.260549208933413,5.296322700956934
RXY,Kent and Medway NHS and Social Care Partnership Trust,"MH&LD, MH, LD&Community Trusts",5.234837293529775,5.15532916409753,5.234837293529775,5.224845700305276,5.279331395973165,5.241942945761977,5.234837293529775,5.242402525440346,5.249089524374641
RY2,Bridgewater Community Healthcare NHS Foundation Trust,Community Trusts,5.43715588496433,4.787480268060491,5.43715588496433,5.314203425464728,5.441488972222752,5.604900739613992,5.43715588496433,5.421212017137345,5.420318336433398
RY3,Norfolk Community Health and Care NHS Trust,Community Trusts,5.210090710652092,5.162657590214402,5.210090710652092,5.166790873114619,5.294076419872642,5.335970613804588,5.210090710652092,5.228206618971942,5.256818982874433
RY4,Hertfordshire Community NHS Trust,Community Trusts,5.534554834523923,5.428005953039109,5.534554834523923,5.3048066621723695,5.432092208930393,5.705426726978295,5.534554834523923,5.504001124262999,5.471190129524136
RY5,Lincolnshire Community Health Services NHS Trust,Community Trusts,5.242185298516417,4.981026326870255,5.242185298516417,5.198697161411444,5.325982708169468,5.314439099134218,5.242185298516417,5.255487018656619,5.2802964198062465
RY6,Leeds Community Healthcare NHS Trust,Community Trusts,5.157537914258876,5.157750508980817,5.157537914258876,5.008955800652815,5.13624134741084,5.3845095622703685,5.157537914258876,5.183536742037709,5.199401596068538
RY7,Wirral Community Health and Care NHS Foundation Trust,Community Trusts,5.118740002345965,4.985023674415926,5.118740002345965,5.0164201974411,5.143705744199123,5.311250834147825,5.118740002345965,5.150558516911734,5.192681735164722
RY8,Derbyshire Community Health Services NHS Foundation Trust,Community Trusts,5.414669892801422,5.261948301204113,5.414669892801422,5.324780039212982,5.452065585971004,5.51299149892983,5.414669892801422,5.402098923798873,5.402431119604164
RYA,West Midlands Ambulance Service University NHS Foundation Trust,Ambulance Trusts,4.390813168017422,4.18304018399615,4.390813168017422,4.182489795281035,4.313914461186469,4.512778777246921,4.390813168017422,4.401648188042751,4.386610372620042
RYC,East of England Ambulance Service NHS Trust,Ambulance Trusts,4.378413772101289,4.296127630326422,4.378413772101289,4.087951802225247,4.2193764681306805,4.670220586337743,4.378413772101289,4.391108701514038,4.372898102508049
RYD,South East Coast Ambulance Service NHS Foundation Trust,Ambulance Trusts,4.474748851884684,4.44372913058889,4.474748851884684,4.151873249999939,4.283297915905372,4.735270905599205,4.474748851884684,4.472993519329924,4.446554452473583
RYE,South Central Ambulance Service NHS Foundation Trust,Ambulance Trusts,4.2532304376468,4.199644467173298,4.2532304376468,4.22708439146585,4.3585090573712835,4.486016817257486,4.2532304376468,4.284702867227723,4.322962005814843
RYF,South Western Ambulance Service NHS Foundation Trust,Ambulance Trusts,4.322213627981336,4.312599288113916,4.322213627981336,4.249202253259661,4.380626919165094,4.405822420292405,4.322213627981336,4.3433385790120775,4.346616696092949
RYG,Coventry and Warwickshire Partnership NHS Trust,"MH&LD, MH, LD&Community Trusts",5.226126483510829,5.141790707081871,5.226126483510829,5.18337984264386,5.237865538311749,5.263349537251459,5.226126483510829,5.234998336924241,5.2388007960342255
RYJ,Imperial College Healthcare NHS Trust,Acute&Acute Community Trusts,5.070966610386224,5.041157508859828,5.070966610386224,4.973408661901159,5.084121062014827,5.156263672420176,5.070966610386224,5.0610608318513375,5.058677279951398
RYR,University Hospitals Sussex NHS Foundation Trust,Acute&Acute Community Trusts,4.81176276775104,4.940444545937948,4.81176276775104,4.697337869478855,4.808050269592523,4.907319496978903,4.81176276775104,4.840737565611431,4.843067965700523
RYV,Cambridgeshire Community Services NHS Trust,Community Trusts,5.407176207977517,5.351619011670061,5.407176207977517,5.363135892880301,5.490421439638325,5.484203718533713,5.407176207977517,5.3957292916985535,5.404665425226664
RYW,Birmingham Community Healthcare NHS Foundation Trust,Community Trusts,5.053469606185783,5.065094024883836,5.053469606185783,4.9141890225729785,5.041474569331003,5.1271108433590316,5.053469606185783,5.09507868017558,5.098591444626899
RYX,Central London Community Healthcare NHS Trust,Community Trusts,5.415337949347848,5.293368715678552,5.415337949347848,5.318100387419006,5.445385934177029,5.46766387253723,5.415337949347848,5.402666771863335,5.398368926247689
RYY,Kent Community Health NHS Foundation Trust,Community Trusts,5.447393414271627,5.471020034607948,5.447393414271627,5.314231972709898,5.441517519467922,5.571162104617763,5.447393414271627,5.429913917048546,5.424987282283384
TAD,Bradford District Care NHS Foundation Trust,"MH&LD, MH, LD&Community Trusts",5.345447385358881,5.329497592539193,5.345447385358881,5.2303129311211265,5.284798626789016,5.422222560176753,5.345447385358881,5.336421103495085,5.31596902262626
TAH,Sheffield Health and Social Care NHS Foundation Trust,"MH&LD, MH, LD&Community Trusts",5.117706983001924,5.083478674010145,5.117706983001924,4.97742220220336,5.03190789787125,5.203682171044088,5.117706983001924,5.142841761491672,5.1325187004934225
TAJ,Black Country Healthcare NHS Foundation Trust,"MH&LD, MH, LD&Community Trusts",4.974179641919891,4.959776905243845,4.974179641919891,5.087823570091931,5.142309265759821,5.0433762790891326,4.974179641919891,5.020843521571944,5.089788533187856
