org_code,year,release_vintage,historical_value,value_in_2025_release,difference
R0A,2021,2023,4.758855560599172,4.749174405728319,0.009681154870852637
R0A,2022,2023,4.690112550376105,4.679506522661012,0.010606027715092559
R0A,2023,2023,4.994150924995594,4.985225480910082,0.008925444085511991
R0B,2021,2023,4.806393676876966,4.796938966064039,0.009454710812926592
R0B,2022,2023,4.914752175359185,4.904484216960129,0.010267958399055921
R0B,2023,2023,5.162408948554219,5.151763096178152,0.010645852376066856
R0D,2021,2023,4.744275633362739,4.734074079743278,0.010201553619460846
R0D,2022,2023,4.71668707050082,4.705690445528662,0.010996624972158031
R0D,2023,2023,5.026059328081622,5.018241535937349,0.007817792144273028
R1A,2021,2023,5.084444361327082,5.073321471551341,0.011122889775741385
R1A,2022,2023,4.978735939265279,4.971107170080928,0.007628769184351292
R1A,2023,2023,5.189194657017849,5.18200156003518,0.007193096982669012
R1D,2021,2023,4.868077254854649,4.850312384561,0.01776487029364926
R1D,2022,2023,4.939257122807216,4.920668606869033,0.018588515938183114
R1D,2023,2023,5.050482600326269,5.03679190398577,0.013690696340499464
R1F1,2021,2023,4.863197297382143,4.855042540268514,0.008154757113629785
R1F1,2022,2023,4.822883348432256,4.811122505705582,0.011760842726673992
R1F1,2023,2023,4.99658352266438,4.990372194916533,0.006211327747847051
R1F2,2021,2023,4.628020262436105,4.596641056238289,0.03137920619781642
R1F2,2022,2023,4.76537791967258,4.721256576489108,0.044121343183471495
R1F2,2023,2023,5.146073395960946,5.122841451652533,0.0232319443084128
R1H,2021,2023,4.720407180494567,4.712330816182948,0.008076364311619066
R1H,2022,2023,4.599216332582264,4.590603264754893,0.008613067827370813
R1H,2023,2023,4.856383210232393,4.848987628052231,0.007395582180162563
R1K,2021,2023,4.920147336119777,4.911367822836596,0.008779513283181828
R1K,2022,2023,4.873281877171583,4.862126346082243,0.011155531089340087
R1K,2023,2023,5.144317306439695,5.139186874831388,0.005130431608306729
R1L,2021,2023,5.264993371198465,5.250330276864894,0.014663094333571713
R1L,2022,2023,5.167401292163467,5.155059229049764,0.012342063113703006
R1L,2023,2023,5.355946595781727,5.344889137519906,0.011057458261821473
RA2,2021,2023,4.947809060324776,4.938833390910246,0.008975669414529541
RA2,2022,2023,4.792535186931184,4.783144264161864,0.009390922769320298
RA2,2023,2023,5.068523226233966,5.058197301537764,0.010325924696201305
RA7,2021,2023,4.782260526968157,4.772099811190353,0.010160715777804086
RA7,2022,2023,4.845556660936875,4.834182247598473,0.011374413338402611
RA7,2023,2023,5.168544662421485,5.157730212168446,0.010814450253038288
RAE,2021,2023,4.68431110759414,4.673563430955869,0.010747676638271031
RAE,2022,2023,4.874570740171206,4.863772104966956,0.010798635204250395
RAE,2023,2023,5.005542252202052,4.997521476909426,0.00802077529262668
RAJ,2021,2023,4.5362667788267,4.527004567013432,0.009262211813268806
RAJ,2022,2023,4.455198646972318,4.442473527260018,0.012725119712299282
RAJ,2023,2023,4.774956969127147,4.764900010016129,0.010056959111017783
RAN,2021,2023,5.242522071780165,5.244732695247051,-0.0022106234668859415
RAN,2022,2023,5.26493292672471,5.269679609617995,-0.004746682893284948
RAN,2023,2023,5.320568805329684,5.321516017650881,-0.0009472123211970995
RAS,2021,2023,4.846196113295925,4.841495617818583,0.004700495477341526
RAS,2022,2023,4.829334729858871,4.821644885418007,0.007689844440863958
RAS,2023,2023,5.026844959926941,5.02067013438047,0.0061748255464708635
RAT,2021,2023,5.261354941136913,5.251771171207065,0.009583769929847996
RAT,2022,2023,5.244733007645533,5.234142023609635,0.010590984035897755
RAT,2023,2023,5.31161103965459,5.299924127535141,0.0116869121194485
RBD,2021,2023,4.909868980279568,4.9013773481853,0.008491632094267842
RBD,2022,2023,4.776812857177621,4.767645881670496,0.009166975507125308
RBD,2023,2023,5.020085247839139,5.012415512591931,0.007669735247207932
RBK,2021,2023,4.658064921591868,4.650620117818959,0.007444803772909125
RBK,2022,2023,4.826017385361581,4.820320241412042,0.005697143949539019
RBK,2023,2023,4.85676374249713,4.850732963657531,0.006030778839599016
RBL,2021,2023,4.897216646580247,4.88588328097764,0.011333365602607337
RBL,2022,2023,4.819254669008402,4.80953640092116,0.009718268087242521
RBL,2023,2023,4.876234073348373,4.867069584824431,0.009164488523941472
RBQ,2021,2023,5.351944800593652,5.353641469033353,-0.0016966684397008436
RBQ,2022,2023,5.445935997770534,5.449757052288631,-0.003821054518097
RBQ,2023,2023,5.719471883481666,5.723465057218697,-0.003993173737031341
RBS,2021,2023,5.01564068919683,5.007952674495101,0.00768801470172864
RBS,2022,2023,4.944247515855196,4.938359994321461,0.005887521533734841
RBS,2023,2023,5.111175399166981,5.107386826731999,0.003788572434981319
RBT,2021,2023,4.917620812794295,4.907497993798168,0.010122818996126881
RBT,2022,2023,4.891855385232141,4.882713182777685,0.009142202454455628
RBT,2023,2023,5.238004686196851,5.229420654719102,0.008584031477748333
RBV,2021,2023,5.044647255502737,5.046410641614504,-0.0017633861117669625
RBV,2022,2023,5.115696850205532,5.12229982205826,-0.00660297185272718
RBV,2023,2023,5.305521519048846,5.30410266396007,0.0014188550887759277
RC9,2021,2023,4.77115990323263,4.761036028111508,0.010123875121122339
RC9,2022,2023,4.776481538259034,4.766217157259204,0.01026438099983018
RC9,2023,2023,5.013601033061672,5.004918845863357,0.008682187198314928
RCB,2021,2023,4.753398473473426,4.743934958284653,0.009463515188772753
RCB,2022,2023,4.720646684413238,4.711582445513709,0.009064238899529009
RCB,2023,2023,4.860966124160224,4.852111623397534,0.008854500762689455
RCD,2021,2023,4.733172800064338,4.72173676996282,0.01143603010151839
RCD,2022,2023,4.956135594282025,4.945785987349407,0.010349606932617661
RCD,2023,2023,5.203639210525661,5.196616624298439,0.007022586227221517
RCF,2021,2023,5.103690402175727,5.091882680726232,0.011807721449494935
RCF,2022,2023,5.042307418452224,5.029521186309714,0.012786232142509846
RCF,2023,2023,5.068509790697874,5.059497685111248,0.009012105586625907
RCU,2021,2023,4.899899238119196,4.88762864620215,0.012270591917046048
RCU,2022,2023,4.939439712781973,4.92732555066065,0.012114162121322991
RCU,2023,2023,5.120210414197664,5.115228614834801,0.004981799362862915
RCX,2021,2023,4.570371403575103,4.564933798827715,0.005437604747387859
RCX,2022,2023,4.66685826001918,4.659386240065665,0.007472019953515208
RCX,2023,2023,4.890852514567234,4.885107394142246,0.005745120424988315
RD1,2021,2023,4.76229048100821,4.751047494521112,0.011242986487098428
RD1,2022,2023,4.688481394737455,4.679564021973571,0.008917372763884046
RD1,2023,2023,4.96680113339255,4.959601890907884,0.00719924248466608
RD8,2021,2023,4.955517432223779,4.941807696417809,0.013709735805970347
RD8,2022,2023,4.982847122689182,4.971323166295756,0.011523956393426182
RD8,2023,2023,5.117492434359958,5.106136652766651,0.011355781593307412
RDE,2021,2023,4.73313673916087,4.721111978769326,0.012024760391544653
RDE,2022,2023,4.746566267094447,4.734100909514378,0.012465357580068392
RDE,2023,2023,4.998233055443656,4.987204602550461,0.01102845289319454
RDR,2021,2023,5.19417155383959,5.178880557410732,0.015290996428857895
RDR,2022,2023,5.235805378632572,5.220379677349811,0.015425701282760329
RDR,2023,2023,5.494647771531131,5.482160331245555,0.012487440285576135
RDU,2021,2023,4.850855657187525,4.839168878422871,0.011686778764653738
RDU,2022,2023,4.822170751682302,4.809418829766971,0.012751921915331366
RDU,2023,2023,5.134092306134286,5.122708549398665,0.011383756735621198
RDY,2021,2023,5.341049839918019,5.330148158110468,0.010901681807550467
RDY,2022,2023,5.3091648176393,5.294529119232099,0.01463569840720158
RDY,2023,2023,5.422807776125705,5.410262907814083,0.012544868311621826
REF,2021,2023,4.75819266959113,4.748642267129509,0.00955040246162131
REF,2022,2023,4.732988439534011,4.720507241340084,0.012481198193926346
REF,2023,2023,4.980724349091603,4.969926258831205,0.010798090260397686
REM,2021,2023,4.762307123681439,4.751930221200583,0.01037690248085621
REM,2022,2023,4.693586874786781,4.68147124243733,0.012115632349450678
REM,2023,2023,5.029670410747702,5.022596462239616,0.007073948508085515
REN,2021,2023,5.155551440458961,5.162462854957068,-0.006911414498107504
REN,2022,2023,5.233838616785439,5.241544480951959,-0.007705864166520193
REN,2023,2023,5.439727445484563,5.446171466193752,-0.006444020709188258
REP,2021,2023,4.979193877018004,4.975701535056141,0.0034923419618637652
REP,2022,2023,4.957643053661322,4.964040189216081,-0.006397135554759181
REP,2023,2023,5.086119227524592,5.090223347578175,-0.00410412005358296
RET,2021,2023,5.170880191913785,5.180730143670809,-0.0098499517570243
RET,2022,2023,5.234625764610481,5.235022127628102,-0.00039636301762069337
RET,2023,2023,5.320172420604154,5.322116617348914,-0.001944196744759985
RF4,2021,2023,4.66439735220044,4.657606162753964,0.006791189446475165
RF4,2022,2023,4.700577521236721,4.689659678632206,0.010917842604515116
RF4,2023,2023,4.757883884819303,4.750859623149675,0.007024261669627663
RFF,2021,2023,4.957276401233731,4.946326025170356,0.010950376063375344
RFF,2022,2023,5.032698926009358,5.017642074560101,0.01505685144925728
RFF,2023,2023,5.254530819454101,5.238106064343751,0.01642475511035002
RFR,2021,2023,4.78625816051651,4.775425331879525,0.010832828636985425
RFR,2022,2023,4.915948267473127,4.904808809976496,0.0111394574966317
RFR,2023,2023,5.128367400160893,5.121828844847705,0.006538555313187366
RFS,2021,2023,4.942049097534896,4.935860062794004,0.006189034740891941
RFS,2022,2023,4.984751708640646,4.976763863436148,0.007987845204497468
RFS,2023,2023,5.260902215939883,5.254333293494313,0.006568922445569392
RGD,2021,2023,5.193487095279632,5.180537531855853,0.012949563423779509
RGD,2022,2023,5.12449474575852,5.110123300831251,0.01437144492726894
RGD,2023,2023,5.371327775749858,5.36003553296598,0.011292242783878415
RGM,2021,2023,4.931952895207205,4.939799798708673,-0.007846903501468105
RGM,2022,2023,4.839604443667245,4.847850893933003,-0.008246450265758654
RGM,2023,2023,5.051741006411141,5.056055206319481,-0.004314199908340477
RGN,2021,2023,4.601143200225667,4.591147729853075,0.00999547037259152
RGN,2022,2023,4.50908125869424,4.497712936090203,0.01136832260403775
RGN,2023,2023,4.733193433453836,4.723569206054018,0.009624227399818608
RGP,2021,2023,4.850937103155973,4.841402255237735,0.009534847918237332
RGP,2022,2023,4.609078737392818,4.599756989974562,0.009321747418256088
RGP,2023,2023,4.794381128325491,4.784817672369574,0.009563455955917455
RGR,2021,2023,4.811837165865244,4.799286216343162,0.012550949522081467
RGR,2022,2023,4.828532737432513,4.815883200634611,0.012649536797902705
RGR,2023,2023,5.075576544759662,5.064995589859896,0.010580954899766404
RGT,2021,2023,4.789857006495897,4.777812867280604,0.012044139215293015
RGT,2022,2023,4.714020374030556,4.701248027285095,0.012772346745461682
RGT,2023,2023,4.895741399500053,4.883766552990063,0.01197484650998959
RHA,2021,2023,5.092535703055004,5.076341477014243,0.016194226040760817
RHA,2022,2023,5.099771062987617,5.085280629262475,0.01449043372514236
RHA,2023,2023,5.121058079477253,5.110917231362511,0.010140848114741807
RHM,2021,2023,4.986578001966788,4.976468394050953,0.010109607915834928
RHM,2022,2023,4.985671786791452,4.974836942232954,0.010834844558498702
RHM,2023,2023,5.127370956647176,5.118156129320304,0.009214827326871955
RHQ,2021,2023,4.793567970140073,4.782273118677486,0.011294851462587019
RHQ,2022,2023,4.783256874718752,4.773075015667269,0.0101818590514835
RHQ,2023,2023,4.889180268938996,4.881694533157233,0.007485735781763481
RHU,2021,2023,4.815161023235165,4.806509465091321,0.008651558143843552
RHU,2022,2023,4.682512823275994,4.671117728526774,0.011395094749220291
RHU,2023,2023,4.954402178473863,4.946399391495998,0.008002786977865384
RHW,2021,2023,5.047274059666587,5.037632757894656,0.009641301771931232
RHW,2022,2023,5.075843208318458,5.063048902299584,0.012794306018874657
RHW,2023,2023,5.219493349416752,5.211150455121758,0.008342894294994352
RJ1,2021,2023,4.914809350695994,4.903581219035148,0.011228131660845797
RJ1,2022,2023,4.837981848398115,4.827673064744009,0.010308783654106257
RJ1,2023,2023,4.862894450751266,4.85274859169586,0.010145859055405992
RJ2,2021,2023,4.766450445191476,4.757477746355919,0.008972698835557402
RJ2,2022,2023,4.879014005317544,4.870461020288763,0.008552985028781102
RJ2,2023,2023,4.981985019210205,4.975956953785263,0.006028065424941609
RJ6,2021,2023,4.796793421993896,4.792155070787834,0.004638351206061486
RJ6,2022,2023,4.912810898137416,4.907961057808782,0.004849840328634336
RJ6,2023,2023,5.008963119643391,5.004736540549434,0.00422657909395685
RJ7,2021,2023,4.714639422924471,4.703634630035145,0.011004792889325543
RJ7,2022,2023,4.776065290071762,4.765964261834013,0.01010102823774961
RJ7,2023,2023,4.884167264044439,4.876565380047661,0.0076018839967781915
RJ8,2021,2023,4.821092437081851,4.807896321206806,0.013196115875044434
RJ8,2022,2023,4.901484381753764,4.880303244110661,0.021181137643102588
RJ8,2023,2023,5.095949917412666,5.08083108675839,0.015118830654276216
RJC,2021,2023,4.981018030666342,4.970014110980732,0.011003919685609986
RJC,2022,2023,5.043046303000206,5.034211884159803,0.008834418840402591
RJC,2023,2023,5.150229553536509,5.141297796994423,0.008931756542085445
RJE,2021,2023,4.641412895479326,4.628860704050523,0.012552191428802928
RJE,2022,2023,4.577811611071141,4.563336971552605,0.014474639518535781
RJE,2023,2023,4.957987733091135,4.94417689332901,0.013810839762125049
RJL,2021,2023,4.675962409357321,4.666954172171362,0.009008237185958556
RJL,2022,2023,4.690612208655654,4.68112269043815,0.009489518217503878
RJL,2023,2023,4.974448533793621,4.96320560833311,0.0112429254605102
RJN,2021,2023,4.947104616532544,4.933244169437406,0.013860447095138007
RJN,2022,2023,4.890720325619258,4.876855578510404,0.01386474710885377
RJN,2023,2023,5.014351010845563,5.004354796145481,0.009996214700081829
RJR,2021,2023,4.489966788496808,4.478896087180066,0.011070701316742593
RJR,2022,2023,4.638911962676648,4.627329563530619,0.011582399146028877
RJR,2023,2023,4.72029513763277,4.710503625551072,0.009791512081697817
RJZ,2021,2023,4.707617078636925,4.69665603504794,0.010961043588985753
RJZ,2022,2023,4.59224501720763,4.581308860504865,0.010936156702765487
RJZ,2023,2023,4.65266721501709,4.643573249830462,0.009093965186627528
RK5,2021,2023,5.018347874135028,5.010355540133228,0.007992334001800216
RK5,2022,2023,4.977111061670272,4.969034113730153,0.008076947940119261
RK5,2023,2023,5.228434454314394,5.222162288471313,0.006272165843081545
RK9,2021,2023,4.609004620443678,4.595804956358835,0.013199664084843299
RK9,2022,2023,4.599843595335436,4.586870529990546,0.012973065344890067
RK9,2023,2023,4.93768222255877,4.927082674707688,0.010599547851081859
RKB,2021,2023,4.662001389309413,4.656038214352809,0.005963174956604256
RKB,2022,2023,4.736542773100568,4.728451196760284,0.008091576340283346
RKB,2023,2023,4.850157689294933,4.843356253107672,0.0068014361872617
RKE,2021,2023,4.821741717653791,4.815180090101844,0.006561627551946891
RKE,2022,2023,4.792886726208255,4.784687426257709,0.00819929995054558
RKE,2023,2023,4.931079047229178,4.925288676916416,0.005790370312761972
RKL,2021,2023,5.356414147334752,5.348273284197219,0.008140863137533039
RKL,2022,2023,5.187350457616387,5.175293675552847,0.01205678206353955
RKL,2023,2023,5.330375509601212,5.319156697713258,0.011218811887953706
RL1,2021,2023,5.160054610178109,5.167140829185557,-0.0070862190074487685
RL1,2022,2023,5.043963490535083,5.049037862436894,-0.0050743719018102595
RL1,2023,2023,5.437446158195932,5.444232022457463,-0.006785864261530605
RL4,2021,2023,5.021349696589648,5.008849346344241,0.012500350245407077
RL4,2022,2023,4.948637531890872,4.934977417080917,0.013660114809955104
RL4,2023,2023,4.997069172373537,5.039510926272897,-0.04244175389936
RLQ,2021,2023,4.950361953104416,4.940761046532138,0.009600906572277523
RLQ,2022,2023,4.893086558166888,4.881905884562086,0.011180673604801683
RLQ,2023,2023,5.073460183921985,5.064208991676036,0.009251192245948836
RLT,2021,2023,4.709972769945014,4.700753622724186,0.009219147220828283
RLT,2022,2023,4.718861675846197,4.713326699896249,0.00553497594994834
RLT,2023,2023,5.079952569067819,5.073300908924342,0.0066516601434774
RLY,2021,2023,5.386003547283746,5.378157516876644,0.007846030407102411
RLY,2022,2023,5.469405669616652,5.460494144355031,0.0089115252616212
RLY,2023,2023,5.540849108169172,5.533987193205633,0.006861914963539384
RM1,2021,2023,4.411781909904461,4.401514857937998,0.010267051966462937
RM1,2022,2023,4.353996367990258,4.342415875339653,0.011580492650605123
RM1,2023,2023,4.687744359522527,4.677221240415157,0.01052311910736936
RMC,2021,2023,5.023382931415979,5.016624012606997,0.0067589188089813845
RMC,2022,2023,4.872580106031523,4.865721955299153,0.00685815073236995
RMC,2023,2023,4.939217484935593,4.932142742535529,0.007074742400064338
RMP,2021,2023,4.767369164294577,4.753456303079444,0.013912861215132466
RMP,2022,2023,4.984490514639377,4.975043764138065,0.009446750501312273
RMP,2023,2023,5.152552861781677,5.143006030168663,0.009546831613014284
RMY,2021,2023,4.888970917264519,4.869895880902629,0.01907503636189034
RMY,2022,2023,4.929666607083458,4.914124403209946,0.015542203873512683
RMY,2023,2023,5.027412762678839,5.016808593517169,0.010604169161670285
RN3,2021,2023,4.649660049696131,4.640109557920728,0.00955049177540257
RN3,2022,2023,4.763850397934127,4.7569745008986,0.006875897035526712
RN3,2023,2023,5.012202746659799,5.001740209314139,0.010462537345659939
RN5,2021,2023,4.807299805071988,4.797502638027316,0.00979716704467215
RN5,2022,2023,4.822844819366148,4.811322445194485,0.011522374171662797
RN5,2023,2023,4.962249385919161,4.95418438198161,0.008065003937551829
RN7,2021,2023,4.985656316615211,4.979058182478219,0.006598134136991618
RN7,2022,2023,4.98039253291151,4.970138728953146,0.010253803958363505
RN7,2023,2023,5.023105460546254,5.016465950196181,0.006639510350073152
RNA,2021,2023,4.630392694295922,4.622337824871331,0.00805486942459055
RNA,2022,2023,4.674747084114255,4.666455218348557,0.00829186576569807
RNA,2023,2023,4.797197855235142,4.789203402672055,0.007994452563086618
RNK,2021,2023,4.899135775470032,4.89042051824901,0.008715257221022732
RNK,2022,2023,4.719921399767111,4.713108468256527,0.006812931510584264
RNK,2023,2023,4.828392719315984,4.820699383723069,0.007693335592914963
RNN,2021,2023,4.866909889245617,4.857728856438158,0.009181032807458855
RNN,2022,2023,4.921894289805972,4.91181839615772,0.010075893648251899
RNN,2023,2023,5.09692146237418,5.086374289242835,0.010547173131344678
RNQ,2021,2023,4.632792947056842,4.622058897444431,0.010734049612411312
RNQ,2022,2023,4.560496343843341,4.548532839707979,0.011963504135361624
RNQ,2023,2023,4.856623017260198,4.848139870448501,0.00848314681169704
RNS,2021,2023,4.649329231563017,4.643300857549302,0.00602837401371481
RNS,2022,2023,4.703116109902591,4.695626495035093,0.007489614867497885
RNS,2023,2023,4.957234313381603,4.950263372493144,0.006970940888458621
RNU,2021,2023,5.119999862551191,5.105477075305609,0.01452278724558198
RNU,2022,2023,5.10640425195726,5.094029277702026,0.01237497425523415
RNU,2023,2023,5.337669131173046,5.325784679933609,0.011884451239437155
RNZ,2021,2023,4.613278423575756,4.604177069488868,0.009101354086888058
RNZ,2022,2023,4.683000592344435,4.671776759129534,0.011223833214900836
RNZ,2023,2023,4.952767577712616,4.941375693584414,0.011391884128202356
RP1,2021,2023,5.263044311544716,5.251579982656738,0.011464328887978326
RP1,2022,2023,5.305227935303465,5.293161366318233,0.012066568985232173
RP1,2023,2023,5.414866581000783,5.404798813878666,0.01006776712211721
RP4,2021,2023,4.967799799716141,4.971419886349703,-0.0036200866335622806
RP4,2022,2023,4.857878971927282,4.861370026203409,-0.003491054276127059
RP4,2023,2023,4.961543848913305,4.967260724917249,-0.005716876003944549
RP5,2021,2023,4.748348932886935,4.738480126189577,0.00986880669735779
RP5,2022,2023,4.900687045732378,4.891567439283589,0.009119606448789064
RP5,2023,2023,5.190935076303854,5.183121126914799,0.007813949389054997
RP6,2021,2023,5.168581194523751,5.164286206514936,0.004294988008815004
RP6,2022,2023,5.035590962973338,5.02669010262222,0.008900860351118034
RP6,2023,2023,5.205114509412625,5.19930603071097,0.00580847870165524
RP7,2021,2023,5.348670123420789,5.337180891413109,0.011489232007680705
RP7,2022,2023,5.180961182988434,5.167471502259359,0.013489680729074749
RP7,2023,2023,5.44002308697404,5.426401284986551,0.013621801987488524
RPA,2021,2023,4.565253941722246,4.552265703969308,0.012988237752938225
RPA,2022,2023,4.612192387693383,4.598046273621439,0.014146114071943217
RPA,2023,2023,4.747891627596916,4.738989389949971,0.008902237646944755
RPC,2021,2023,5.328658194271291,5.333027459097367,-0.004369264826075359
RPC,2022,2023,5.447472132106825,5.453637893420068,-0.006165761313242868
RPC,2023,2023,5.514481505224894,5.514623128832262,-0.0001416236073676913
RPG,2021,2023,5.180811213315781,5.168572122184998,0.01223909113078303
RPG,2022,2023,5.230150741329808,5.217423504369148,0.012727236960659916
RPG,2023,2023,5.329527961581878,5.318504398150552,0.011023563431325378
RPY,2021,2023,5.025272717753558,5.030827328226051,-0.00555461047249306
RPY,2022,2023,4.931336124428786,4.933182096727669,-0.0018459722988826144
RPY,2023,2023,5.049386060257906,5.050992099575426,-0.0016060393175196808
RQM,2021,2023,4.690886276264728,4.681215659663465,0.009670616601263227
RQM,2022,2023,4.75847514697373,4.748736418171365,0.009738728802364705
RQM,2023,2023,4.946878683042121,4.93770117976832,0.009177503273801513
RQW,2021,2023,4.464466928450988,4.45708617472929,0.007380753721697886
RQW,2022,2023,4.505825821951042,4.494546800288611,0.011279021662430999
RQW,2023,2023,4.741722821693184,4.73281516821273,0.008907653480453526
RQX,2021,2023,4.872245862180819,4.862579684110055,0.009666178070763642
RQX,2022,2023,4.594646912585999,4.584270665078546,0.010376247507452696
RQX,2023,2023,4.809611014604403,4.804029452794003,0.0055815618104002596
RQY,2021,2023,4.966012985890414,4.953293850093491,0.012719135796922743
RQY,2022,2023,5.099446930839072,5.096310582944936,0.0031363478941361933
RQY,2023,2023,5.165935485532245,5.159317453479504,0.006618032052740475
RR7,2021,2023,4.894311392012409,4.884487157248178,0.009824234764231221
RR7,2022,2023,4.840123708826707,4.830280474611571,0.00984323421513622
RR7,2023,2023,5.123246395689419,5.114743247165526,0.00850314852389289
RR8,2021,2023,4.837065365789086,4.826582935443497,0.010482430345589044
RR8,2022,2023,4.859895190423947,4.847992089211622,0.011903101212324962
RR8,2023,2023,5.059058663819919,5.048118131553252,0.010940532266666914
RRE,2021,2023,5.276390840805981,5.263257222632269,0.013133618173712058
RRE,2022,2023,5.383974028043961,5.370776611828942,0.013197416215018798
RRE,2023,2023,5.545843445479989,5.534207849231851,0.011635596248138036
RRF,2021,2023,5.112807412995063,5.104282311802642,0.008525101192421225
RRF,2022,2023,5.062759118888986,5.053615448710494,0.009143670178492158
RRF,2023,2023,5.201498625181712,5.192115359529274,0.009383265652437522
RRJ,2021,2023,5.320503043656394,5.316397916846648,0.00410512680974584
RRJ,2022,2023,5.300392678395546,5.302691933013416,-0.002299254617869728
RRJ,2023,2023,5.443866219578426,5.437632152886327,0.006234066692099027
RRK,2021,2023,4.55992394038504,4.550384037764103,0.009539902620936402
RRK,2022,2023,4.621673928210589,4.610361009260644,0.011312918949944795
RRK,2023,2023,4.756066079231489,4.745916300721418,0.010149778510070817
RRU,2021,2023,4.081971193430601,4.063172793513713,0.018798399916887476
RRU,2022,2023,4.149883895785731,4.124036934727775,0.025846961057955475
RRU,2023,2023,4.488234996061676,4.45747550722887,0.030759488832805992
RRV,2021,2023,4.794820405597112,4.785358234649236,0.00946217094787638
RRV,2022,2023,4.872973356567061,4.86266041439796,0.010312942169100836
RRV,2023,2023,5.097968189640836,5.08609547366565,0.011872715975186132
RT1,2021,2023,5.00545718659458,4.994582696128415,0.010874490466164843
RT1,2022,2023,5.034256770289152,5.023044724253939,0.01121204603521253
RT1,2023,2023,5.301504502812221,5.291472949353076,0.01003155345914486
RT2,2021,2023,5.170704228471386,5.157508322687175,0.013195905784211703
RT2,2022,2023,5.231783303663039,5.219301993641397,0.012481310021641434
RT2,2023,2023,5.359754336789966,5.352656280695289,0.007098056094677396
RT5,2021,2023,5.047197340071309,5.039112039464245,0.008085300607064028
RT5,2022,2023,5.154397962919258,5.14251715467134,0.011880808247917152
RT5,2023,2023,5.260871088220389,5.250119865289554,0.010751222930834636
RTD,2021,2023,4.807637758242164,4.797922810518719,0.009714947723445277
RTD,2022,2023,4.848001535799032,4.838454771111657,0.009546764687375031
RTD,2023,2023,4.864180644735809,4.855193972580867,0.008986672154941644
RTE,2021,2023,4.588302008361809,4.577930094539695,0.01037191382211411
RTE,2022,2023,4.593123384645632,4.580100366921196,0.013023017724435704
RTE,2023,2023,4.838543728706402,4.825912988625287,0.0126307400811152
RTF,2021,2023,5.267223880227917,5.259735768277637,0.007488111950279652
RTF,2022,2023,5.253658046995867,5.243427218178822,0.010230828817045179
RTF,2023,2023,5.391456760607386,5.382928554171006,0.008528206436380081
RTG,2021,2023,4.750739107434892,4.741126231001675,0.009612876433217288
RTG,2022,2023,4.797792798424018,4.786901210048168,0.010891588375850247
RTG,2023,2023,4.8772780944396,4.867708844353051,0.009569250086548742
RTH,2021,2023,4.966729276812458,4.957558147346745,0.00917112946571308
RTH,2022,2023,5.013833821436032,5.002499061778113,0.011334759657919413
RTH,2023,2023,5.179225667734486,5.169847130873442,0.009378536861044395
RTK,2021,2023,5.035195830301125,5.025038759471649,0.010157070829476034
RTK,2022,2023,4.981101312560997,4.972263596812758,0.008837715748239106
RTK,2023,2023,5.127068551354031,5.119249252038455,0.007819299315576345
RTP,2021,2023,5.124292040435272,5.112275827687517,0.012016212747754551
RTP,2022,2023,4.882976847891219,4.871788673606185,0.011188174285034158
RTP,2023,2023,5.063138308325017,5.051665480347213,0.011472827977804023
RTQ,2021,2023,5.193829751480249,5.176889546519086,0.016940204961162664
RTQ,2022,2023,5.240611559913463,5.223641637887401,0.01696992202606129
RTQ,2023,2023,5.408060637072472,5.39301019492718,0.015050442145292386
RTR,2021,2023,4.836725010287057,4.828022553986291,0.008702456300765604
RTR,2022,2023,4.818815836665288,4.808987493578705,0.00982834308658287
RTR,2023,2023,4.966420376834645,4.958551960539026,0.00786841629561863
RV3,2021,2023,5.204143289163706,5.19386000308109,0.01028328608261564
RV3,2022,2023,5.117387264633958,5.106562799100852,0.010824465533105787
RV3,2023,2023,5.303316707377905,5.29132820849729,0.011988498880615595
RV5,2021,2023,5.161328400156871,5.14967658546756,0.011651814689311202
RV5,2022,2023,5.20187699839854,5.191576000408777,0.010300997989762806
RV5,2023,2023,5.214412233369153,5.202356195474345,0.01205603789480758
RV9,2021,2023,5.179344890026903,5.16609086058877,0.013254029438133585
RV9,2022,2023,5.299684896832692,5.285906412564613,0.013778484268078373
RV9,2023,2023,5.398427226373436,5.384486116024314,0.01394111034912271
RVJ,2021,2023,4.680582103809122,4.669803192454625,0.010778911354497822
RVJ,2022,2023,4.744990531274122,4.734646551498437,0.010343979775685241
RVJ,2023,2023,5.10734085989574,5.099423823950647,0.007917035945093076
RVN,2021,2023,5.154847439201236,5.13929523311933,0.015552206081905773
RVN,2022,2023,5.273020043015221,5.25942880723168,0.013591235783541045
RVN,2023,2023,5.339488637434073,5.326483484631737,0.013005152802335829
RVR,2021,2023,4.81618104848658,4.806794253341924,0.009386795144656013
RVR,2022,2023,4.95259029485211,4.94619518110627,0.006395113745839787
RVR,2023,2023,5.169249790552561,5.162334482462908,0.006915308089652683
RVV,2021,2023,4.627030098702944,4.618789806731477,0.00824029197146725
RVV,2022,2023,4.719241620381688,4.708376001959787,0.010865618421900258
RVV,2023,2023,4.841449882752401,4.833090577397672,0.008359305354728619
RVW,2021,2023,5.072464494024744,5.062423120080644,0.010041373944099874
RVW,2022,2023,5.199809538782054,5.187353504322535,0.012456034459519039
RVW,2023,2023,5.280187714456074,5.270287956628094,0.009899757827979805
RW4,2021,2023,5.205095866799604,5.192968970304475,0.012126896495129103
RW4,2022,2023,5.251891856881171,5.237877011979538,0.014014844901632628
RW4,2023,2023,5.316959248314034,5.302088140401914,0.01487110791212043
RW5,2021,2023,5.115664428035922,5.10185392326464,0.013810504771281984
RW5,2022,2023,5.121042060427666,5.106551587276679,0.014490473150986283
RW5,2023,2023,5.301321941201148,5.286646090875819,0.01467585032532881
RWA,2021,2023,4.726243210136498,4.716620539683854,0.009622670452643867
RWA,2022,2023,4.611562260687009,4.600669689813856,0.010892570873153318
RWA,2023,2023,4.975808322239043,4.966318095829741,0.009490226409302416
RWD,2021,2023,4.521155953227482,4.512155686432332,0.00900026679514987
RWD,2022,2023,4.749732226993904,4.741048296530844,0.008683930463060818
RWD,2023,2023,4.850727103657941,4.844156414056003,0.006570689601938184
RWE,2021,2023,4.805591808089611,4.79771785353432,0.00787395455529083
RWE,2022,2023,4.837288740787824,4.828913809849332,0.008374930938492398
RWE,2023,2023,5.16855625056262,5.162012098798444,0.00654415176417622
RWF,2021,2023,4.859512263272061,4.845790575818184,0.013721687453876363
RWF,2022,2023,4.868039834724691,4.858264282195185,0.009775552529506015
RWF,2023,2023,5.107185648182267,5.097434995341938,0.009750652840329721
RWG,2021,2023,4.870462496908557,4.861368816143533,0.009093680765023926
RWG,2022,2023,4.846768542208488,4.835016601735338,0.011751940473149425
RWG,2023,2023,4.945765985635327,4.935929306139657,0.009836679495669465
RWH,2021,2023,4.840506593072601,4.832353112009183,0.00815348106341851
RWH,2022,2023,4.787363818817461,4.778181174691177,0.00918264412628389
RWH,2023,2023,4.963861141046468,4.955918312348311,0.0079428286981571
RWJ,2021,2023,4.794947627466132,4.78368214986174,0.011265477604392338
RWJ,2022,2023,4.849904631276589,4.841091873167662,0.008812758108926566
RWJ,2023,2023,5.120171755928124,5.111210788923983,0.00896096700414084
RWP,2021,2023,4.748084234345586,4.739279222533044,0.008805011812541785
RWP,2022,2023,4.726480764349478,4.716160843682547,0.010319920666931104
RWP,2023,2023,4.855066686564157,4.844209872545928,0.010856814018229244
RWR,2021,2023,5.158801366342722,5.148522902316277,0.010278464026445278
RWR,2022,2023,5.254096436467004,5.244099128011753,0.009997308455251819
RWR,2023,2023,5.256441076579026,5.250559819030287,0.005881257548739249
RWV,2021,2023,5.179846875514143,5.164912552523369,0.014934322990774795
RWV,2022,2023,5.180709276536111,5.16818576448554,0.012523512050570673
RWV,2023,2023,5.281357343318613,5.266373139547468,0.014984203771144955
RWW,2021,2023,5.023168825329737,5.01470483492992,0.008463990399817156
RWW,2022,2023,5.057386591950177,5.048603549920324,0.008783042029852695
RWW,2023,2023,5.213649943080073,5.204984330306958,0.008665612773114617
RWX,2021,2023,5.275559782308596,5.261161060138034,0.014398722170562372
RWX,2022,2023,5.338446275854885,5.324578863714495,0.013867412140389668
RWX,2023,2023,5.423487760503098,5.411796382971358,0.011691377531740876
RWY,2021,2023,4.56504162830072,4.550998398465527,0.014043229835192683
RWY,2022,2023,4.776380709428364,4.76326593342936,0.01311477599900357
RWY,2023,2023,5.042905239127994,5.031239297767651,0.011665941360343268
RX1,2021,2023,4.684044004262623,4.67641126906238,0.0076327352002429905
RX1,2022,2023,4.690284355890209,4.680639461513869,0.009644894376339863
RX1,2023,2023,4.898735199281614,4.890655716695605,0.00807948258600888
RX3,2021,2023,5.042163632732924,5.030342122824113,0.011821509908811478
RX3,2022,2023,5.116806022366098,5.105577802368973,0.011228219997124533
RX3,2023,2023,5.235298150547851,5.224641162910607,0.010656987637243986
RX4,2021,2023,5.300171389556272,5.287862380583952,0.012309008972319901
RX4,2022,2023,5.335640581186893,5.319870856703655,0.015769724483238434
RX4,2023,2023,5.35997750450777,5.34736390794791,0.012613596559860163
RX6,2021,2023,4.249484430698639,4.225621042550475,0.0238633881481638
RX6,2022,2023,4.449408362122848,4.422466588857521,0.026941773265327207
RX6,2023,2023,4.730583336312797,4.710384581091001,0.020198755221795928
RX7,2021,2023,4.27036587134646,4.238042059945417,0.03232381140104312
RX7,2022,2023,4.316345035979162,4.276109388669685,0.04023564730947715
RX7,2023,2023,4.609831936671776,4.580666137398882,0.029165799272893977
RX8,2021,2023,4.160711560037113,4.127266403341474,0.03344515669563908
RX8,2022,2023,4.204580564814661,4.163538200620498,0.04104236419416285
RX8,2023,2023,4.491825994621192,4.458640107337913,0.033185887283279314
RX9,2021,2023,4.39362639011606,4.359718253701359,0.03390813641470114
RX9,2022,2023,4.331547483321576,4.296337732476513,0.0352097508450635
RX9,2023,2023,4.528275676105149,4.49085290804317,0.03742276806197875
RXA,2021,2023,5.195318914786551,5.18776168688508,0.007557227901470398
RXA,2022,2023,5.419185819532999,5.411553680489442,0.007632139043557196
RXA,2023,2023,5.474774725440646,5.463614973999802,0.011159751440843912
RXC,2021,2023,4.935450389340177,4.928302441512659,0.007147947827518486
RXC,2022,2023,4.857684989724406,4.848765607014424,0.008919382709982493
RXC,2023,2023,5.002047325120647,4.994385181690327,0.007662143430319901
RXE,2021,2023,5.259574598831318,5.249285888240904,0.010288710590413253
RXE,2022,2023,5.405567200799122,5.398732415973544,0.006834784825577422
RXE,2023,2023,5.437174363268724,5.430120956105537,0.007053407163187586
RXF,2021,2023,4.811491852191226,4.800230083423102,0.011261768768124014
RXF,2022,2023,4.851984489378357,4.843931978874238,0.008052510504119148
RXF,2023,2023,4.910790388942321,4.903713574844139,0.007076814098181394
RXG,2021,2023,5.359473331257064,5.342773353363845,0.016699977893218865
RXG,2022,2023,5.359366877655609,5.344079927892907,0.015286949762701951
RXG,2023,2023,5.506928401162346,5.494283673074403,0.01264472808794359
RXK,2021,2023,4.713410819481099,4.707436045651193,0.005974773829906077
RXK,2022,2023,4.814686154133286,4.806477733471089,0.008208420662196403
RXK,2023,2023,4.961028167390173,4.952608647862238,0.008419519527934405
RXM,2021,2023,5.44415010267093,5.43745165199591,0.006698450675020062
RXM,2022,2023,5.342483334099318,5.331152270065411,0.01133106403390638
RXM,2023,2023,5.415038995620396,5.406856140751287,0.008182854869108525
RXN,2021,2023,4.908221807407553,4.893887017757323,0.014334789650230384
RXN,2022,2023,5.047635832172356,5.035719233592811,0.011916598579544413
RXN,2023,2023,5.166241099415981,5.157019410024024,0.009221689391957
RXP,2021,2023,4.592522511047174,4.584976708090877,0.007545802956297365
RXP,2022,2023,4.657507699262776,4.649483700705862,0.008023998556914158
RXP,2023,2023,4.972450144527128,4.96561725890383,0.006832885623298424
RXQ,2021,2023,4.922904986130137,4.912054095253603,0.010850890876533903
RXQ,2022,2023,5.015675328860079,5.006249145401215,0.00942618345886359
RXQ,2023,2023,5.220172087911009,5.211457906077326,0.008714181833682666
RXV,2021,2023,5.014471510116519,5.001164470920192,0.013307039196327253
RXV,2022,2023,4.76433732493139,4.752293312440759,0.012044012490630251
RXV,2023,2023,5.087121412403057,5.078742702345862,0.008378710057195704
RXW,2021,2023,4.570013520310497,4.558932202515408,0.011081317795088808
RXW,2022,2023,4.609566925751897,4.599472961392761,0.01009396435913601
RXW,2023,2023,4.949772006286133,4.941673125211006,0.008098881075127018
RXX,2021,2023,5.405980913136298,5.397200290366902,0.00878062276939584
RXX,2022,2023,5.427817297332637,5.414676086870069,0.013141210462567443
RXX,2023,2023,5.3969956737022,5.386695350457415,0.01030032324478558
RXY,2021,2023,5.24166170326049,5.231127578658803,0.010534124601687012
RXY,2022,2023,5.177929834761863,5.169748817858759,0.008181016903104243
RXY,2023,2023,5.257642407049325,5.244461302404531,0.013181104644793606
RY2,2021,2023,5.134416277118368,5.115026609224111,0.019389667894257556
RY2,2022,2023,5.244550497446943,5.225222335265282,0.01932816218166078
RY2,2023,2023,5.462199529608254,5.44989127982108,0.012308249787174042
RY3,2021,2023,5.009218422746789,4.99613938860327,0.013079034143519408
RY3,2022,2023,5.200263581576912,5.188647770514611,0.011615811062300807
RY3,2023,2023,5.259923916413789,5.246240413088308,0.013683503325481183
RY4,2021,2023,5.10535698019583,5.086273876557577,0.01908310363825283
RY4,2022,2023,5.150895781445533,5.132634085908407,0.01826169553712642
RY4,2023,2023,5.448741785018481,5.427598686928462,0.02114309809001913
RY5,2021,2023,5.09906567558944,5.082016957156067,0.01704871843337319
RY5,2022,2023,5.234657328844289,5.21637948859895,0.018277840245339405
RY5,2023,2023,5.238567633002934,5.228940704553251,0.00962692844968327
RY6,2021,2023,4.726853995248784,4.705898326306913,0.02095566894187062
RY6,2022,2023,4.991993722422478,4.974057731393219,0.017935991029259135
RY6,2023,2023,5.178071120384572,5.16422056009001,0.013850560294561554
RY7,2021,2023,4.827195832957639,4.804049021929288,0.0231468110283517
RY7,2022,2023,4.938929248155909,4.916084857997769,0.02284439015813966
RY7,2023,2023,5.209808827756644,5.188921147219467,0.020887680537176934
RY8,2021,2023,5.196942997338931,5.178291590360422,0.018651406978509755
RY8,2022,2023,5.32239260614765,5.298591462697471,0.023801143450179474
RY8,2023,2023,5.393873593458718,5.37464910231304,0.019224491145678257
RYA,2021,2023,4.029588270588434,4.005303330872904,0.02428493971553003
RYA,2022,2023,4.061399927820949,4.036065334150994,0.02533459366995494
RYA,2023,2023,4.276302732513567,4.253833228250064,0.022469504263503026
RYC,2021,2023,3.73471869302616,3.710925831418548,0.02379286160761218
RYC,2022,2023,3.95141096710878,3.924533984057711,0.02687698305106867
RYC,2023,2023,4.315427490362512,4.302487410378246,0.012940079984265829
RYD,2021,2023,3.878264111192935,3.857729749709752,0.020534361483182995
RYD,2022,2023,3.883646755415581,3.869942066182399,0.0137046892331818
RYD,2023,2023,4.395618396236483,4.383344374488728,0.01227402174775527
RYE,2021,2023,3.992728935350412,3.945721580053999,0.04700735529641298
RYE,2022,2023,4.267130910616582,4.23008749692499,0.03704341369159181
RYE,2023,2023,4.454960727337907,4.418928427306639,0.036032300031267894
RYF,2021,2023,4.166863385871498,4.128433073496723,0.0384303123747749
RYF,2022,2023,4.216210611200596,4.18840838163224,0.027802229568355763
RYF,2023,2023,4.331683337271643,4.307201264030872,0.024482073240770674
RYG,2021,2023,5.172813469099726,5.162437154189899,0.010376314909827045
RYG,2022,2023,5.09868257421281,5.090816099639147,0.007866474573662963
RYG,2023,2023,5.246989131755165,5.236885226935257,0.01010390481990786
RYJ,2021,2023,4.867725600136914,4.857415252048591,0.010310348088322208
RYJ,2022,2023,4.95398769446977,4.941631935211623,0.012355759258147359
RYJ,2023,2023,5.039652646316828,5.027789040214294,0.011863606102533453
RYR,2021,2023,4.614015176519541,4.601247122974542,0.012768053544998992
RYR,2022,2023,4.601421903108524,4.588271294541681,0.01315060856684358
RYR,2023,2023,4.802607702527607,4.791557556888217,0.011050145639389441
RYV,2021,2023,5.2287780092501,5.221281298841787,0.007496710408313234
RYV,2022,2023,5.441161536282418,5.429027565542238,0.0121339707401793
RYV,2023,2023,5.386119599088389,5.375143087199524,0.010976511888865836
RYW,2021,2023,4.831954582672879,4.81825682889131,0.013697753781569233
RYW,2022,2023,4.811716919740238,4.798731107652039,0.012985812088198934
RYW,2023,2023,4.976513827051232,4.967755696729606,0.008758130321625757
RYX,2021,2023,5.263173611152323,5.249331388514394,0.013842222637928892
RYX,2022,2023,5.237534192769922,5.227438795327805,0.010095397442117182
RYX,2023,2023,5.365609794920571,5.357844026572275,0.00776576834829612
RYY,2021,2023,5.15970448523027,5.143847745126938,0.015856740103331823
RYY,2022,2023,5.259195002430366,5.248138871761072,0.011056130669294006
RYY,2023,2023,5.405743388884846,5.391611795010569,0.014131593874277648
TAD,2021,2023,5.126388265710596,5.106324515645082,0.020063750065514085
TAD,2022,2023,5.190505869019722,5.174406025915633,0.016099843104089295
TAD,2023,2023,5.279587187770819,5.25919992939806,0.02038725837275912
TAH,2021,2023,4.880500434112358,4.873845548499617,0.0066548856127415235
TAH,2022,2023,4.868272083029196,4.861584596329407,0.006687486699789247
TAH,2023,2023,5.051421004734768,5.04551115360661,0.005909851128157229
TAJ,2021,2023,5.060685008257876,5.053498787066133,0.00718622119174217
TAJ,2022,2023,5.129261596476502,5.119209018543719,0.01005257793278247
TAJ,2023,2023,5.198201152484915,5.191713809432083,0.006487343052832273
R0A,2021,2024,4.748619180389336,4.749174405728319,-0.0005552253389833339
R0A,2022,2024,4.677618465894169,4.679506522661012,-0.0018880567668428938
R0A,2023,2024,4.984756550243771,4.985225480910082,-0.00046893066631081837
R0A,2024,2024,5.049475822061074,5.050450998539206,-0.000975176478132056
R0B,2021,2024,4.795387516437483,4.796938966064039,-0.0015514496265565114
R0B,2022,2024,4.902073397904477,4.904484216960129,-0.0024108190556519915
R0B,2023,2024,5.151434753952214,5.151763096178152,-0.0003283422259388047
R0B,2024,2024,5.208072798956287,5.209295029360974,-0.0012222304046867194
R0D,2021,2024,4.733239182706635,4.734074079743278,-0.0008348970366434116
R0D,2022,2024,4.703713408662978,4.705690445528662,-0.0019770368656839565
R0D,2023,2024,5.0174775380463,5.018241535937349,-0.0007639978910489731
R0D,2024,2024,5.058879197460367,5.059526677642916,-0.0006474801825486765
R1A,2021,2024,5.080080837327705,5.073321471551341,0.006759365776363602
R1A,2022,2024,4.976349480013792,4.971107170080928,0.005242309932864231
R1A,2023,2024,5.186168191922598,5.18200156003518,0.004166631887418504
R1A,2024,2024,5.229560409003903,5.224936268286767,0.004624140717136349
R1D,2021,2024,4.861748876658083,4.850312384561,0.01143649209708375
R1D,2022,2024,4.930904576397085,4.920668606869033,0.010235969528051392
R1D,2023,2024,5.043744951886581,5.03679190398577,0.0069530479008115265
R1D,2024,2024,5.340905507996304,5.338316493133314,0.0025890148629903464
R1F1,2021,2024,4.854003585006608,4.855042540268514,-0.0010389552619054498
R1F1,2022,2024,4.811485593026124,4.811122505705582,0.00036308732054202153
R1F1,2023,2024,4.988886050866824,4.990372194916533,-0.0014861440497098144
R1F1,2024,2024,4.784951259568465,4.787000488062936,-0.002049228494470867
R1F2,2021,2024,4.610789002379697,4.596641056238289,0.01414794614140824
R1F2,2022,2024,4.73966336416334,4.721256576489108,0.018406787674231317
R1F2,2023,2024,5.133655042933119,5.122841451652533,0.01081359128058601
R1F2,2024,2024,4.44533350270123,4.436283077824431,0.009050424876798857
R1H,2021,2024,4.711508560234461,4.712330816182948,-0.0008222559484867276
R1H,2022,2024,4.58920332535217,4.590603264754893,-0.00139993940272376
R1H,2023,2024,4.846614219030287,4.848987628052231,-0.0023734090219438286
R1H,2024,2024,4.888473260772067,4.890935352109316,-0.0024620913372483955
R1K,2021,2024,4.911341160338706,4.911367822836596,-2.6662497889518022e-05
R1K,2022,2024,4.86282642631142,4.862126346082243,0.0007000802291772246
R1K,2023,2024,5.13862074638716,5.139186874831388,-0.0005661284442286529
R1K,2024,2024,5.280680299417423,5.281100495643434,-0.0004201962260115266
R1L,2021,2024,5.259161348216471,5.250330276864894,0.00883107135157779
R1L,2022,2024,5.162420082190754,5.155059229049764,0.007360853140990109
R1L,2023,2024,5.351575585501397,5.344889137519906,0.006686447981491206
R1L,2024,2024,5.227826590015834,5.221969896020607,0.005856693995227147
RA2,2021,2024,4.937779474442992,4.938833390910246,-0.0010539164672538348
RA2,2022,2024,4.782632156622151,4.783144264161864,-0.0005121075397127584
RA2,2023,2024,5.057921114758792,5.058197301537764,-0.00027618677897223165
RA2,2024,2024,5.150121335874516,5.151124065527046,-0.001002729652530121
RA7,2021,2024,4.769819562383272,4.772099811190353,-0.0022802488070805538
RA7,2022,2024,4.831752082405036,4.834182247598473,-0.0024301651934361956
RA7,2023,2024,5.157405607622687,5.157730212168446,-0.0003246045457592217
RA7,2024,2024,5.218709798283071,5.219923633369766,-0.0012138350866948144
RAE,2021,2024,4.669761007234793,4.673563430955869,-0.003802423721076309
RAE,2022,2024,4.860569204346416,4.863772104966956,-0.0032029006205398503
RAE,2023,2024,4.995293452949673,4.997521476909426,-0.002228023959752967
RAE,2024,2024,5.060126931642577,5.061387734529177,-0.001260802886600132
RAJ,2021,2024,4.525146079305297,4.527004567013432,-0.0018584877081346818
RAJ,2022,2024,4.440603344743651,4.442473527260018,-0.0018701825163676133
RAJ,2023,2024,4.763716945561297,4.764900010016129,-0.0011830644548318503
RAJ,2024,2024,4.495037366682491,4.495892826265954,-0.0008554595834624479
RAN,2021,2024,5.240837639195058,5.244732695247051,-0.003895056051993251
RAN,2022,2024,5.261642257779872,5.269679609617995,-0.00803735183812293
RAN,2023,2024,5.319617680495206,5.321516017650881,-0.0018983371556746675
RAN,2024,2024,5.375742706316507,5.391170551332128,-0.015427845015620889
RAS,2021,2024,4.839355289894662,4.841495617818583,-0.002140327923920715
RAS,2022,2024,4.819360096180962,4.821644885418007,-0.002284789237045004
RAS,2023,2024,5.018673191646708,5.02067013438047,-0.0019969427337622747
RAS,2024,2024,5.003305736059128,5.005217901953389,-0.0019121658942609088
RAT,2021,2024,5.257622936847905,5.251771171207065,0.005851765640839446
RAT,2022,2024,5.240323685560515,5.234142023609635,0.006181661950879658
RAT,2023,2024,5.307276972979676,5.299924127535141,0.00735284544453485
RAT,2024,2024,5.305083987692317,5.300588778184987,0.004495209507330067
RBD,2021,2024,4.901759228629135,4.9013773481853,0.0003818804438351364
RBD,2022,2024,4.768651557811081,4.767645881670496,0.001005676140585443
RBD,2023,2024,5.011745149893667,5.012415512591931,-0.0006703626982647037
RBD,2024,2024,4.98533447554517,4.985155825864695,0.000178649680475651
RBK,2021,2024,4.650176030986618,4.650620117818959,-0.00044408683234120616
RBK,2022,2024,4.819324216979278,4.820320241412042,-0.000996024432764031
RBK,2023,2024,4.851974268503002,4.850732963657531,0.0012413048454709141
RBK,2024,2024,4.784750897582864,4.785439033895853,-0.0006881363129886964
RBL,2021,2024,4.884164213532958,4.88588328097764,-0.0017190674446823095
RBL,2022,2024,4.807675683010072,4.80953640092116,-0.0018607179110876615
RBL,2023,2024,4.864761776047017,4.867069584824431,-0.002307808777413989
RBL,2024,2024,4.842268156369324,4.845336817192645,-0.003068660823320357
RBQ,2021,2024,5.346743587056637,5.353641469033353,-0.006897881976716036
RBQ,2022,2024,5.438285367953086,5.449757052288631,-0.011471684335544907
RBQ,2023,2024,5.713230908152283,5.723465057218697,-0.010234149066413956
RBQ,2024,2024,5.818244361499484,5.827641818439826,-0.00939745694034233
RBS,2021,2024,5.004208216989008,5.007952674495101,-0.0037444575060927576
RBS,2022,2024,4.933818838663321,4.938359994321461,-0.0045411556581402834
RBS,2023,2024,5.104961320778329,5.107386826731999,-0.002425505953670637
RBS,2024,2024,5.21652426747327,5.21763494420137,-0.0011106767280999463
RBT,2021,2024,4.906170754925041,4.907497993798168,-0.0013272388731273566
RBT,2022,2024,4.881999031187948,4.882713182777685,-0.0007141515897375328
RBT,2023,2024,5.230520428882413,5.229420654719102,0.0010997741633111957
RBT,2024,2024,5.241032957865366,5.240844537773443,0.0001884200919235468
RBV,2021,2024,5.038163425427884,5.046410641614504,-0.00824721618661961
RBV,2022,2024,5.109763651718888,5.12229982205826,-0.012536170339371822
RBV,2023,2024,5.297806436913235,5.30410266396007,-0.006296227046835412
RBV,2024,2024,5.418476764439441,5.425967185132912,-0.007490420693470945
RC9,2021,2024,4.759521637684813,4.761036028111508,-0.0015143904266947672
RC9,2022,2024,4.763274478264131,4.766217157259204,-0.0029426789950726118
RC9,2023,2024,5.003583399237268,5.004918845863357,-0.0013354466260890874
RC9,2024,2024,5.066598637147702,5.067867818267941,-0.0012691811202394376
RCB,2021,2024,4.741253910019603,4.743934958284653,-0.002681048265049668
RCB,2022,2024,4.709209423105068,4.711582445513709,-0.0023730224086415674
RCB,2023,2024,4.850395479009898,4.852111623397534,-0.0017161443876361204
RCB,2024,2024,4.867781615949849,4.869054013597516,-0.0012723976476669563
RCD,2021,2024,4.721061448972376,4.72173676996282,-0.0006753209904433177
RCD,2022,2024,4.945127409253941,4.945785987349407,-0.0006585780954662113
RCD,2023,2024,5.197405633499247,5.196616624298439,0.0007890092008073779
RCD,2024,2024,5.229840236749161,5.229287773764003,0.0005524629851576535
RCF,2021,2024,5.093341568329874,5.091882680726232,0.0014588876036425447
RCF,2022,2024,5.028886980457955,5.029521186309714,-0.0006342058517594396
RCF,2023,2024,5.060004823765171,5.059497685111248,0.0005071386539228229
RCF,2024,2024,5.11581267826222,5.114919988038056,0.0008926902241634949
RCU,2021,2024,4.887644131028805,4.88762864620215,1.548482665469919e-05
RCU,2022,2024,4.927351612440567,4.92732555066065,2.606177991726355e-05
RCU,2023,2024,5.115706389030222,5.115228614834801,0.0004777741954207215
RCU,2024,2024,5.202246876720572,5.202627193146374,-0.0003803164258018299
RCX,2021,2024,4.561394890476038,4.564933798827715,-0.00353890835167725
RCX,2022,2024,4.657260559477639,4.659386240065665,-0.002125680588025425
RCX,2023,2024,4.883263598449744,4.885107394142246,-0.00184379569250126
RCX,2024,2024,4.752788651372445,4.755636097722409,-0.0028474463499641445
RD1,2021,2024,4.748204350825212,4.751047494521112,-0.0028431436958999967
RD1,2022,2024,4.677254425330824,4.679564021973571,-0.0023095966427462145
RD1,2023,2024,4.958039616668069,4.959601890907884,-0.0015622742398146983
RD1,2024,2024,4.858898633775238,4.860172779015197,-0.001274145239959168
RD8,2021,2024,4.938588285106231,4.941807696417809,-0.003219411311577325
RD8,2022,2024,4.970314873399813,4.971323166295756,-0.0010082928959427306
RD8,2023,2024,5.10497125185289,5.106136652766651,-0.001165400913761161
RD8,2024,2024,5.024287458616991,5.027009835910923,-0.002722377293932432
RDE,2021,2024,4.71881735388491,4.721111978769326,-0.0022946248844153416
RDE,2022,2024,4.731049901013149,4.734100909514378,-0.003051008501229191
RDE,2023,2024,4.985825645239777,4.987204602550461,-0.001378957310683937
RDE,2024,2024,5.006189324217135,5.007107699638268,-0.0009183754211328221
RDR,2021,2024,5.188735522495201,5.178880557410732,0.009854965084469036
RDR,2022,2024,5.230434810823772,5.220379677349811,0.010055133473961142
RDR,2023,2024,5.490322684551549,5.482160331245555,0.008162353305993797
RDR,2024,2024,5.522007402355463,5.51329622155111,0.008711180804352736
RDU,2021,2024,4.837296960280891,4.839168878422871,-0.001871918141980622
RDU,2022,2024,4.808390049892978,4.809418829766971,-0.0010287798739927467
RDU,2023,2024,5.122423131259347,5.122708549398665,-0.00028541813931770577
RDU,2024,2024,5.253340772171594,5.254287582175133,-0.0009468100035388005
RDY,2021,2024,5.336668401194594,5.330148158110468,0.006520243084126243
RDY,2022,2024,5.303094546653963,5.294529119232099,0.008565427421864058
RDY,2023,2024,5.417686823286065,5.410262907814083,0.007423915471981957
RDY,2024,2024,5.419341230124009,5.412444671679402,0.006896558444607237
REF,2021,2024,4.746379780405835,4.748642267129509,-0.0022624867236737956
REF,2022,2024,4.718725021114433,4.720507241340084,-0.001782220225651443
REF,2023,2024,4.96923767974164,4.969926258831205,-0.000688579089564989
REF,2024,2024,4.851323782524084,4.849595489573993,0.001728292950090804
REM,2021,2024,4.750633832908138,4.751930221200583,-0.0012963882924452719
REM,2022,2024,4.680802389003211,4.68147124243733,-0.0006688534341190433
REM,2023,2024,5.022993669505587,5.022596462239616,0.00039720726597014533
REM,2024,2024,5.012180949461294,5.012207103946679,-2.615448538456633e-05
REN,2021,2024,5.1436660075735,5.162462854957068,-0.018796847383568682
REN,2022,2024,5.223304570184093,5.241544480951959,-0.018239910767865908
REN,2023,2024,5.429717361246651,5.446171466193752,-0.016454104947100312
REN,2024,2024,5.400772124232874,5.413433808162391,-0.012661683929517054
REP,2021,2024,4.971993780528154,4.975701535056141,-0.003707754527986218
REP,2022,2024,4.949856625061837,4.964040189216081,-0.014183564154243378
REP,2023,2024,5.079625764817355,5.090223347578175,-0.01059758276081979
REP,2024,2024,4.930142191405427,4.936976787002986,-0.006834595597559279
RET,2021,2024,5.166008893312517,5.180730143670809,-0.014721250358292082
RET,2022,2024,5.226951130630431,5.235022127628102,-0.00807099699767111
RET,2023,2024,5.312731681289186,5.322116617348914,-0.009384936059727345
RET,2024,2024,5.396323200162611,5.4073628794121,-0.011039679249488898
RF4,2021,2024,4.656332130474083,4.657606162753964,-0.0012740322798814319
RF4,2022,2024,4.687307173947403,4.689659678632206,-0.0023525046848034137
RF4,2023,2024,4.748867131861857,4.750859623149675,-0.001992491287817977
RF4,2024,2024,4.786860489160911,4.787834276048814,-0.000973786887903394
RFF,2021,2024,4.946661847440995,4.946326025170356,0.000335822270639774
RFF,2022,2024,5.018761054545199,5.017642074560101,0.0011189799850983562
RFF,2023,2024,5.240834037846217,5.238106064343751,0.002727973502466341
RFF,2024,2024,5.185065546153608,5.184361365773562,0.000704180380046715
RFR,2021,2024,4.77380770293536,4.775425331879525,-0.0016176289441647285
RFR,2022,2024,4.903831809727844,4.904808809976496,-0.0009770002486515494
RFR,2023,2024,5.121186516339581,5.121828844847705,-0.0006423285081247343
RFR,2024,2024,5.136134731780609,5.136509223954428,-0.00037449217381890776
RFS,2021,2024,4.933689827633101,4.935860062794004,-0.002170235160902756
RFS,2022,2024,4.973688818291181,4.976763863436148,-0.003075045144967703
RFS,2023,2024,5.252076833545133,5.254333293494313,-0.002256459949180112
RFS,2024,2024,5.052207209415654,5.054439685946374,-0.0022324765307200067
RGD,2021,2024,5.188108542314019,5.180537531855853,0.007571010458166327
RGD,2022,2024,5.118986148694415,5.110123300831251,0.008862847863163381
RGD,2023,2024,5.366639041813853,5.36003553296598,0.006603508847873307
RGD,2024,2024,5.371292985823132,5.363442726092762,0.007850259730370013
RGM,2021,2024,4.923823960084921,4.939799798708673,-0.015975838623751848
RGM,2022,2024,4.829659289869846,4.847850893933003,-0.018191604063157563
RGM,2023,2024,5.044231769133606,5.056055206319481,-0.01182343718587564
RGM,2024,2024,5.138578578733946,5.149404888704828,-0.010826309970881631
RGN,2021,2024,4.589279867099597,4.591147729853075,-0.0018678627534782777
RGN,2022,2024,4.495785986711459,4.497712936090203,-0.0019269493787437142
RGN,2023,2024,4.721863518357738,4.723569206054018,-0.0017056876962797674
RGN,2024,2024,4.809925844690492,4.809899251641936,2.659304855523459e-05
RGP,2021,2024,4.840925186059111,4.841402255237735,-0.00047706917862466725
RGP,2022,2024,4.599208542181116,4.599756989974562,-0.0005484477934460941
RGP,2023,2024,4.785118828727991,4.784817672369574,0.00030115635841720945
RGP,2024,2024,4.741388576146789,4.741433080404804,-4.4504258015720666e-05
RGR,2021,2024,4.796574385693118,4.799286216343162,-0.0027118306500444334
RGR,2022,2024,4.813124506626759,4.815883200634611,-0.0027586940078512256
RGR,2023,2024,5.064070905349269,5.064995589859896,-0.000924684510626328
RGR,2024,2024,4.795001808185563,4.797672781996542,-0.002670973810978694
RGT,2021,2024,4.775193786087645,4.777812867280604,-0.0026190811929582836
RGT,2022,2024,4.698403935782421,4.701248027285095,-0.002844091502673507
RGT,2023,2024,4.880665173857993,4.883766552990063,-0.0031013791320697592
RGT,2024,2024,5.029236935198753,5.030139587748762,-0.0009026525500086535
RHA,2021,2024,5.086064861126004,5.076341477014243,0.009723384111760325
RHA,2022,2024,5.093822198023236,5.085280629262475,0.008541568760761287
RHA,2023,2024,5.117163108148028,5.110917231362511,0.006245876785516913
RHA,2024,2024,4.915941857534682,4.910887194099226,0.005054663435455353
RHM,2021,2024,4.974868104333167,4.976468394050953,-0.0016002897177864739
RHM,2022,2024,4.973117361918048,4.974836942232954,-0.001719580314905933
RHM,2023,2024,5.116787289400887,5.118156129320304,-0.001368839919416942
RHM,2024,2024,5.142829898098706,5.144022998266284,-0.0011931001675780095
RHQ,2021,2024,4.780907506779056,4.782273118677486,-0.0013656118984295418
RHQ,2022,2024,4.772190395091092,4.773075015667269,-0.0008846205761763315
RHQ,2023,2024,4.881108566231822,4.881694533157233,-0.0005859669254109079
RHQ,2024,2024,4.983099530563794,4.983372333846376,-0.0002728032825816129
RHU,2021,2024,4.806140494337456,4.806509465091321,-0.0003689707538647724
RHU,2022,2024,4.669466436618809,4.671117728526774,-0.0016512919079652022
RHU,2023,2024,4.945271046031729,4.946399391495998,-0.0011283454642692092
RHU,2024,2024,4.816825113604457,4.817925261628425,-0.0011001480239682948
RHW,2021,2024,5.035468117168759,5.037632757894656,-0.002164640725896838
RHW,2022,2024,5.062705186979498,5.063048902299584,-0.0003437153200858134
RHW,2023,2024,5.209702084191124,5.211150455121758,-0.0014483709306336578
RHW,2024,2024,5.256253440186537,5.257619112705109,-0.0013656725185722252
RJ1,2021,2024,4.900413903897633,4.903581219035148,-0.0031673151375155584
RJ1,2022,2024,4.825639740965403,4.827673064744009,-0.002033323778606544
RJ1,2023,2024,4.851185836046984,4.85274859169586,-0.0015627556488766459
RJ1,2024,2024,4.994614571801472,4.995724514077866,-0.001109942276393383
RJ2,2021,2024,4.755354549112749,4.757477746355919,-0.0021231972431703383
RJ2,2022,2024,4.868606582983978,4.870461020288763,-0.0018544373047850726
RJ2,2023,2024,4.974769438080539,4.975956953785263,-0.0011875157047240847
RJ2,2024,2024,5.04446959540502,5.046349692112407,-0.001880096707386869
RJ6,2021,2024,4.79030571253195,4.792155070787834,-0.0018493582558845034
RJ6,2022,2024,4.906466216648217,4.907961057808782,-0.0014948411605653078
RJ6,2023,2024,5.003884023669436,5.004736540549434,-0.0008525168799975447
RJ6,2024,2024,4.975691931856341,4.976007898532584,-0.000315966676243562
RJ7,2021,2024,4.702215814155876,4.703634630035145,-0.0014188158792691752
RJ7,2022,2024,4.764121681275762,4.765964261834013,-0.001842580558250262
RJ7,2023,2024,4.876034512056828,4.876565380047661,-0.0005308679908333502
RJ7,2024,2024,4.937854406178364,4.938606118697676,-0.0007517125193121643
RJ8,2021,2024,4.815960977276888,4.807896321206806,0.008064656070081888
RJ8,2022,2024,4.893214190361344,4.880303244110661,0.012910946250682898
RJ8,2023,2024,5.090280677391572,5.08083108675839,0.009449590633182403
RJ8,2024,2024,4.997286668915926,4.990298052613054,0.006988616302872508
RJC,2021,2024,4.968297152031084,4.970014110980732,-0.00171695894964774
RJC,2022,2024,5.032321045212868,5.034211884159803,-0.0018908389469354248
RJC,2023,2024,5.140534074750352,5.141297796994423,-0.0007637222440708413
RJC,2024,2024,5.287251414607097,5.288479420184976,-0.0012280055778797205
RJE,2021,2024,4.627116378897743,4.628860704050523,-0.0017443251527797798
RJE,2022,2024,4.561440401355694,4.563336971552605,-0.0018965701969113624
RJE,2023,2024,4.943810622326963,4.94417689332901,-0.00036627100204622565
RJE,2024,2024,4.950498555952127,4.951859794656141,-0.0013612387040140561
RJL,2021,2024,4.663766708024552,4.666954172171362,-0.0031874641468103704
RJL,2022,2024,4.679507692861132,4.68112269043815,-0.001614997577018329
RJL,2023,2024,4.962344097871775,4.96320560833311,-0.00086151046133498
RJL,2024,2024,4.809396891604551,4.811496521060023,-0.0020996294554720407
RJN,2021,2024,4.931150108926735,4.933244169437406,-0.0020940605106707366
RJN,2022,2024,4.874768103924761,4.876855578510404,-0.0020874745856431787
RJN,2023,2024,5.003666075226123,5.004354796145481,-0.0006887209193582322
RJN,2024,2024,4.984199445079497,4.983816165768764,0.000383279310733009
RJR,2021,2024,4.476107548628515,4.478896087180066,-0.002788538551550701
RJR,2022,2024,4.625660833829324,4.627329563530619,-0.0016687297012953906
RJR,2023,2024,4.709144062550243,4.710503625551072,-0.001359563000828956
RJR,2024,2024,4.698074635466784,4.699370733884751,-0.0012960984179670731
RJZ,2021,2024,4.694486186253669,4.69665603504794,-0.0021698487942707345
RJZ,2022,2024,4.578760181538397,4.581308860504865,-0.002548678966467932
RJZ,2023,2024,4.642312317308851,4.643573249830462,-0.001260932521611302
RJZ,2024,2024,4.71474420478196,4.716407582573502,-0.001663377791541798
RK5,2021,2024,5.008578009486957,5.010355540133228,-0.0017775306462706197
RK5,2022,2024,4.968812051443808,4.969034113730153,-0.0002220622863449151
RK5,2023,2024,5.222269023431587,5.222162288471313,0.0001067349602745793
RK5,2024,2024,5.10301941614302,5.102821384655774,0.00019803148724584219
RK9,2021,2024,4.593654594652709,4.595804956358835,-0.002150361706125814
RK9,2022,2024,4.58636839996422,4.586870529990546,-0.0005021300263257089
RK9,2023,2024,4.926719810793086,4.927082674707688,-0.0003628639146020518
RK9,2024,2024,4.908064198683483,4.9092069188895,-0.0011427202060163566
RKB,2021,2024,4.654758137150829,4.656038214352809,-0.001280077201980312
RKB,2022,2024,4.72863847434297,4.728451196760284,0.00018727758268610728
RKB,2023,2024,4.842958228488167,4.843356253107672,-0.00039802461950433354
RKB,2024,2024,4.840996544591716,4.842667428618198,-0.001670884026482078
RKE,2021,2024,4.813502369993236,4.815180090101844,-0.0016777201086082272
RKE,2022,2024,4.782269797873373,4.784687426257709,-0.0024176283843360125
RKE,2023,2024,4.924466426445875,4.925288676916416,-0.000822250470541519
RKE,2024,2024,5.094255431000997,5.095529096685294,-0.0012736656842973204
RKL,2021,2024,5.353557649579763,5.348273284197219,0.005284365382543399
RKL,2022,2024,5.18275802115198,5.175293675552847,0.007464345599133004
RKL,2023,2024,5.326306120822597,5.319156697713258,0.007149423109338748
RKL,2024,2024,5.362829209338268,5.356653193456058,0.006176015882210173
RL1,2021,2024,5.15501394782352,5.167140829185557,-0.01212688136203699
RL1,2022,2024,5.038426982672066,5.049037862436894,-0.010610879764827885
RL1,2023,2024,5.433656984133673,5.444232022457463,-0.010575038323789698
RL1,2024,2024,5.341412880175006,5.350446101572979,-0.009033221397973357
RL4,2021,2024,5.007906336409989,5.008849346344241,-0.0009430099342520037
RL4,2022,2024,4.934311097401084,4.934977417080917,-0.0006663196798335491
RL4,2023,2024,5.038581765976704,5.039510926272897,-0.0009291602961933876
RL4,2024,2024,4.996870140279968,4.998708826270626,-0.0018386859906582842
RLQ,2021,2024,4.939259537326179,4.940761046532138,-0.0015015092059593727
RLQ,2022,2024,4.881061444980976,4.881905884562086,-0.0008444395811100236
RLQ,2023,2024,5.064598167098134,5.064208991676036,0.00038917542209748746
RLQ,2024,2024,5.106919484357126,5.10590892833474,0.0010105560223863108
RLT,2021,2024,4.699800194904058,4.700753622724186,-0.0009534278201277502
RLT,2022,2024,4.710313293412122,4.713326699896249,-0.003013406484126513
RLT,2023,2024,5.072375061104016,5.073300908924342,-0.0009258478203255649
RLT,2024,2024,5.226741275156019,5.226534583816622,0.00020669133939765771
RLY,2021,2024,5.383696153929952,5.378157516876644,0.005538637053308371
RLY,2022,2024,5.466658330809386,5.460494144355031,0.006164186454355125
RLY,2023,2024,5.538886102546787,5.533987193205633,0.004898909341154223
RLY,2024,2024,5.459118036081383,5.453248139650785,0.005869896430598764
RM1,2021,2024,4.399155666307341,4.401514857937998,-0.002359191630656454
RM1,2022,2024,4.340579480415222,4.342415875339653,-0.0018363949244308841
RM1,2023,2024,4.67702411674145,4.677221240415157,-0.000197123673707722
RM1,2024,2024,4.705677762362325,4.705818194915769,-0.00014043255344375893
RMC,2021,2024,5.014506456291834,5.016624012606997,-0.00211755631516386
RMC,2022,2024,4.863352308288449,4.865721955299153,-0.002369647010704412
RMC,2023,2024,4.9304391708015,4.932142742535529,-0.001703571734029019
RMC,2024,2024,5.063816857415368,5.065692927288692,-0.0018760698733242265
RMP,2021,2024,4.750902395970643,4.753456303079444,-0.002553907108801212
RMP,2022,2024,4.973258757668143,4.975043764138065,-0.0017850064699223012
RMP,2023,2024,5.144425241617283,5.143006030168663,0.0014192114486197838
RMP,2024,2024,5.068563516260291,5.068022317632956,0.0005411986273342606
RMY,2021,2024,4.881366868993662,4.869895880902629,0.011470988091033085
RMY,2022,2024,4.923734812973098,4.914124403209946,0.009610409763152639
RMY,2023,2024,5.022795153194823,5.016808593517169,0.0059865596776544905
RMY,2024,2024,4.899207800659925,4.890975918854528,0.008231881805397023
RN3,2021,2024,4.636807657204581,4.640109557920728,-0.0033019007161474434
RN3,2022,2024,4.755857519390527,4.7569745008986,-0.0011169815080736
RN3,2023,2024,5.00036649589018,5.001740209314139,-0.0013737134239590887
RN3,2024,2024,5.057502441234158,5.058829900220981,-0.0013274589868226272
RN5,2021,2024,4.795567437650545,4.797502638027316,-0.0019352003767707515
RN5,2022,2024,4.810082396653592,4.811322445194485,-0.0012400485408932127
RN5,2023,2024,4.952844260188961,4.95418438198161,-0.0013401217926487519
RN5,2024,2024,5.039338474816804,5.04044880067916,-0.001110325862355488
RN7,2021,2024,4.978416266801847,4.979058182478219,-0.0006419156763728395
RN7,2022,2024,4.969349762680966,4.970138728953146,-0.0007889662721805024
RN7,2023,2024,5.015861708251329,5.016465950196181,-0.0006042419448517578
RN7,2024,2024,5.112633739689236,5.11394766840484,-0.0013139287156045398
RNA,2021,2024,4.619826418169706,4.622337824871331,-0.0025114067016254182
RNA,2022,2024,4.66540812720763,4.666455218348557,-0.0010470911409266037
RNA,2023,2024,4.788401241832161,4.789203402672055,-0.0008021608398944835
RNA,2024,2024,4.776447491285462,4.777644920712906,-0.0011974294274441633
RNK,2021,2024,4.89630217222085,4.89042051824901,0.005881653971840706
RNK,2022,2024,4.717178396875696,4.713108468256527,0.004069928619169438
RNK,2023,2024,4.825562505674195,4.820699383723069,0.004863121951125926
RNK,2024,2024,4.825239555323884,4.816632242414502,0.008607312909381548
RNN,2021,2024,4.856989373259146,4.857728856438158,-0.0007394831790126233
RNN,2022,2024,4.911141307116005,4.91181839615772,-0.0006770890417149289
RNN,2023,2024,5.086698876575205,5.086374289242835,0.0003245873323693971
RNN,2024,2024,5.085051701275606,5.086720023254774,-0.0016683219791682191
RNQ,2021,2024,4.622144741135521,4.622058897444431,8.584369109065904e-05
RNQ,2022,2024,4.546991174180788,4.548532839707979,-0.0015416655271911495
RNQ,2023,2024,4.848416039628445,4.848139870448501,0.00027616917994421897
RNQ,2024,2024,4.893044571674841,4.894204571816515,-0.0011600001416738337
RNS,2021,2024,4.641982975204767,4.643300857549302,-0.00131788234453456
RNS,2022,2024,4.69510811592395,4.695626495035093,-0.0005183791111429414
RNS,2023,2024,4.950600222666243,4.950263372493144,0.00033685017309892373
RNS,2024,2024,5.024569810650125,5.024918332347993,-0.0003485216978678096
RNU,2021,2024,5.114231901264875,5.105477075305609,0.008754825959266022
RNU,2022,2024,5.101757084900566,5.094029277702026,0.007727807198540049
RNU,2023,2024,5.333061240616469,5.325784679933609,0.0072765606828602
RNU,2024,2024,5.338807246834476,5.33079012371366,0.008017123120815484
RNZ,2021,2024,4.598762010640583,4.604177069488868,-0.005415058848284637
RNZ,2022,2024,4.668308762430612,4.671776759129534,-0.003467996698922171
RNZ,2023,2024,4.939941081374458,4.941375693584414,-0.0014346122099553327
RNZ,2024,2024,5.168332308915563,5.169584116369591,-0.0012518074540279756
RP1,2021,2024,5.258620327686987,5.251579982656738,0.0070403450302496395
RP1,2022,2024,5.300724030424882,5.293161366318233,0.007562664106648853
RP1,2023,2024,5.410407900253011,5.404798813878666,0.005609086374344763
RP1,2024,2024,5.485892999058867,5.478716926993252,0.007176072065615102
RP4,2021,2024,4.958192021604744,4.971419886349703,-0.01322786474495885
RP4,2022,2024,4.848343844013695,4.861370026203409,-0.013026182189713964
RP4,2023,2024,4.949523635648887,4.967260724917249,-0.017737089268361927
RP4,2024,2024,5.084313055459004,5.097954173657304,-0.013641118198299829
RP5,2021,2024,4.735634299115503,4.738480126189577,-0.002845827074073881
RP5,2022,2024,4.889411698839852,4.891567439283589,-0.002155740443737564
RP5,2023,2024,5.182063602618944,5.183121126914799,-0.001057524295855039
RP5,2024,2024,5.060068583441345,5.061274340406281,-0.0012057569649357447
RP6,2021,2024,5.172034541088456,5.164286206514936,0.007748334573519422
RP6,2022,2024,5.032950311411057,5.02669010262222,0.006260208788837041
RP6,2023,2024,5.208891378670013,5.19930603071097,0.009585347959043311
RP6,2024,2024,5.280300787208931,5.273645133691734,0.006655653517197102
RP7,2021,2024,5.34426469704145,5.337180891413109,0.007083805628341544
RP7,2022,2024,5.175054001288005,5.167471502259359,0.007582499028645273
RP7,2023,2024,5.43383079544313,5.426401284986551,0.007429510456579358
RP7,2024,2024,5.450767878985654,5.441363105199287,0.009404773786367393
RPA,2021,2024,4.552441573782605,4.552265703969308,0.00017586981329742457
RPA,2022,2024,4.600108317401862,4.598046273621439,0.0020620437804224068
RPA,2023,2024,4.737670415235606,4.738989389949971,-0.0013189747143647068
RPA,2024,2024,4.879352943636501,4.879987313242617,-0.0006343696061152926
RPC,2021,2024,5.329426671144629,5.333027459097367,-0.0036007879527373277
RPC,2022,2024,5.451473687861641,5.453637893420068,-0.0021642055584267794
RPC,2023,2024,5.513420051547739,5.514623128832262,-0.0012030772845221804
RPC,2024,2024,5.480348438230425,5.487200185539141,-0.006851747308716405
RPG,2021,2024,5.175948834371824,5.168572122184998,0.0073767121868257846
RPG,2022,2024,5.225347608772665,5.217423504369148,0.007924104403516985
RPG,2023,2024,5.325315129361229,5.318504398150552,0.006810731210676657
RPG,2024,2024,5.367964928994095,5.361353423436549,0.006611505557545527
RPY,2021,2024,5.019111282955821,5.030827328226051,-0.011716045270230069
RPY,2022,2024,4.9238188285228,4.933182096727669,-0.009363268204868547
RPY,2023,2024,5.045767223349898,5.050992099575426,-0.005224876225527808
RPY,2024,2024,5.239491003387694,5.249594524667445,-0.010103521279750893
RQM,2021,2024,4.678367189453976,4.681215659663465,-0.0028484702094893066
RQM,2022,2024,4.746272604498386,4.748736418171365,-0.0024638136729793203
RQM,2023,2024,4.935965228899037,4.93770117976832,-0.0017359508692829095
RQM,2024,2024,5.010136575803353,5.012562605461667,-0.0024260296583147323
RQW,2021,2024,4.454353725793458,4.45708617472929,-0.0027324489358324655
RQW,2022,2024,4.492065924259661,4.494546800288611,-0.0024808760289500853
RQW,2023,2024,4.728585619304495,4.73281516821273,-0.004229548908235792
RQW,2024,2024,4.760071972065488,4.763390191050724,-0.003318218985236321
RQX,2021,2024,4.861753259466732,4.862579684110055,-0.0008264246433231648
RQX,2022,2024,4.583776705674095,4.584270665078546,-0.0004939594044515161
RQX,2023,2024,4.802840555079319,4.804029452794003,-0.0011888977146838897
RQX,2024,2024,4.847967703562105,4.85024296847376,-0.0022752649116544177
RQY,2021,2024,4.961245685486654,4.953293850093491,0.00795183539316291
RQY,2022,2024,5.098092759865122,5.096310582944936,0.0017821769201864512
RQY,2023,2024,5.163179675514328,5.159317453479504,0.0038622220348241143
RQY,2024,2024,5.148483696583805,5.144198651399226,0.004285045184578173
RR7,2021,2024,4.883617994215061,4.884487157248178,-0.0008691630331174593
RR7,2022,2024,4.828420189949165,4.830280474611571,-0.0018602846624053981
RR7,2023,2024,5.114702186946301,5.114743247165526,-4.106021922467562e-05
RR7,2024,2024,4.991478421683169,4.993289409488968,-0.0018109878057988027
RR8,2021,2024,4.824832710806098,4.826582935443497,-0.0017502246373988228
RR8,2022,2024,4.845792481534618,4.847992089211622,-0.0021996076770038897
RR8,2023,2024,5.046931494010333,5.048118131553252,-0.0011866375429194775
RR8,2024,2024,5.00797674484386,5.010146302627267,-0.0021695577834073276
RRE,2021,2024,5.271259712600445,5.263257222632269,0.008002489968175652
RRE,2022,2024,5.378571616540981,5.370776611828942,0.0077950047120385335
RRE,2023,2024,5.541338911191376,5.534207849231851,0.0071310619595248426
RRE,2024,2024,5.556432510249413,5.548376140534154,0.008056369715259137
RRF,2021,2024,5.102305315310315,5.104282311802642,-0.0019769964923268546
RRF,2022,2024,5.051628198002491,5.053615448710494,-0.0019872507080034296
RRF,2023,2024,5.191213091161688,5.192115359529274,-0.00090226836758589
RRF,2024,2024,5.069891020729649,5.071857589619062,-0.001966568889412379
RRJ,2021,2024,5.312384849634058,5.316397916846648,-0.00401306721258976
RRJ,2022,2024,5.294603225081435,5.302691933013416,-0.008088707931981354
RRJ,2023,2024,5.438173353006029,5.437632152886327,0.0005412001197013794
RRJ,2024,2024,5.396569316518204,5.400262887879024,-0.003693571360820158
RRK,2021,2024,4.548908172821435,4.550384037764103,-0.001475864942667826
RRK,2022,2024,4.609126993886922,4.610361009260644,-0.0012340153737220305
RRK,2023,2024,4.745791951250041,4.745916300721418,-0.00012434947137673902
RRK,2024,2024,4.831559682356519,4.832502084212246,-0.0009424018557266933
RRU,2021,2024,4.072995573963139,4.063172793513713,0.00982278044942575
RRU,2022,2024,4.138332893077167,4.124036934727775,0.014295958349391569
RRU,2023,2024,4.472965903000218,4.45747550722887,0.01549039577134792
RRU,2024,2024,4.390425310102769,4.378736642551572,0.011688667551196907
RRV,2021,2024,4.783677242461753,4.785358234649236,-0.0016809921874827438
RRV,2022,2024,4.861146911100556,4.86266041439796,-0.001513503297404739
RRV,2023,2024,5.084853771662901,5.08609547366565,-0.0012417020027486458
RRV,2024,2024,5.108178803552846,5.109753497364655,-0.0015746938118086362
RT1,2021,2024,5.001938147885819,4.994582696128415,0.007355451757404374
RT1,2022,2024,5.030519246058332,5.023044724253939,0.007474521804392786
RT1,2023,2024,5.298288859056769,5.291472949353076,0.006815909703693279
RT1,2024,2024,5.263638971950048,5.258516696810288,0.005122275139759935
RT2,2021,2024,5.165415100579698,5.157508322687175,0.007906777892523031
RT2,2022,2024,5.226873567260943,5.219301993641397,0.007571573619546079
RT2,2023,2024,5.357138882368207,5.352656280695289,0.00448260167291803
RT2,2024,2024,5.427483881690262,5.420543675939426,0.006940205750836093
RT5,2021,2024,5.043875417216867,5.039112039464245,0.0047633777526225884
RT5,2022,2024,5.150406345665462,5.14251715467134,0.007889190994121442
RT5,2023,2024,5.256579180674824,5.250119865289554,0.0064593153852694485
RT5,2024,2024,5.419395611760568,5.413433177211279,0.005962434549289242
RTD,2021,2024,4.796066075052193,4.797922810518719,-0.0018567354665259828
RTD,2022,2024,4.835966116017373,4.838454771111657,-0.002488655094284198
RTD,2023,2024,4.853874981828647,4.855193972580867,-0.001318990752220195
RTD,2024,2024,4.956013954880379,4.956727303808969,-0.0007133489285902073
RTE,2021,2024,4.575276682488823,4.577930094539695,-0.002653412050871218
RTE,2022,2024,4.578723258045701,4.580100366921196,-0.0013771088754950256
RTE,2023,2024,4.825810172908471,4.825912988625287,-0.00010281571681591828
RTE,2024,2024,4.96675326279215,4.96604833012521,0.0007049326669399392
RTF,2021,2024,5.259362237264507,5.259735768277637,-0.00037353101313009063
RTF,2022,2024,5.242533965474254,5.243427218178822,-0.0008932527045679706
RTF,2023,2024,5.382188176088307,5.382928554171006,-0.0007403780826988893
RTF,2024,2024,5.300130677785782,5.300151074009687,-2.0396223904484145e-05
RTG,2021,2024,4.739383150859907,4.741126231001675,-0.0017430801417681607
RTG,2022,2024,4.784978494357997,4.786901210048168,-0.0019227156901706621
RTG,2023,2024,4.865503885007734,4.867708844353051,-0.002204959345316837
RTG,2024,2024,4.920896689464327,4.922817412417118,-0.0019207229527902214
RTH,2021,2024,4.956773343218202,4.957558147346745,-0.0007848041285427598
RTH,2022,2024,5.001844520506951,5.002499061778113,-0.0006545412711620457
RTH,2023,2024,5.169472555079486,5.169847130873442,-0.00037457579395550056
RTH,2024,2024,5.092710766862068,5.093571508404745,-0.0008607415426764575
RTK,2021,2024,5.024362740504729,5.025038759471649,-0.0006760189669199335
RTK,2022,2024,4.970662996500889,4.972263596812758,-0.0016006003118693712
RTK,2023,2024,5.116975852226642,5.119249252038455,-0.0022733998118127374
RTK,2024,2024,5.238335019882773,5.238738241393828,-0.0004032215110552073
RTP,2021,2024,5.110881825001641,5.112275827687517,-0.0013940026858758614
RTP,2022,2024,4.869756964750009,4.871788673606185,-0.0020317088561752072
RTP,2023,2024,5.049896284862654,5.051665480347213,-0.0017691954845595603
RTP,2024,2024,5.0729869182302,5.074240913899613,-0.0012539956694137544
RTQ,2021,2024,5.187174639372296,5.176889546519086,0.01028509285321011
RTQ,2022,2024,5.234122356368301,5.223641637887401,0.010480718480899931
RTQ,2023,2024,5.402184722111866,5.39301019492718,0.00917452718468681
RTQ,2024,2024,5.322224744779237,5.314729474250338,0.007495270528898423
RTR,2021,2024,4.826042320483071,4.828022553986291,-0.0019802335032199636
RTR,2022,2024,4.8065450924222,4.808987493578705,-0.0024424011565047365
RTR,2023,2024,4.957428656473859,4.958551960539026,-0.001123304065166586
RTR,2024,2024,4.908386473106454,4.910169018733923,-0.0017825456274689344
RV3,2021,2024,5.200382980082442,5.19386000308109,0.0065229770013521815
RV3,2022,2024,5.113331199838837,5.106562799100852,0.006768400737984237
RV3,2023,2024,5.298954459365603,5.29132820849729,0.007626250868312923
RV3,2024,2024,5.241977595643524,5.235744844012987,0.006232751630537159
RV5,2021,2024,5.156794506985486,5.14967658546756,0.007117921517926007
RV5,2022,2024,5.1978369797467,5.191576000408777,0.006260979337922912
RV5,2023,2024,5.210134409408809,5.202356195474345,0.0077782139344639845
RV5,2024,2024,5.143008230041699,5.135566555271176,0.0074416747705230435
RV9,2021,2024,5.174107515678146,5.16609086058877,0.008016655089376101
RV9,2022,2024,5.294186626970125,5.285906412564613,0.008280214405512076
RV9,2023,2024,5.393407272241967,5.384486116024314,0.008921156217652992
RV9,2024,2024,5.406628469374933,5.397908386174462,0.008720083200470796
RVJ,2021,2024,4.666358774272583,4.669803192454625,-0.003444418182041886
RVJ,2022,2024,4.730044893115816,4.734646551498437,-0.004601658382620499
RVJ,2023,2024,5.097394135902469,5.099423823950647,-0.0020296880481778246
RVJ,2024,2024,5.135950699313206,5.138182873650826,-0.0022321743376201297
RVN,2021,2024,5.148858712936947,5.13929523311933,0.009563479817617626
RVN,2022,2024,5.267973366024122,5.25942880723168,0.008544558792441315
RVN,2023,2024,5.334700024429851,5.326483484631737,0.008216539798113764
RVN,2024,2024,5.382572357630344,5.374076646883631,0.008495710746712959
RVR,2021,2024,4.804979487003063,4.806794253341924,-0.00181476633886124
RVR,2022,2024,4.943776204991243,4.94619518110627,-0.0024189761150266165
RVR,2023,2024,5.160912848417398,5.162334482462908,-0.0014216340455099896
RVR,2024,2024,5.211234574057401,5.212440941182371,-0.0012063671249702423
RVV,2021,2024,4.616948693166452,4.618789806731477,-0.001841113565024699
RVV,2022,2024,4.707319731794398,4.708376001959787,-0.001056270165388895
RVV,2023,2024,4.832462218582674,4.833090577397672,-0.000628358814998009
RVV,2024,2024,4.804793486229744,4.806490785568232,-0.0016972993384882784
RVW,2021,2024,5.062315402196028,5.062423120080644,-0.00010771788461561016
RVW,2022,2024,5.188059569159938,5.187353504322535,0.0007060648374030976
RVW,2023,2024,5.270680380087689,5.270287956628094,0.0003924234595951148
RVW,2024,2024,5.167624072471496,5.166290626985942,0.00133344548555403
RW4,2021,2024,5.200409567414189,5.192968970304475,0.007440597109714453
RW4,2022,2024,5.246364666207905,5.237877011979538,0.008487654228366281
RW4,2023,2024,5.311272912055763,5.302088140401914,0.009184771653849566
RW4,2024,2024,5.426422932127054,5.418350824767242,0.008072107359812009
RW5,2021,2024,5.109699629305322,5.10185392326464,0.007845706040681577
RW5,2022,2024,5.115148710091583,5.106551587276679,0.00859712281490399
RW5,2023,2024,5.295600053749698,5.286646090875819,0.008953962873879284
RW5,2024,2024,5.254986976636991,5.246922792731586,0.008064183905405642
RWA,2021,2024,4.714151874696848,4.716620539683854,-0.002468664987006264
RWA,2022,2024,4.598400623745912,4.600669689813856,-0.002269066067944081
RWA,2023,2024,4.964501720419734,4.966318095829741,-0.0018163754100068985
RWA,2024,2024,4.855404534718304,4.857174593549243,-0.0017700588309388365
RWD,2021,2024,4.508582596350792,4.512155686432332,-0.0035730900815398314
RWD,2022,2024,4.738150761370965,4.741048296530844,-0.0028975351598790056
RWD,2023,2024,4.841344390514175,4.844156414056003,-0.002812023541827635
RWD,2024,2024,5.004028962388452,5.005626976598999,-0.0015980142105469497
RWE,2021,2024,4.795437205785714,4.79771785353432,-0.002280647748605702
RWE,2022,2024,4.826324368321138,4.828913809849332,-0.0025894415281939587
RWE,2023,2024,5.160893476952855,5.162012098798444,-0.001118621845589196
RWE,2024,2024,5.210777240385645,5.210322749823411,0.00045449056223390016
RWF,2021,2024,4.844289212002017,4.845790575818184,-0.0015013638161676113
RWF,2022,2024,4.855784958359043,4.858264282195185,-0.0024793238361420222
RWF,2023,2024,5.096751615367859,5.097434995341938,-0.000683379974078413
RWF,2024,2024,5.164937857933378,5.165790443463047,-0.0008525855296692697
RWG,2021,2024,4.862156502477826,4.861368816143533,0.0007876863342932694
RWG,2022,2024,4.83538106709863,4.835016601735338,0.00036446536329126644
RWG,2023,2024,4.937119460296784,4.935929306139657,0.0011901541571264218
RWG,2024,2024,4.959862040322792,4.958962506537638,0.0008995337851542828
RWH,2021,2024,4.831605856066806,4.832353112009183,-0.000747255942377123
RWH,2022,2024,4.777291305648182,4.778181174691177,-0.0008898690429948175
RWH,2023,2024,4.955285319514212,4.955918312348311,-0.0006329928340989
RWH,2024,2024,5.07298656721409,5.073274062148228,-0.000287494934138266
RWJ,2021,2024,4.781821678013905,4.78368214986174,-0.001860471847834333
RWJ,2022,2024,4.838575925923624,4.841091873167662,-0.0025159472440385855
RWJ,2023,2024,5.109360709315772,5.111210788923983,-0.0018500796082108195
RWJ,2024,2024,5.080464058672002,5.08207679026076,-0.0016127315887581872
RWP,2021,2024,4.737920395640595,4.739279222533044,-0.0013588268924493718
RWP,2022,2024,4.715890368727001,4.716160843682547,-0.0002704749555464403
RWP,2023,2024,4.845193855897136,4.844209872545928,0.0009839833512081952
RWP,2024,2024,4.972311958820119,4.971211865159065,0.0011000936610541245
RWR,2021,2024,5.154603800681097,5.148522902316277,0.006080898364820619
RWR,2022,2024,5.250194816088722,5.244099128011753,0.006095688076969807
RWR,2023,2024,5.253983054954383,5.250559819030287,0.003423235924095991
RWR,2024,2024,5.311448340736091,5.305956148564836,0.0054921921712551836
RWV,2021,2024,5.173923529424185,5.164912552523369,0.009010976900816203
RWV,2022,2024,5.175769161994312,5.16818576448554,0.007583397508772016
RWV,2023,2024,5.275153929034193,5.266373139547468,0.008780789486724672
RWV,2024,2024,5.253970156025284,5.246791796018871,0.0071783600064128095
RWW,2021,2024,5.011675312480246,5.01470483492992,-0.00302952244967436
RWW,2022,2024,5.045000252341055,5.048603549920324,-0.003603297579269693
RWW,2023,2024,5.203890088516833,5.204984330306958,-0.0010942417901249613
RWW,2024,2024,5.275876852038445,5.278520633174216,-0.00264378113577024
RWX,2021,2024,5.269600455066743,5.261161060138034,0.008439394928709376
RWX,2022,2024,5.333443877459657,5.324578863714495,0.008865013745161576
RWX,2023,2024,5.419462861487979,5.411796382971358,0.007666478516621389
RWX,2024,2024,5.563431107109913,5.556495471430916,0.006935635678997798
RWY,2021,2024,4.548544905405294,4.550998398465527,-0.002453493060232681
RWY,2022,2024,4.761647469955128,4.76326593342936,-0.0016184634742320014
RWY,2023,2024,5.03030896112182,5.031239297767651,-0.0009303366458306428
RWY,2024,2024,4.972580097563045,4.974409029313617,-0.0018289317505715275
RX1,2021,2024,4.673936597903085,4.67641126906238,-0.0024746711592955606
RX1,2022,2024,4.678154269433748,4.680639461513869,-0.0024851920801207683
RX1,2023,2024,4.88960955329522,4.890655716695605,-0.0010461634003844367
RX1,2024,2024,4.864542341511533,4.86539049140931,-0.0008481498977772617
RX3,2021,2024,5.037219057598843,5.030342122824113,0.006876934774730614
RX3,2022,2024,5.11214934589029,5.105577802368973,0.006571543521316947
RX3,2023,2024,5.230855394669914,5.224641162910607,0.006214231759306799
RX3,2024,2024,5.217376143050863,5.210529511006405,0.006846632044458012
RX4,2021,2024,5.295775957681371,5.287862380583952,0.007913577097419022
RX4,2022,2024,5.329878412588146,5.319870856703655,0.010007555884491204
RX4,2023,2024,5.355267978628365,5.34736390794791,0.00790407068045429
RX4,2024,2024,5.286799389984616,5.279283637062516,0.007515752922100383
RX6,2021,2024,4.240177355377792,4.225621042550475,0.01455631282731673
RX6,2022,2024,4.435947568188959,4.422466588857521,0.01348097933143766
RX6,2023,2024,4.720335019350887,4.710384581091001,0.009950438259885175
RX6,2024,2024,4.673213302040597,4.667914715770544,0.005298586270052752
RX7,2021,2024,4.255927686683298,4.238042059945417,0.017885626737880855
RX7,2022,2024,4.298027260852193,4.276109388669685,0.021917872182508624
RX7,2023,2024,4.596663303349378,4.580666137398882,0.015997165950495607
RX7,2024,2024,4.638848420321269,4.622573855571143,0.016274564750125897
RX8,2021,2024,4.146053235314125,4.127266403341474,0.018786831972651186
RX8,2022,2024,4.186327208409409,4.163538200620498,0.022789007788911242
RX8,2023,2024,4.476463615456995,4.458640107337913,0.017823508119081843
RX8,2024,2024,4.567890366309248,4.548466410242101,0.019423956067146975
RX9,2021,2024,4.376982911574878,4.359718253701359,0.017264657873519162
RX9,2022,2024,4.313241476091772,4.296337732476513,0.01690374361525926
RX9,2023,2024,4.508319118846498,4.49085290804317,0.01746621080332833
RX9,2024,2024,4.558382224275795,4.546607364029779,0.011774860246016594
RXA,2021,2024,5.192035338225137,5.18776168688508,0.004273651340056972
RXA,2022,2024,5.416278656230183,5.411553680489442,0.004724975740741044
RXA,2023,2024,5.470583431660334,5.463614973999802,0.006968457660531335
RXA,2024,2024,5.44221036457447,5.436952302027963,0.00525806254650707
RXC,2021,2024,4.926142351303961,4.928302441512659,-0.0021600902086982288
RXC,2022,2024,4.846113906238062,4.848765607014424,-0.002651700776361565
RXC,2023,2024,4.992448722806949,4.994385181690327,-0.0019364588833781227
RXC,2024,2024,4.931552025612385,4.932518056652127,-0.0009660310397423544
RXE,2021,2024,5.255136974443823,5.249285888240904,0.00585108620291841
RXE,2022,2024,5.402180715497882,5.398732415973544,0.0034482995243374504
RXE,2023,2024,5.434113925696114,5.430120956105537,0.003992969590577822
RXE,2024,2024,5.289329944266989,5.285044618245428,0.0042853260215611755
RXF,2021,2024,4.798002439963369,4.800230083423102,-0.002227643459733031
RXF,2022,2024,4.842561010465277,4.843931978874238,-0.001370968408960671
RXF,2023,2024,4.901769525705727,4.903713574844139,-0.001944049138412396
RXF,2024,2024,4.856837600149817,4.858900889270524,-0.0020632891207075232
RXG,2021,2024,5.352395226406309,5.342773353363845,0.009621873042464202
RXG,2022,2024,5.352781947386289,5.344079927892907,0.008702019493381563
RXG,2023,2024,5.501555384564719,5.494283673074403,0.00727171149031669
RXG,2024,2024,5.489497761471391,5.481174964944546,0.008322796526845089
RXK,2021,2024,4.703841566236838,4.707436045651193,-0.0035944794143549785
RXK,2022,2024,4.803498557898982,4.806477733471089,-0.002979175572106918
RXK,2023,2024,4.951143867311402,4.952608647862238,-0.0014647805508358758
RXK,2024,2024,5.123696860743315,5.124509454103797,-0.0008125933604823388
RXM,2021,2024,5.441671004164975,5.43745165199591,0.004219352169065438
RXM,2022,2024,5.338334547129511,5.331152270065411,0.007182277064099907
RXM,2023,2024,5.411847515899815,5.406856140751287,0.004991375148527766
RXM,2024,2024,5.423213753665742,5.415808304102408,0.007405449563333555
RXN,2021,2024,4.892521765138197,4.893887017757323,-0.0013652526191263448
RXN,2022,2024,5.034567886999627,5.035719233592811,-0.001151346593184499
RXN,2023,2024,5.156762354632483,5.157019410024024,-0.0002570553915406393
RXN,2024,2024,4.987236286843261,4.988887680530749,-0.00165139368748779
RXP,2021,2024,4.582947715283818,4.584976708090877,-0.002028992807058927
RXP,2022,2024,4.647242923657347,4.649483700705862,-0.002240777048514886
RXP,2023,2024,4.963264291850275,4.96561725890383,-0.0023529670535547
RXP,2024,2024,4.916924245348725,4.918762489154314,-0.001838243805588391
RXQ,2021,2024,4.911505797850065,4.912054095253603,-0.0005482974035375676
RXQ,2022,2024,5.005459677672342,5.006249145401215,-0.0007894677288726726
RXQ,2023,2024,5.210651522013449,5.211457906077326,-0.0008063840638774522
RXQ,2024,2024,5.250340524831728,5.250291332270796,4.919256093227631e-05
RXV,2021,2024,5.008848829836652,5.001164470920192,0.007684358916460354
RXV,2022,2024,4.759346392083843,4.752293312440759,0.0070530796430832154
RXV,2023,2024,5.083490933415631,5.078742702345862,0.004748231069769737
RXV,2024,2024,5.185524992149454,5.180614510898572,0.004910481250882448
RXW,2021,2024,4.557637060002332,4.558932202515408,-0.0012951425130767191
RXW,2022,2024,4.597298659383322,4.599472961392761,-0.002174302009439799
RXW,2023,2024,4.940321415644752,4.941673125211006,-0.0013517095662534118
RXW,2024,2024,4.903996949956488,4.905210913778076,-0.0012139638215877824
RXX,2021,2024,5.403218157722947,5.397200290366902,0.006017867356044704
RXX,2022,2024,5.42349933706039,5.414676086870069,0.008823250190320486
RXX,2023,2024,5.393728609346345,5.386695350457415,0.0070332588889305825
RXX,2024,2024,5.256186332933384,5.249913783989606,0.006272548943778489
RXY,2021,2024,5.237802502212821,5.231127578658803,0.006674923554017553
RXY,2022,2024,5.174729198801285,5.169748817858759,0.004980380942526175
RXY,2023,2024,5.252013806677223,5.244461302404531,0.007552504272691607
RXY,2024,2024,5.234837293529775,5.22930794154416,0.005529351985614994
RY2,2021,2024,5.12381102733943,5.115026609224111,0.008784418115319603
RY2,2022,2024,5.236546052916397,5.225222335265282,0.011323717651115395
RY2,2023,2024,5.459300736638755,5.44989127982108,0.009409456817675022
RY2,2024,2024,5.43715588496433,5.432535262767414,0.00462062219691628
RY3,2021,2024,5.004241499640134,4.99613938860327,0.008102111036864201
RY3,2022,2024,5.196829976221121,5.188647770514611,0.008182205706510182
RY3,2023,2024,5.256001305945127,5.246240413088308,0.00976089285681958
RY3,2024,2024,5.210090710652092,5.199668838302713,0.010421872349378525
RY4,2021,2024,5.099452831632664,5.086273876557577,0.013178955075087373
RY4,2022,2024,5.144022365991482,5.132634085908407,0.01138828008307513
RY4,2023,2024,5.441196616541408,5.427598686928462,0.013597929612945592
RY4,2024,2024,5.534554834523923,5.522617671481294,0.011937163042628818
RY5,2021,2024,5.090810773356736,5.082016957156067,0.008793816200669546
RY5,2022,2024,5.226474199180284,5.21637948859895,0.01009471058133471
RY5,2023,2024,5.235318374592338,5.228940704553251,0.006377670039086958
RY5,2024,2024,5.242185298516417,5.23159036524936,0.010594933267056739
RY6,2021,2024,4.719154473222794,4.705898326306913,0.013256146915880507
RY6,2022,2024,4.986033045883814,4.974057731393219,0.011975314490594968
RY6,2023,2024,5.173097769245778,5.16422056009001,0.008877209155767396
RY6,2024,2024,5.157537914258876,5.146426357473455,0.011111556785420973
RY7,2021,2024,4.816776067593194,4.804049021929288,0.012727045663906367
RY7,2022,2024,4.928366988628327,4.916084857997769,0.01228213063055783
RY7,2023,2024,5.201797731196913,5.188921147219467,0.0128765839774454
RY7,2024,2024,5.118740002345965,5.106341548707573,0.012398453638391871
RY8,2021,2024,5.188178719767452,5.178291590360422,0.00988712940702996
RY8,2022,2024,5.311449612258785,5.298591462697471,0.012858149561314036
RY8,2023,2024,5.384821932024265,5.37464910231304,0.010172829711225795
RY8,2024,2024,5.414669892801422,5.404356396348016,0.010313496453406401
RYA,2021,2024,4.022107552863442,4.005303330872904,0.016804221990538437
RYA,2022,2024,4.050999688920836,4.036065334150994,0.014934354769842173
RYA,2023,2024,4.266038771322441,4.253833228250064,0.012205543072376202
RYA,2024,2024,4.390813168017422,4.37041615080037,0.020397017217051783
RYC,2021,2024,3.725326944980659,3.710925831418548,0.014401113562111156
RYC,2022,2024,3.93912591836547,3.924533984057711,0.014591934307758958
RYC,2023,2024,4.308940573453569,4.302487410378246,0.006453163075322621
RYC,2024,2024,4.378413772101289,4.366612515469457,0.011801256631831514
RYD,2021,2024,3.867496081773486,3.857729749709752,0.009766332063733785
RYD,2022,2024,3.876707877139057,3.869942066182399,0.006765810956657958
RYD,2023,2024,4.388540189202529,4.383344374488728,0.005195814713800928
RYD,2024,2024,4.474748851884684,4.468856036061216,0.005892815823467679
RYE,2021,2024,3.970528436524123,3.945721580053999,0.02480685647012404
RYE,2022,2024,4.248477495946981,4.23008749692499,0.018389999021990455
RYE,2023,2024,4.436101195745495,4.418928427306639,0.017172768438856068
RYE,2024,2024,4.2532304376468,4.236839415336161,0.01639102231063916
RYF,2021,2024,4.152231192012799,4.128433073496723,0.023798118516076272
RYF,2022,2024,4.202915416409569,4.18840838163224,0.01450703477732862
RYF,2023,2024,4.319448776634936,4.307201264030872,0.012247512604064426
RYF,2024,2024,4.322213627981336,4.314775001804653,0.007438626176682561
RYG,2021,2024,5.168835688932191,5.162437154189899,0.006398534742292128
RYG,2022,2024,5.095275401718968,5.090816099639147,0.00445930207982137
RYG,2023,2024,5.24328179641345,5.236885226935257,0.006396569478193115
RYG,2024,2024,5.226126483510829,5.222769175012486,0.003357308498343592
RYJ,2021,2024,4.85594063164944,4.857415252048591,-0.0014746203991515827
RYJ,2022,2024,4.940192649851628,4.941631935211623,-0.001439285359994713
RYJ,2023,2024,5.026534755717344,5.027789040214294,-0.0012542844969507527
RYJ,2024,2024,5.070966610386224,5.072517841773743,-0.0015512313875190031
RYR,2021,2024,4.599686210818412,4.601247122974542,-0.0015609121561306338
RYR,2022,2024,4.587102830071832,4.588271294541681,-0.001168464469848196
RYR,2023,2024,4.790799669274137,4.791557556888217,-0.0007578876140801327
RYR,2024,2024,4.81176276775104,4.812290022399623,-0.000527254648582165
RYV,2021,2024,5.227706301244813,5.221281298841787,0.006425002403025459
RYV,2022,2024,5.435899739941668,5.429027565542238,0.006872174399429554
RYV,2023,2024,5.381761322357208,5.375143087199524,0.006618235157684005
RYV,2024,2024,5.407176207977517,5.400866250629012,0.006309957348504369
RYW,2021,2024,4.825166427332986,4.81825682889131,0.006909598441676046
RYW,2022,2024,4.805671155093662,4.798731107652039,0.0069400474416223545
RYW,2023,2024,4.972448901679483,4.967755696729606,0.004693204949877128
RYW,2024,2024,5.053469606185783,5.04848051344618,0.004989092739602796
RYX,2021,2024,5.258765995165128,5.249331388514394,0.0094346066507347
RYX,2022,2024,5.234879763619154,5.227438795327805,0.007440968291349215
RYX,2023,2024,5.363417841543892,5.357844026572275,0.005573814971616464
RYX,2024,2024,5.415337949347848,5.410938514523748,0.004399434824100545
RYY,2021,2024,5.152869460330019,5.143847745126938,0.00902171520308137
RYY,2022,2024,5.256258175215654,5.248138871761072,0.008119303454582116
RYY,2023,2024,5.400406841022291,5.391611795010569,0.00879504601172254
RYY,2024,2024,5.447393414271627,5.442329514981164,0.005063899290462359
TAD,2021,2024,5.118697284549437,5.106324515645082,0.012372768904355347
TAD,2022,2024,5.184859420391007,5.174406025915633,0.01045339447537419
TAD,2023,2024,5.272247634185181,5.25919992939806,0.013047704787121361
TAD,2024,2024,5.345447385358881,5.335748414738847,0.009698970620033442
TAH,2021,2024,4.877330212268073,4.873845548499617,0.003484663768456464
TAH,2022,2024,4.865371025191041,4.861584596329407,0.0037864288616340502
TAH,2023,2024,5.0492805883524,5.04551115360661,0.0037694347457897237
TAH,2024,2024,5.117706983001924,5.111850472141184,0.005856510860740016
TAJ,2021,2024,5.057021006156647,5.053498787066133,0.0035222190905139783
TAJ,2022,2024,5.124679351796056,5.119209018543719,0.005470333252336701
TAJ,2023,2024,5.195414280495132,5.191713809432083,0.003700471063049271
TAJ,2024,2024,4.974179641919891,4.96887142782062,0.005308214099271069
