line,raw_triple_sha256,rank_hash,split,source_length,mt_length,pe_length,edit_fraction,edited_tokens,untouched_tokens,levenshtein_distance,deletions
4207,c36a474d7fd331be8bf8acf565e4fbe4df52c5c8f994e825046b2fac3e8ec129,00091e092cc2577399e449e89526c0c7bfea29bcc4d757228c4f07b47a2396d2,diagnostic,39,45,45,0.35555555555555557,16,30,16,0
149,7bae7dabe78e0ab95b2bee3250a50468a72d110855fd8629138ce50453504074,000d76b8a158a3f8142019475a86f22630e985b7fd30dfab40be5e8ac71c80a5,diagnostic,19,21,22,0.3181818181818182,7,16,7,0
5037,d662b4278c3e20a250c547f941db58f25b1cd632f21ab309a68ea3ba1ba89f0a,001ae68318eeea4c5f8b24c46ce4de96ee4333dbddf8eb6f0a9695a6a9476e6d,diagnostic,30,22,22,0.09090909090909091,2,21,2,0
198,d047ff83af59da80ba1a6c511c969e75e3c508865f40ef16af9a40aa32a58108,001c8e4742540f421534db09c20f18f3446d69ce3b22511b7958138b7f9d4320,diagnostic,30,24,24,0.0,0,25,0,0
6419,20b59e6fc2825a166a4a2e4883256d971504031ffa29f9dec7d4dded17c6dcdd,002760e556e4b16dbdf5f5d32e433b307cc830b3e6573bb98de40885df5211ff,diagnostic,13,9,15,0.7333333333333333,11,5,11,0
5556,07a8baab2d27cfc2a28a7270c86f0bc2c2ba4ad2c2cac7c7238af72b0b2c0aea,0027df7fe42baab1d47257e5b37ea1498437338042ef46b6764c13efd87004dc,diagnostic,23,14,19,0.5789473684210527,11,9,11,0
3702,7ddf253e04dbfa521cb338cf993f033ccdf878696eb30661d3822c4fbc8e2a7b,002d4f8d1ec3814385f56444390b753ed35ff7ec1b2c5d22aa4e498dae464cc8,diagnostic,23,33,34,0.029411764705882353,1,34,1,0
906,5998850799c9e1196d5c56959368f34422cbcad1327900d67bfdd34592eec6b8,002d678344a9501f8a2184c49af62125e59a5a08279477a10c24305d58a30d1d,diagnostic,28,33,38,0.39473684210526316,15,24,19,4
962,ccb3dd0e794d4c20d204148d47a2647c001b7e5e42a6de840e45010082e50f32,00339023ef2bf56e6a6cfe73851531a2aaeb5fd81b36bc0eeb3711fc829da02c,diagnostic,25,33,29,0.7586206896551724,22,8,26,4
3348,22da1663c6c3a882f351a8ce0bec46a82e2f757dc36b38f0cafc51706f04434a,003b1e195e61aff1b94b362331d0653694dea6137badb7186690dcbc1e8cd1cf,diagnostic,23,28,29,0.1724137931034483,5,25,5,0
250,0f47b89b8efb6ec66377716e43521799372b53d0d156a459f55a94bdd12f7fb7,0043aa88d313dc860be284e4dfee993c7972bafb6e64dcd0560724b40d756346,diagnostic,17,15,16,0.3125,5,12,5,0
5372,4147b3596fc029398a13c6a26015b60c155d41702c032784bf5f1b61eb171b30,004c47a8f04f70d48e021d27e9a9e46026f7b6785ceeef52576078fb60a0017d,diagnostic,16,19,31,0.7096774193548387,22,10,22,0
1766,2b8dff0fa18515c29e3e900587a386ce156bbc360f69bb144e2874fee91eacae,0068c0f6381d3e98beb448cfb6c3178c46d41a7ce59d713f2d97141067e446f5,diagnostic,32,33,59,0.5084745762711864,30,30,30,0
6449,33ef437ae2f90c81fe9212ef08f75e4f0ad5197997ebcb534e34a1f257fa2d66,0069753abd71d6867a7e2e03f903afc829f81ead05ba5f3fbb082b8c166eae4b,diagnostic,14,21,22,0.2727272727272727,6,17,6,0
1207,c817cf6af05c07de1073a82ce7e0dd5d8244bfe06623511d715e9910a97f486c,00795c7dae494d72b349c705bb2705a43693ca203e888eccce16a928b6975816,diagnostic,21,18,17,0.058823529411764705,1,17,2,1
3493,7ee4bcc887bf755aeb87d32daba5138eb17d11b1ac7935324aee3cce5ab5c57b,007a6f0ba9d074fd74e67605b80349c0d1b4339cf4b453777c1c1e8a237e01e9,diagnostic,27,30,37,0.5405405405405406,20,18,20,0
3707,27abc5e29684d0f260524777f9318ccc79c87a632aeb62d3796f02cc1de2bf78,007d10b09024a3e5dc36123238881af46475bf6a55b9b797c71e0136d5c54dd3,diagnostic,19,19,20,0.05,1,20,1,0
5264,ec08dfbd203ac471bc80c1891e7a56c214cd76188b685e55f436ef5930e39610,007e0b5664a902f8e68284b002e91ed794825d19fc3a3ada7581227be46ffeb4,diagnostic,20,24,25,0.08,2,24,2,0
5356,112b29f6e96ae0e039fd6f94d92bf29a4ca42c1c6dc443a89708268c58ae523e,007e36515bc8a5fd31ae8c504ff0844fe24cf77ef348338073e06b768b938a63,diagnostic,34,25,25,0.04,1,25,1,0
269,bd0dae2a7dd23d2657087dbd781d5c7296fd39b3e19c5261be8d4390add9f5fe,007f64b533334b24f33e704f652a33fec91f7df22e55306aefd2d1a72899ca96,diagnostic,15,18,18,0.0,0,19,0,0
4840,1d2390ffca86033f9134048c6472103d5fa4013c6c3975c97a48ea52b6f877e9,0086626a98cd60abb98c719aafb361194a66a852470187cc25dd044287c65dbf,diagnostic,23,17,18,0.7777777777777778,14,5,14,0
6343,7712433d76a55d387691c8f34b0121b8df672cfea2cf269b4a775c960a58780b,009bcdb9eb202c3f081e7c798e196be8f832ca0cd5a6effd94ae4173981ccf1d,diagnostic,18,20,22,0.2727272727272727,6,17,10,4
2305,3c722c1d857f50c8f878656dcb9eb089341371d4c06721bc72da957ec79b354d,00ad948bc05689f23e37a20a5c4106a3e056e1ea2fe947d48fbfb0238ac96340,diagnostic,28,27,28,0.07142857142857142,2,27,2,0
493,c7d99037e99e25648cd46da336df017aa904681bb37cd6d3a328c3bd3677996b,00ae2f2beaec3909be04348405dc05bfaeeec55a1201ec83dbf5c1e5468a6470,diagnostic,22,27,30,0.16666666666666666,5,26,5,0
3040,8ea2cf76a589a4af2ecd1fc04458a1c8be5bd37cdd506a9db5500793688bbb66,00b3ad97e7f50c0ad5fe694f34672f02e5b47976642408b7acbe042f10de112c,diagnostic,27,36,36,0.5555555555555556,20,17,30,10
812,efb4be4beaa08cf51b51691ffb3fed13be78ce92c99a7249a8c8dad3c1a71b80,00b973ffd45100f59a7fcfbf7b4598a6202ebbc571069bcf4b600d42403e46c2,diagnostic,31,32,33,0.30303030303030304,10,24,12,2
3983,8e9eacec7147b68061e3c4b2975b634588b23a94ddbc1d9e7aff88c92dad8011,00b98fe64af26d2d3a71b9f4a064494d0ce1887cc2f3f8292f01b7a420be4e73,diagnostic,30,28,39,0.717948717948718,28,12,28,0
3125,d91bbfd285295cfb3a468afc63baf4faf4f146ea30fc096556ff08494a4f2fc3,00c6a285b9e1d824fce17e54de0f524ca2ad611b402011af043b33bdbbb88257,diagnostic,12,14,14,0.14285714285714285,2,13,2,0
1694,deab09cbcef4b2c5b8767b84f35badcc5e5887fed8895edc5e63fe8d2c292ea2,00c8eac60709145aa58c284c347fe7a13ae42da0fde04208157ac188f477908e,diagnostic,29,34,42,0.8333333333333334,35,8,36,1
4497,f3d9a6593b69fa50c2a9d30d31bd5ba6ee7468511beba42a590ca141c986591e,00d818ff80f5dd1c0d33b65b7503f48c764f94888c53809e211925648e0aa935,diagnostic,21,31,33,0.24242424242424243,8,26,9,1
2314,bcdd6ef5b4cffebc95c657801dbee54d4c6895962505f2ce616c53de0c4c45ac,00db5cb0807e6126d015fd80a55bfdfde5becd49320c6f9ce0c067a60363e412,diagnostic,45,52,55,0.2,11,45,12,1
312,0e545bc330379db17aa348e5e73d65815ed6a717f9ab62c0f5b5af3c8b9e3826,00dd80a90542650ba7e9850527ebccc7cecfc43284a00fb8650d7116b83aafcf,diagnostic,37,35,36,0.05555555555555555,2,35,2,0
2329,4c5f7b62b361b3fc9597abe773f17efba24948f7f26d5211cb4b527670ba0479,00e2080c61d7b01ff6a201b94257f521520bc5f38eb7fd121ebbd29843afa19d,diagnostic,40,50,68,0.4264705882352941,29,40,29,0
1928,cf5f424d8ce38544f5acfaa770895b572c431fdb6498ddc3b004231f63d5e7ef,00ec650aeb264876579816e7c1058139b4df91abc41bd3a3d70db3cfd2c5a0d1,diagnostic,30,43,92,0.6195652173913043,57,36,60,3
3292,e0eed791047773d76e0994152157b94d52913f7492d15c0d6eeb6204ad756ce4,00f1b7ddfb7c048791d5bf93e818fbd38090dadaaeee5946acfca9d0a436e1f4,diagnostic,13,11,11,0.0,0,12,0,0
241,807b9901b56d99587832ce2dcd598bdd6f36469b90d6709e1059bfcf302efc39,01010c1c13a623595f9b620edba9bbb15435a18eba02979837c6923cad9b3ff0,diagnostic,26,35,32,0.21875,7,26,10,3
3252,43d7763d0db5a064cc5d4d083c6c7f9e52637bf3fbb695a22afc12e5a9e07717,01077e11516696d82e3d49e5e5c537b5cf4d9362e1bd04bc7d3a876f43fbe937,diagnostic,19,22,26,0.9615384615384616,25,2,25,0
2220,9b316530721c0abc231468998f215654174fa9aa5fa87df0cd8ee6b78e68e732,010b42c248ec6709f5cb35ca86c564f9c61691e98e7d017faa233da44dc43528,diagnostic,9,7,8,0.5,4,5,4,0
2975,6d91ac13b618c22b0de0424bee1fcfa46a1115eff4dd54ca030de94ac964ffc4,010fa7c73e363606669c445e5d734c369ddeca757363dc87be437f1444fe0793,diagnostic,23,22,29,0.6206896551724138,18,12,18,0
310,12e23f349e7465abb8ef9d0f3a625a820148e0809e502c904671f5002ac2f68e,011946c9b4811441ad264dc3d5e1b15db74f753eb1078bf78e74bebb1d618b57,diagnostic,15,15,17,0.7058823529411765,12,6,12,0
3378,14274ff54349c3c6e4dcf155fda0276924f3b631b5f6a1be8f4c9ac24fb904c7,011cef6131c77bedeb6839690ad6060d70c92a6fd31042c2680220b0c4f55ea6,diagnostic,17,22,15,0.5333333333333333,8,8,15,7
4761,306baee91f1fc0fd2983ca00904fdaa6f6386673f3d42f6e936b8515a355bad6,011d862232d022b3250fe0c685b4a7062229c5d035c930dfa92cfb9d7230f45d,diagnostic,26,34,35,0.42857142857142855,15,21,24,9
5120,cb25b72a6b115b545b23dcd2043139e93ce94d9c670b023dd497a018e5f54ce0,012eaba22e377eae8563b54d30d0c6fcd72dabcd88c63527929d8147e7c306d3,diagnostic,32,30,31,0.45161290322580644,14,18,14,0
6837,fb0473a1815593c5c3227ba14726734285f40efcf73c4f8ad5ee99427075098a,0132bc76c13cec8d3e1cda8324eda4a8e17672fc25ae4befd35953b5fd1e51c5,diagnostic,11,9,12,0.5833333333333334,7,6,7,0
6483,dc1b2914b2876b90ffc350f4550d0a6d9e07c83929010a4718f56598d5ed4342,013b17cdbae5fb1247bf1a6c6124d5b2d0e3d7c82b47dc4383ca1d56819a7905,diagnostic,12,12,16,0.6875,11,6,12,1
4337,0a905f8c856159af2c56301fee0a64a0c34bc961ce90eb8b6847aa9046fc4421,014a88629f6f612f9062aa7d450605ca66f2c7063af898de3a7c779b2839d330,diagnostic,29,22,42,0.8333333333333334,35,8,35,0
5907,39be544bbca695f5aabfe5b8b6abb1661ceda140ed4e4d885d22d95ddb04ac65,015948f0698686731bca8ea010476c6536c318016650efeb96f1e0ea3c564b1c,diagnostic,15,15,17,0.5882352941176471,10,8,10,0
4044,d2bb42ba7339dcc20fc04174ff2fafa282f4479de928df319892b18d0118aa80,015fb89f373fda998a84073269f91692ebe741723e3e7eec7680f42299521b74,diagnostic,16,21,22,0.09090909090909091,2,21,2,0
6903,90ee5429d8601db6f69a8f8551b1c7a8bd7ba9c3bfca1942e9bd30b6c8e18ae4,0175ea0bf228e821d7156391e31532268994cf7b04c3d321c2f3fd4bb9ca8e2f,diagnostic,22,20,24,0.4583333333333333,11,14,12,1
101,3c9113db27e4185e541f85d5b7439a2fd3e17956f30c21bd00e8d0ead44461c1,0179938eb739fb1a6c4fbfedadbe378b1b91231b0ed2d9f2b77a399d44765c42,diagnostic,29,27,27,0.0,0,28,0,0
5929,288fc262fb88dd877d54dd691bf86a2781a229c4de0fab3f5168127b5b05e69b,01a9978ccfa36f2d2dd9cfb5278c31b57686eac5f8becc446fc44d6cc1ccddf7,diagnostic,31,30,43,0.5348837209302325,23,21,23,0
3463,1bba2ba9c4c2ea21848cf4dc71bfac0e41ca855df07cfe089f98403259fbe72c,01b53c045d57860585ca65986990dd34f8923fead69f08cdeb64222b2b272700,diagnostic,22,22,23,0.6521739130434783,15,9,16,1
5343,873d2a3a5b48ed14997ffc5757af3f9f099ee42efbb7492003428d81a66b8007,01c32422ea66e51b55bcc2b9ad95e28e3aa718e36cfcf08fdbc671fe119a46ed,diagnostic,43,50,51,0.27450980392156865,14,38,14,0
1334,84846ca7f5b49af7a38bad1f51708f6fd1136fba7a5cb86d931fee01dd8c4021,01ceb9daa013d13969368ffea5254aa794541817602df848175844672ec02d3f,diagnostic,17,12,12,0.08333333333333333,1,12,1,0
6334,2928a4e74f51e01f4bd2d42632ae8a49c4efd4da52ef83072022a8aca9d798c5,01d8c99accad4339ffb7ec61c4784fb1ed69e0e639ab25faafb675849c75173c,diagnostic,15,22,31,0.8064516129032258,25,7,25,0
2416,3c2a942a913071faafbfe2bd6dff2c285a97c5a5faa3e2b468f5ac4325a28a8a,01e0c0de7df525ec85027bd8f929e00d794badaf3288411e1da247e5d16ee7f6,diagnostic,31,34,30,0.4666666666666667,14,17,18,4
944,a439ebf1ec5350e57461a7370f63079a687b0c6671ae71f7ded2f62136999bb4,01ea8235b623fbae05d16cda0d4311cb3e72bbe2cc17b9a54e55f90cdb21796b,diagnostic,36,31,31,0.25806451612903225,8,24,8,0
4914,4548f3bca78ad3728f584253e6503760bf841a46352dc9cbe00427441e5b3e8b,01f02e68559f921d5a3b94e4a64ac0c4c98eb050caf1eb44fca2b84a8f03e169,diagnostic,14,14,14,0.07142857142857142,1,14,1,0
2954,b77cdb4d373f0135f6ec52019d5d6b86b54f6c23b646c606048f734766121b54,01f820a0545c353bed95baf8a1eb30ece696c5344f63c71b59cda320f8ebe8d8,diagnostic,29,27,27,0.0,0,28,0,0
5941,787c37eb630c8935d354e4a8d254899546ecc575f8ef3177e5860368a6ba7024,020139346150bbffacb3bd583ca9a728ff52de134518491c610a9f77fce1a142,diagnostic,18,23,28,0.25,7,22,7,0
3110,0a08d1ad960115c29fe87cc49fd3b2db2f3e9373debaf4d22b08b209435e3850,020486f341e86ffd537aec4bb7816dbe855500c3407783e5223f742024c1f136,diagnostic,18,26,43,0.5581395348837209,24,20,24,0
4389,45426f076e5f311e03dc5d15460901c67e4319467061dc1b7f235517966acab1,02062a9498f135a619fc7c0717108383bc1dac6d00f4913c621aaf0c2a2f14dc,diagnostic,26,22,28,0.9642857142857143,27,2,27,0
1174,a3a27a31f02ddaa484c94345457cd28e4d675b53fbc866c32a7c503b461cc615,0207ce7ced3eddabbd7f9bcdd9b27d7a41ba89716ea28d40e852b6abced5b413,diagnostic,33,31,31,0.0,0,32,0,0
3314,1d1a39e0cb95d97d849c3b35777a62689d8f0b7ad18b11ce35e70a982c35db34,0214beb710a5051ac8dfc53282211c37e43df90d510882c05f18e8c26c90a250,diagnostic,15,13,20,0.65,13,8,15,2
4157,b3fde6674ee67cab1d1cec621bd3aed19c33e2af66aba8277d2437b0b3743872,02160c0e3f4f69440a9c7f440b1b5f28a7208318bad7f04952385c826f373c54,diagnostic,17,24,42,0.5952380952380952,25,18,25,0
2001,d8269ef6174af9666b2298a595ed80203b1165dd8181e2f981f1a9f42dfa78da,0218f6b401d30145c1f563cd50a5fca9ebf50341c30eee3cf87ce0624363adce,diagnostic,13,14,24,0.625,15,10,15,0
3400,18f080ed9bf6b1733ec358c1b97afb79f407a2f5bd28dc065efb90c09cb636e2,021a6c133b1366237d67ae8ee32658ad8eba183385d5bcfc9e232b4750af045f,diagnostic,21,25,24,0.875,21,4,23,2
4483,4982daa3977e8a28cdf60404494c8231b35c44bef2a3b1de80381d67c071eda4,023840032e74ad820a90bc006f6206953950e9a1c1ee2daf48e098e9c10ece80,diagnostic,33,36,48,0.5416666666666666,26,23,27,1
6659,32bdefeb7a472a3c4df1d31550673070000712ad0bcb513667ff8bf0db5e48a0,02417ba6a5b84e70e26f624123bedfe063dfd9d61ffc8399d67821e82173155c,diagnostic,18,21,21,0.0,0,22,0,0
2287,97de51a6412e9dfebb72791f78bac687208cc446348cde57b4ac4fbe8efbdf6a,0250c00697a8ca6468fb120a5b338699aa35374194547d836faa9ab103fdc1ff,diagnostic,25,29,44,0.75,33,12,33,0
6919,a5afe3c038e0ca1cf8cce1070fa1485b23a4d633d69ce9c90c08d0a3428e4573,02528f8cfa2871defef142dfcaf0b23094e39488fea515f2aba0df727bcdb49f,diagnostic,13,23,22,0.5454545454545454,12,11,14,2
3842,5e68e9f2bbe85937f5553dc692733b93a78f0ecfb697c87789e32aa016837b4b,026bbd5401c57ee8c6ed332325a0a19bae029c51dba08981e9a864c97b0a327b,diagnostic,51,57,94,0.776595744680851,73,22,73,0
3149,2e6dcd6304722f53d1fd7b2075901d5f972af236404f20ecd41fa6290ca3c2f8,026e0aaa45d3028e6248249e8ef12f774c42728b6c725abe39231f6e25ef7e4a,diagnostic,18,38,27,0.48148148148148145,13,15,25,12
4125,0db4cd6f79c5b02491fe7b586c79ab11c6067aca04b2279f83a34f34318a4295,027d374e63df874727bdb76a3cc5b91af4eb37d800b6bc0c8292fbfde9f56664,diagnostic,17,26,33,0.3333333333333333,11,23,11,0
2602,d5dececc1638759e469d3b8602e1c8d5bb4b43cc4e43e95dec2ce730ddccb45c,027dcde0a30e0494a9c76b98f89c57d7f44bd3fc3981f9bbc1f11c31a6299727,diagnostic,17,30,33,0.24242424242424243,8,26,8,0
6730,e940e605343e8e4314535abf908aae015f5a2adb9e06cd01e8667b48ea005560,027e61928b7a9117ef0407de0f3b48711774312cecef2e72fc19bf86b0ac2fd9,diagnostic,16,22,25,0.8,20,6,20,0
1770,1d2bd64ce57ea2fdb7b12049809a7f4be28c88dcacee0bea74ad59b147b7c70b,02860ba2741cb049e0cea2f5feb506e5a69ee0274db5fea77c5add87b697a729,diagnostic,20,19,31,0.41935483870967744,13,19,13,0
1204,8807709d771855309a2479597f962242deee3909210fc8db06738c8398a081be,028dc3f4e171c87c55bbfae448997d1436efa2865e746ea55d8690d446164974,diagnostic,17,18,17,0.6470588235294118,11,7,12,1
5082,c53617f0408c2ee8e8cdb5a7e0d45838dcdab76cc137fa906415ca42bfb67f7f,029461ffac5ce18be435357be6e9e06c6cbe8e94b1704c92e7888a60949e8e0a,diagnostic,28,23,22,0.5454545454545454,12,11,13,1
4272,04776dcfafe812c619339b81821621b2839eaa147f71d00b1346147503151200,0297c1c99db2f9b2c588a846aba854330ef679ac5c80b9364cbc8c1affe6c307,diagnostic,13,14,9,0.3333333333333333,3,7,8,5
4442,d463454b1f3307d9214885aa27e98a8094c872778b661112c8f515ec36e6ff67,0297c37f9a5b0e36815b456cff1738349f2b2b134f6d1e8d179419a9bb98d4e6,diagnostic,17,23,24,0.2916666666666667,7,18,8,1
4225,0a045780825c73a30ea8d1b752db0570188f21b1bfa4f646ea50a5134dfc71ef,02aa946a8c52415ba5ec340d73c10a8271889fcd60aa11a1f7821c9095df39f6,diagnostic,27,33,31,0.3225806451612903,10,22,15,5
3096,ba51a60d28d2334809a41d2f2f56f492daf2428637d8031c101519a8ffa7f483,02b09dc2a05659cba4ebfe18ae6aa81db101d2c3bbb62474231b1d47a8223b4e,diagnostic,32,29,28,0.14285714285714285,4,25,5,1
178,dbd587824cd61c7a010fc8972c6c59e50f888a17c88cefb49aa4c570f0989bc6,02ba8aaa664f777b6ef684706e77207f4098bcc24deddedfedfcb95a93081bd0,diagnostic,20,23,23,0.0,0,24,0,0
848,832f6e356554895d63fdbae0a4c41b167caf9313f11d40e10daf36cf508b6856,02d155656e9cef86066a858ba590c645a570358df49b227ea3329b446117a2b8,diagnostic,19,20,21,0.14285714285714285,3,19,4,1
4001,dea64163d52dc58565239a04435a295b438951c91675efb626eea23668cc4a33,02d6bc11cbbbe2791f4323ce36cde1fb7ed1521c20c2a192386fe144fe2eab7a,diagnostic,24,31,35,0.3142857142857143,11,25,12,1
1655,0b101db66fe3af741981de0eccf175e68c1900f9d2090f9fd3c97081f9580db4,02d8f024f329aaa52be6718774f5cdb052786408bd712fc3e7297907eec7f4bd,diagnostic,21,19,13,0.5384615384615384,7,7,13,6
5978,e46064d9e480fae026a160d3bb748b5969dc65205b6762137853bad990afebd0,02dc30342eb8432a1065192c267e40f71daae536810ece913b6194ce49b5366d,diagnostic,24,23,29,0.7931034482758621,23,7,23,0
4127,de18d3593017bf8fdecc69358d579ef1f503d0935840631e67657fb3bc1f646d,02e2c41a03c14d2226388cf6106eeda44da97b75d4eef642860afdbd069f23bd,diagnostic,32,31,22,0.5909090909090909,13,10,22,9
3145,34668a2e52c72c88bd5b7a7a620faf55d2c7832929bbe01b30a5ff348595e329,02ee7c9599f089aaa97ecbc724a47921b7e063d048e7ffa83e103806b5d910a9,diagnostic,33,29,47,0.7446808510638298,35,13,35,0
4870,3ca4671ebc08fe52f983ee47a709663ed8260118832562267a85e1557d85e11a,02f0bd86836c384e33c533066538a4d7d61598cf36db218526c1fa8ef73acced,diagnostic,26,22,46,0.6304347826086957,29,18,29,0
2605,cb6fcda8b5d2fcb03929bc5aaf6b365ff8911073fa6db9e67f07d3e8aa619e1a,0302838af6c5e7e9eef3e4274ef426379f6318a4d53d211d2811920c234afec5,diagnostic,34,37,49,0.6938775510204082,34,16,38,4
4123,74072f2f41f5b70f656d4af43a0b70229d9c18cece644704674d11a7ea9bb8df,030550580502c7a2fef0ad3cbbdda2222de07c7af8ec541404ed93441d1b31bb,diagnostic,22,20,22,0.6363636363636364,14,9,14,0
186,991f5f28c7f42589496618e399e04606379d38462a8c31c710a9f79d24e7fc6b,0306f844c624156f9a2bdaefa7390760b6d4baa785e8c6d9b58aa73ecc56cf77,diagnostic,24,33,33,0.0,0,34,0,0
1467,f2c1b866cb93993f545f13ee793786af2ce4c1a40415e1c318026f10fd639f64,031ab87a5f9a02874cbd745f3e73086a0accc6cf1c915d1c91f2a017dabff7d6,diagnostic,15,21,47,0.5957446808510638,28,20,28,0
2616,ccc9661b86603656483d5aaeaa5d49cf6caf76982ad32d802c21d00a15c0dce1,0322758945ffe4f29f420ebb16afab79cff703d9917d3bc12c9ca88f6acde560,diagnostic,23,27,31,0.3225806451612903,10,22,10,0
2951,de00ef5f1cab7a445b8dc8909f63b0bb952d662c6e06ad1ae3743c47cda86cdf,03251dad484639c4d1424ca0dad486fddb74864a71f23423d2879c3c6ad35b31,diagnostic,15,21,23,0.2608695652173913,6,18,10,4
1752,2b3fb5bbf1f552012df12d7d9ff0b8ab4d0bd959999e59c8c2eb14beb705b830,03252a1e7648f73bcd280b0ca7d1ae52c810f1da967700358eed1ddfeace071b,diagnostic,22,24,25,0.16,4,22,4,0
2381,ae90b31fe9414733f05772951078aee674a6410b60b01c0b4802f3a42f9338ba,0329940f88afaf92c3fe63d287b1440dcb165b4396295f03d657be1ab967f7d7,diagnostic,20,26,33,0.36363636363636365,12,22,12,0
5795,01b657df0c17c88b883665e26df14e36d46986d307b80b4a559f0b258998c821,032cc9eda59e34df0a93c5eb79c87797ae615d0a7febf40406836f45e17aadad,diagnostic,28,29,28,0.6785714285714286,19,10,21,2
5154,4388af776537c307e8cae7ce5e36967e9a8dce3ea31581a80b6b68c1da8ba88b,03421d4c3e8a2fe0fc907212b340e26df07214c7edcc7bc4e41379e6f95a157c,diagnostic,22,22,34,0.4411764705882353,15,20,15,0
6896,20a2a11ef3e9fb327e3e7ad29b483f9d2f1ce424c1dad83727560dd4c2363c33,034276a9714d9926a88ea058fc04b62b8a0a4c335345f3c042c335605ff58402,diagnostic,24,28,29,0.3793103448275862,11,19,11,0
4521,b4204b5fedf2e04dcaea0e2fadc26f9dee4d83e416ff8e743f60aa1cbd4a55a6,034354cf0e9b174ca2b1aaf267fb76e8146f0aef060e9cedef571d03f708afda,diagnostic,37,28,33,0.5454545454545454,18,16,18,0
130,80847756457ae4a1d16bf9052947ad08949c6c366cc2e78091f001a4c9838a59,03462edbfc3dd4bd442fb64dd165307d66ebe62cbfd059f3b9b2a2016a95bf70,diagnostic,18,18,19,0.5263157894736842,10,10,10,0
5130,417dd2e65fb2d9e14a202e847180ee9219c593832e387b98e33a94a8a7b8c536,0349220cbdae21968358a0435f75e4d989c8d975158d7d947a33efcf5f05d12e,diagnostic,27,19,22,0.22727272727272727,5,18,5,0
995,efbdcf541b683196a67bc16c9787451fc85bda302d299a79f155a86e94a193f6,0351ccf17726fc8bb8873b1c35cbf0b4219a281a35587f9241d820fde6e6358e,diagnostic,16,20,20,0.1,2,19,2,0
34,79883d644c657502a9b2c3edd503d33324f0235c6b99c1a4335466749e898e4f,03588ed792dcd47d6e2ac7bcaaa6699dfb846f38f0179658c1a57287d1df51a0,diagnostic,22,16,16,0.0,0,17,0,0
5214,5fda04899668c071fed179bd87df90a51acb2fd842a956fc83d4cf4189a3963a,038a7fe9753d489baafc1686fd1a5f1cbbd581ebe0943ccd9a55390211337225,diagnostic,18,21,26,0.7307692307692307,19,8,20,1
3123,ba4768f8a6c88898fd429dd22fcb365d29fc4c3d5920a823c2cf4640d2b7005b,03aa9049636c8b7c7ab9171e18585580a8067cd53a15ace66171de872484795e,diagnostic,16,11,13,0.46153846153846156,6,8,6,0
332,3c47166db57c0df69499fd271a4efc8f7a4572d5077fffd15e2395926e89b45c,03b608ee3a8c588629f677fee8b722ae576bf5e18e60ff5cdec0bada312527e7,diagnostic,27,29,29,0.1724137931034483,5,25,6,1
4732,11c47820ab19608300b9e9653bd9f7a39a7c08bbed6ef544cd5cbb50368ace9a,03bfb0a703767961efde3304165fb146d83ab32062071a1c9051036bf12471c7,diagnostic,28,32,30,0.5,15,16,19,4
5707,b6f82360d6b69feb08879181e3ffc0745f32a4398180ecde088458c02944c9e2,03c5767aa33519781c32e236bcff97d9468dd657a27de450e9aaa4c501b9baf1,diagnostic,38,29,29,0.3448275862068966,10,20,12,2
3306,142a8042f832c8de34d67278c596e4fb781fcec92c9fcc7ad5de7a17d15dc118,03cf381882f6600173b870ec000e95eb5ff0a107cb9921b244ce2d78db41bc9c,diagnostic,19,31,20,0.7,14,7,25,11
581,8dd8034c6f4ed99d204250de66f3d2ed0eac5826cf281f47ddefe9893b302cda,03d2666f0a6891cdbb7f4148e47422246afd7e46f70e40a3fb7bc0a526bde031,diagnostic,32,31,31,0.0,0,32,0,0
4063,ea56f798cdab0043efc3ed1963f8c851755667e08714246dd4164db827f6f570,03d4fbe83e158b1dc0698d3447c7eb48f9af7262b41867670fb41021874f7e63,diagnostic,20,25,29,0.3448275862068966,10,20,11,1
1064,05eaaec7881de0196c604eb2fc87cb86161e20dfe0597157f6e4a74f4f799f69,03dda2ecbf716fa463f71774a2f23b4ff8838749f9c69a21e3f6748e81d2be2a,diagnostic,20,17,18,0.4444444444444444,8,11,8,0
364,96500363ba35f795c196ab9dc7371268c368dae912822d0f3e3138201ee31850,03e71a2565704fa76c3300a6250d17b8f3133aca148f140d25d7874d07a7b027,diagnostic,23,21,19,0.10526315789473684,2,18,4,2
4978,20f887514bad428804b6547326ceeeb6e335919e2e3d7150edcbd5720fe2d880,03f9f29518178e941db091553fd2679eff4d947b82e05cfc232c0efd3439bea3,diagnostic,13,16,29,0.6206896551724138,18,12,18,0
3750,bcbdc08269f5368796883cfa2252ef168312224972c01c8ae889b6cfc003c0d5,04033b11b8452db53836073d80b0f0e94c1d2d484f17f6fd0113df9512ca3dd9,diagnostic,19,17,13,0.6153846153846154,8,6,13,5
4445,a681eb3e121530be5c758e1a55d58be4041f30978fdb59d5fcc08d61db3fe6cd,040d07e8052e553ddcd75369363147de6fd02d1bfe884e12acc83f21cc236ae6,diagnostic,24,15,17,0.29411764705882354,5,13,5,0
1608,78b2341dcb6d3ed416b972fc74bf25f44e426a44ce476f786563ce08c27670f9,042ba8ea74b0c210044119a001da9416acc4ff9528422168563c780937ba5086,diagnostic,35,38,50,0.64,32,19,32,0
3479,687ed28cf3a8a5a8622d6430bacb3868b46402e3cc7aed3bf4ff52058a3f1a42,043750aa8c14675cf5fde09d5b5fce9a5fe139d84e6641f73ebe14f64811848e,diagnostic,31,40,51,0.6862745098039216,35,17,39,4
2325,775977e4dd1230414358272ceb42e729fd837e709e1d3b9794d4b5c385398c27,0437f9b23302e496773ca41afa1b50073804c9aa74e8004438c97dc2bd37d989,diagnostic,23,22,29,0.896551724137931,26,4,26,0
5817,450da3b7cf781cd9cef57ec0f911031f5ef4e631dc4109de1a88b7eebd8844a8,0438af2f70be28673fcaa7f1701a00e2de427c3476f40691e4f8cdfcbd19357e,diagnostic,24,30,29,0.20689655172413793,6,24,7,1
859,d23f852fa5e3f92bdfa75e329d8bba399172e0bde669e12cbdf0835c565ef987,044fc58f0ff8e489d65e693fd2451513dc1211eeb05f299879e51022d9897c62,diagnostic,28,24,26,0.34615384615384615,9,18,11,2
4652,9a5ecfd3c83fc202fc9d16f21a123ff472b7a5214d6a16a1e2c8d526a9c27a67,0451079014d2a3332fee9b08c1f497d3e9c8f1b0fdb80bd477a48e66e00cbfbb,diagnostic,28,16,27,0.8888888888888888,24,4,24,0
1293,bdfdd1186c9dfa385a7bc760f201cb25cafb1ec49fd963160cfa0b34f20a6577,045789bae1eb69e9a41d115c01c401067df648b33ad89e5cbca3d0a81e69cfa2,diagnostic,20,17,21,0.38095238095238093,8,14,8,0
1247,97ee5143487740f02b222ec2982aba317d71e193daedf76317bc0ded4300ba82,045c1a7352049f4a38ed73f63ae7185aaa682563df55025b6c1fe96bb31aeea0,diagnostic,22,33,34,0.17647058823529413,6,29,6,0
1031,8284a00a8af751f7d1db34bb04cf769d4076d9fa896d72519c52d3289cb0a8b7,04668393a845a70e8e61afa7f6533d1e5a3f1c71bdab9e0f3f08bebb118b7c03,diagnostic,26,39,34,0.029411764705882353,1,34,6,5
2154,3373fabcd9819da70fa9baef73e9d2bf398131db242e899da43e3c8eca1652af,047374b6c97f57ca832053ca7e1136a22e271da6f1edbab87e4d3b625fd3e981,diagnostic,40,43,46,0.17391304347826086,8,39,10,2
74,4b59a1e4b9af403523159089efcfef17a124a96b79d39230842d7de7f50fb7ca,047a5b6c2fd19fb66a2265ca7f661eb5a9f4c4e5f21b4ffb1d1bc01fb84619fc,diagnostic,39,50,50,0.0,0,51,0,0
4387,9ab73ddf3cad69450c61324cde9c6be26e0807faee3a2314a66cbbd438ef8a18,0483063de8e66c791f71fc8a45bd683c13c0223a61dfb4dc947c7f475ca7c9e2,diagnostic,26,27,31,0.4838709677419355,15,17,16,1
3068,f28322e44ee6564341912a0ee663d12da9fa8d986b61e7eae79d785a1710d368,048412429bff1f09d33ebf06dee2df79cd03bf3f06f3a9ec896b57bf91efc502,diagnostic,32,47,46,0.043478260869565216,2,45,3,1
6119,77ac87755709cd72f51b89425b0832221660ac4fe8fa16f2fae46d8fca16417d,048e7125be72c45d41c1d9bf3719890cba6ac1766fea20a652835ba6f48313a7,diagnostic,19,18,20,0.2,4,17,4,0
3380,0ab2468ee3d962657656a1414917fbe00803f262b67090f99b1673713e90326c,0491b9ed644ae65fafe60295ad01556ea3f794f579d16aace33eed004ea7cbd9,diagnostic,30,24,27,0.5185185185185185,14,14,15,1
40,db1b3c4e0ed0200dd625dd83d5c701be0bc79a4bd0c4a32a9944d9a7a4ac4288,0499baa67880bf9d4b87069501ce1b89aa5e9cec7bf1bfebc12a9e6e0cd8da06,diagnostic,17,10,10,0.0,0,11,0,0
3417,c5b2de16505e3508e9cb03851a87d3d4b235e8ac66772399e34aa618b2fed7d9,04a944ef0673893eba087eb8ebf9f903d2efbc9c7f6bf17fa40867c2edfe5843,diagnostic,21,18,18,0.0,0,19,0,0
706,cc598f2fe01d09c78f58cf2d0b87a8569ead063a47d62eabdb4ac2cbca813b41,04b80821c4b48d14964e5df58bc3b491a11d79f43e10736048e1dd5a47bf6fc9,diagnostic,20,31,32,0.28125,9,24,11,2
3684,3d6721c9fc996602d6702e69efc6bb0048bd0293f37d126f2504a6e85aea37e4,04bd7131f5e1baeea10371c3af9a712aae61b98e1a572af350d79a9296317c4e,diagnostic,25,38,65,0.5384615384615384,35,31,37,2
1321,b67e1a33883c1fcb390fcf13f049a8d774c6edcf6a3278beeff8fe8ac52a56be,04c3a198980e864272d32b9d11f4570cf6c18ef645c9af84783ee3191620623c,diagnostic,19,16,15,0.2,3,13,5,2
867,b5c510a9057d7253f27b6a9d7ad850d2167980b12fd0705e8e2249e0fd978728,04dfe220890773d9fbdd1a19a9030d1c8b8266c4dd408fb81cc97ec33d20298e,diagnostic,27,26,27,0.25925925925925924,7,21,7,0
405,a742b8f1405b1b112ef23dfd0ace817ef08a5d817e67023eaa10deb0d8df4e4b,04f117598cb7c653901db9785b8fb2b23e607860e2c7ad183fd922a7e74ffa5b,diagnostic,28,20,21,0.3333333333333333,7,15,8,1
2776,c3157a46320de1bdd221213a41900c3c0c9e9fc246a68e738f394b5fefc4dd17,04fa1a8669a60207b31518c98d7af9528744f217c2e76d01a185388e03f74f6f,diagnostic,17,25,27,0.14814814814814814,4,24,4,0
3951,8b618817194c32ee3db53eb8e620d87e7808996da75192193d48bfec608f80d7,04fdc4bd4c77ec7337b14b5953abf0af80b72f661a7339c8775d38026dfc455e,diagnostic,33,32,34,0.17647058823529413,6,29,6,0
6599,a96a6e7abb05a465eeeb4bfb1c3bd8be6c516fb941f6276fcef167d3a834fd0a,0509d22f958b10a0631a001773a475de4e30569de6facb24af8bd55dbf58a2af,diagnostic,17,13,17,0.47058823529411764,8,10,8,0
3141,81a09b6c48b3501fabac95461547066d98915e2a52c60a8c661ba3dcfff711c2,0518cff4f48411e12b74c917cd73e915acfb980b11bbbc62e06db95c067579ae,diagnostic,31,31,32,0.28125,9,24,9,0
5903,f1f2340bc37ec9e45a8738bc66c755c934230b2090d2d3903a5c8bb900e0acba,05214b8f2a5cfbab315147d16dd0669550b54cc0b86f2402c1c0c3bd7f1bb7bd,diagnostic,22,28,40,0.625,25,16,27,2
3556,7ea417c0c1d074f5dff86087f1e4167540af0a4d85f92be3d07d3c73208bd7b4,05343ddb503260297270aaa4f797e89c6af9124fa94a656589b3c7b407779162,diagnostic,33,22,22,0.0,0,23,0,0
6535,6fbcd84ea56bffb2ea38014e8addf9374aae0f5b804035c7e9384df95442635a,053e9bd1072fbe94f6b8cf477d8dc474f3cfc3735e1a4be0e43dadc4d944e5b5,diagnostic,26,16,27,0.5925925925925926,16,12,16,0
4909,ec48944c48accab45ed833c1226463c997dcb70171c24373f4550d7456bd2842,054090697bd0ec64cac5e2a3b3cff73745fbaf8b220052a0f450280369cfaf9f,diagnostic,23,30,30,0.0,0,31,0,0
3077,ab6a1cc94eda92a7fa8f981e24986aa144a1731ef7e49d1c594765c4f543f19b,0553d3721ed78796fe7f7d3bd4266f63c7339edaa9c27d50a871b3e17581a91d,diagnostic,21,27,47,0.5957446808510638,28,20,28,0
4589,6b57e4ddaf7e839f0167541070fd3d5a59e3c6bfd082c8862414788feb9d8b9e,0555a783a86d10ea7b4b77db1160dd068f2f4744e1c4c5245e223da8cd4ea367,diagnostic,18,18,20,0.5,10,11,10,0
5789,8c63e731175f940707b39735c837f8d26aa6788e43e222ae51abb58903539431,055727d3b3b1aed0b3738130e2b5279ace1bf135ffc26a8a994f9130ee33c4cc,diagnostic,13,11,11,0.09090909090909091,1,11,1,0
3784,ded1b6e8c577cd1d1657f9f283390215e5179d3b1eeb6764d4c3051f3a05b7c3,055d7ce6820a671e0d2cffd001aaeffb8edff41cf965ad4f7b0c0792238cf927,diagnostic,16,19,26,0.5384615384615384,14,13,15,1
6973,b0ad66ceb7f50b10a8d0365fb868b6819dd4a78fecdd79cc87a035fc47fdc8ab,056cdd402799da7875e813c1fc1bce2b7cdf3914f5c417a0bd380fd6ce068e7f,diagnostic,32,52,53,0.1320754716981132,7,47,7,0
3699,d53f1ffb2e90ee7b29cf7cb3adf600ed378d4f4507520425ee29eb573f606c37,0577058540f6e6c607d2876f8a0a2d96ed62ed5e8ea57d4df39c6e9d7dec5459,diagnostic,17,14,13,0.38461538461538464,5,9,6,1
3368,db8a0b293c6dedce5bf6cbf1bc64af19a6ffc2b412620a3287de9227a4cb854a,0578a9efbbd3c192a5c24e07e9a53c9edbecc5fa6df07541998a20cedce61a89,diagnostic,15,14,13,0.23076923076923078,3,11,4,1
5225,e52b04ee7816ef3a4ebc1cfbd51a2c77b314b562da54aa381e788cb0de1cd387,058293836ddbf9f172c56a01140918b676426271e00ee9426a3998612e8d12d5,diagnostic,28,34,41,0.4634146341463415,19,23,20,1
2890,17a50bf2f3d7736be422dc4da11248773e445b87d0a92cf2ced8802d6e1e291b,05889dc3033b9731d20ff49e92a88d1906eddc4d107b6c0542363f5c4c7c5a4e,diagnostic,15,22,30,0.4,12,19,12,0
1347,12f57389bf81889e8dfe26cb4781f3305803f6efa04b0e04a00535507c7df7a7,05c150fea90fe066e7a27e218010e0a868e250b0fa3036e23025f294d10926fd,diagnostic,24,34,36,0.1388888888888889,5,32,5,0
4307,f7e1acf78f45fd7a73cfa4bf662244212f7b882276006799e8ead2b5526854a5,05d04dfc356b7f37158d9ca00758fc04b9e67382805b15e738840eb6c9795134,diagnostic,19,12,14,0.42857142857142855,6,9,6,0
3250,cd978d51480ab0c9158c045928fec1f5dfbb49e1a557924657606cc5f04c654d,05ddf8ebfc3f001a196d15d0ee21feafb0656c0f03fe7760e64e698c3de3a9b6,diagnostic,25,27,24,0.2916666666666667,7,18,11,4
5484,fd141504f81ff33778ff2cbed278ca28874b9a264f6a1870a4a3fc7350119305,05e5a2dec1b5d707f2f81e953168ea2b1d4fe9f9dd5c906806934a9bd0af37c7,diagnostic,19,28,39,0.5128205128205128,20,20,20,0
907,69c8b507e79d281f95aab9a26e16d79d6398fad204381270767bbd99fe6e532a,05e82a186f59a57672b40f0ca2c8eb196e68ac763de1c9315893a259bfcd5daf,diagnostic,15,14,13,0.23076923076923078,3,11,4,1
2587,4d2ab02b0c80b50adfc005237242a0c4f8685059a92f3a9f715ec3eb41165369,05ea542fee577fa831ae5310f8838a75be24520ad07099895aafb894d844ab8b,diagnostic,26,33,57,0.5964912280701754,34,24,34,0
4227,1d063bcb1db70280643ab9efda2371ade8d60a4853083fea3edf995e80d75680,05f5dd427ce669cf69269433d1db83500972d362ee57e60cf650b6fccdf72667,diagnostic,28,27,27,0.0,0,28,0,0
3888,33066d1189d780bcdefa151f78cdecbec0fff599a5691a1a4699de2699f47cab,05fa4dc56bc89793dbf7426b2308db89e3409df593c3b318991a083dac213c4c,diagnostic,13,12,14,0.5714285714285714,8,7,8,0
5289,b2f62f0f8097d987b86af470c412e071d895cdb7efce180c36154a36ae3f5c06,05fe443346fd67b72400beba749f23e8cb36c6b1d86995b669d1b35e6c9b69be,diagnostic,33,34,36,0.25,9,28,9,0
4397,db6c9ade913cbbc138c17fc6c7a43c15865c2e2838f7874c6729adaf29055761,05ff5464405ac47ea5c3730d442ec5e51f0ab108e023ad099f339a91aea8bd0d,diagnostic,20,12,21,0.42857142857142855,9,13,9,0
6558,23538cb813679faedef3532292f3d52ece041e7e0097c616dbfadfee8d4696db,0604c7383e96969db02d796cff26d2e114e602cbe87303ff65f7802a94b41cee,diagnostic,16,19,27,0.5925925925925926,16,12,16,0
4894,e43b2d72980e32717dd488ea5a380b4f103bb2eba699e51f67529d3844a786fa,061174061d1fee7e5d266d167b014225dcb31824fbf041bcf538eff1734b9471,diagnostic,19,26,25,0.2,5,21,9,4
4302,7d3945e9c1733afe805b8b2d4efaa1e34051bd9ea9065972bfede8d3bac53fa1,061e555b9a66d6ff879e5210764c985f468ee9f7dbd3f15e30bcb9e180d15d76,diagnostic,14,14,21,0.8095238095238095,17,5,18,1
3407,e59093ef57109bf8b99bd663b5ee3315fd6c98dd9ce912751bc7168efcd5f205,06287d003394e1002f33d239d48fd0ce193296731f078938bbbc3b27fd54e83a,diagnostic,32,29,31,0.2903225806451613,9,23,10,1
6327,da15e48da9aad48cb71bdb547fd4b1fec0b19610587f6e9a12d020d5df2c07dc,0634cd0a38ed4cd3018e6a84e10bb60a5e03e8671a2d7b769f92411bfb777b62,diagnostic,25,29,24,0.25,6,19,11,5
2494,5fb6cf9336bc24542a4c7d5fadbfd8f18be015b8ffb1689bbb821af875c449ec,06443ff1de8398ee13fc67af53192484e4a3636751d14340a0e29c3997f6fc0b,diagnostic,13,15,28,0.5,14,15,14,0
5927,9ddde04a2689f09c5e15415790b62f745f1aa7b7d8cd61cf6a7d923cb5947eaa,0644e0ba5ade6f95ec818b2afa301b519b8b2ca91db16f9c7da8cbc99b705e85,diagnostic,21,26,22,0.3181818181818182,7,16,11,4
1105,9a36a553e481f23ff10a80798aa71b9dca027bc698220ef1ba4517ec1a45dff6,06470c5c3b5fb5c3cc15bd43b93418a7515777ca115edc38316f632185a06e5c,diagnostic,22,17,20,0.45,9,12,9,0
2163,fbd8106c09e7bc6eb71969e806d0f1f512ac57ba0579b87494fdc7b77b99e7f6,064b560cf1541644bcca1eadb5bcc607064ec51339ec97832e922b07418e7944,diagnostic,22,20,18,0.3888888888888889,7,12,9,2
2567,d5fdd3b05ac723cd13c0183cb38b8556a6463a3e7621326b928452e8f0728e40,064cc5b69aca69e82288540f4d0f7d9a4cfa4aee039b094a461346cdcdb9f93c,diagnostic,28,42,35,0.0,0,36,7,7
2900,c3635c3180bbbaef8c2d6c05f15ad8e23fce26ff8b2f4be837b4ea8b19cc821d,06530f1e8be3023c5d3cee63ce58c32854503eb758b27689086809bbe57c0ef6,diagnostic,7,9,9,0.0,0,10,0,0
321,976335783ddc9ec53a2d88d57909cb8730129056af734b684ecd2264f7bc3dda,06559a2df2771784631d01fc82d443c36615d22be223576cb89ca5312eefd2b3,diagnostic,32,49,53,0.2641509433962264,14,40,16,2
6588,3c03898aa9925ad9c421b7282fe56608d2c38d2019cfc70453145e9606e411f8,065b49a224e6ff2045bd379d1b9332a8d6668f64d3cdf32f8d1ed81c4e91d2f6,diagnostic,32,37,42,0.21428571428571427,9,34,10,1
2617,6a071ebbdadf21ed595911af5c89cec9ad59a51586da2684f5295350e31f180f,06642998be3ec2ace6ee3cdfbd052a723149a5b3cebd31e531d018edb7bd9b54,diagnostic,12,11,12,0.4166666666666667,5,8,5,0
3529,c2ef60b9ecd5890594b8750eb5c464f2800bbf7426adf46e9b952a1795cb9cdb,0669239d248d34ba7240d006af1fdb184f72686ca397b8bf5be930f72a3813b1,diagnostic,13,25,26,0.38461538461538464,10,17,12,2
6350,4a4bacfeb5d87a8677c11f2d67e05c506db515390be96d346e2ec2abecf91dea,067594a3d306c9c33d1d743eeefcb483848a39c96d0e620eb6952fd044173684,diagnostic,33,22,25,0.44,11,15,11,0
1797,8a0424e840555e08dd34079114b8d13c4e653f88745b0c61d572006e7086c828,067e22d1305c08a0e8ef5c0b9b555c18f750b2381ae1973e1a03e01cd998fb21,diagnostic,35,41,47,0.6170212765957447,29,19,33,4
5060,38251dd3d4fefd5a57d8b3abeccfe6d498a918b33d9c03abd6ce2aa71a8bf460,068a4aa9fd12dec532a3d2bd84299fa81bda3928720d065aadd1515010e069eb,diagnostic,36,48,49,0.40816326530612246,20,30,22,2
3146,0ad999d0cca3b853d73ea83b0ccf3f9e1745fffd418515741de5980ff030a0ab,068ec1b0e141338f1dcebf82be6449bfbd587b00fd445e242891e888323d9e88,diagnostic,18,16,15,0.13333333333333333,2,14,3,1
420,81ce430ec865a921f8084f64e3fd097aa2cba111e53b816ffe2e4b346e93eaaa,0694eaf0a6fd9106c74652c1c543c128a4495d64ab0d4516c35dd27305dc25cb,diagnostic,22,21,22,0.36363636363636365,8,15,9,1
3827,f9d1b9bafc95b35baa67ec3b829dbb2874011e39a5c3423feace6403f54052b5,0698e5e2abde08d57c479e0952acfa0ad6dafc0733ca26497d4e2ebdb7e5fb21,diagnostic,20,23,22,0.8181818181818182,18,5,19,1
4502,6d31e579b30ff873bf480b27a8150a1b974d642e583edef5b139c02599211c1c,06b56d5534cab4fbb68e7656128cdecdfb1306ab8966a471ab63830056c0bb7d,diagnostic,17,17,17,0.8235294117647058,14,4,14,0
2637,a738afe0da614fa6c993cf717f69acb0319e9f1ecb280f2418d77c1e8f635a89,06d52a4112d27eeee5d9748e78a7a2544d132630f749705505b607147a17315c,diagnostic,25,35,33,0.3333333333333333,11,23,15,4
2231,81bcd392c351cd61f8aa0d9c9e2e74bb88adfd0c01fd6a7154b57693f55454c1,06d559bd0e69857b8a184cab1dfca9b7981f056cd148e22c46dbd47895504a9d,diagnostic,17,17,20,0.4,8,13,12,4
5838,8703ade1b74ad27ee5216bff28223bd125291916c90ccabe04d4a57089df51cf,06e0da0291bafc49829018c3bfbd6f4c7546cf88e5cac5c0a524fbafd9eb68ee,diagnostic,16,12,15,0.6,9,7,9,0
6901,e4de87e9fb6b4d912509326ab8905576f6fc268c2b09f156aa97aed0698a84ed,06e762b2ffcb45885d62c12dbde7adcc3508ffd9495fa8201e84abea8d7e3135,diagnostic,15,16,16,0.0,0,17,0,0
1009,81cd5f98b25925300e8f3d23378b8ddcf3744bce1f41e62f84e7745b8a45c2e7,06f176fb0e75a1c830f03b1f79da15a47fbff5a05a42de688f7d828d26b9a667,diagnostic,31,39,31,0.5483870967741935,17,15,25,8
225,0ecd14a5e1642ba1888910ae259cf283ec34aed369517d86ea1896ef3653375e,06f562c56e3aa58f2b5643883debc91a79517b3ff4cf1007968a81815b136653,diagnostic,21,24,38,0.6578947368421053,25,14,28,3
484,ea2a6e3de8b985e45f562e47d8173d951bc0108d81b7c648e848302248eb9aed,06f84df6d85246a363d5a29cd7d2b77a6e4ec79144b258cb960aabf87ab73882,diagnostic,16,15,13,0.3076923076923077,4,10,8,4
3605,fe27e67c57d424e1f7a2602abccc85d22dc89342de9d13043f01412860fafea5,06f94dfc4d85c791764c4c9089a7597e125d04fea5bfbb13be768096e5dd6f6e,diagnostic,18,21,21,0.2857142857142857,6,16,6,0
2906,bc2bc1d2a7fd6b6fe1509c08383cba3253cda2fc81c0696263772abda68a1b63,0709e6b9f681aa3353cfe879749554d0a15ae47ade2378b2c4b3be5dd980f411,diagnostic,28,27,26,0.19230769230769232,5,22,7,2
1957,7ab1cc2b2ff61f20fcce6f2b04421e0f9906220313c01ad312fed5a57cb3aeff,0719ac91db1b0f310cb4063655b43c4312984da049196b6b1d501c5efc759d9b,diagnostic,13,18,19,0.10526315789473684,2,18,2,0
3956,875c5758c92ebbc92b830b0114abf882036773fbeb40937852b1d6972f8e49e8,0731f8fb53321b047e7b744ff86516f0238058d8efaa5b036f9243e185876630,diagnostic,22,31,33,0.21212121212121213,7,27,8,1
6072,85d0fb3f313fcf420c6c8c4dc8eb6d64fa2d5313a40aeca475983b325e933c74,0732bb55649dfe4b5cea2e0d7d5aeb0b5e19787eee479f69f5008e39642c50b4,diagnostic,17,12,12,0.16666666666666666,2,11,2,0
3137,a9966cf51633f8251b523d3c0f3bd320a3fe1fec72332c3f664d327da21ed88f,0733a0e1f0538c4fe9d4d419062bddaaf8e7b2c73e9cde8753bad359419f48f2,diagnostic,35,53,53,0.0,0,54,0,0
5038,c98e99ba24560e0d88d46dc18d8f56665c2af5f94bc7c7256859366ba3ddbc16,073ab8ffac594309bbaabf6d1e69dbbbdeca6ea9a1e067844139b16ebb8ad0d5,diagnostic,29,22,43,0.7441860465116279,32,12,32,0
3008,2913b911ba4a562e997382823ce2b6f774564085f7c9c82c28c91e02c5c36943,0740e631e980b1067797c6a1a49a8f89f090afd544d6eeec6da18fc929bacd3d,diagnostic,16,14,12,0.08333333333333333,1,12,3,2
2182,5c6c2d868a405bacb54648df37e5eb9b1f8826d52e773af8ce80d29d4c392bd2,074de29d3abe74688ee30fcc712b5c7b098ea60483946aac148b0dc255f5f18c,diagnostic,31,39,30,0.16666666666666666,5,26,14,9
4014,ae7ba5279e842a4e8d779871df56dcf4609640f6eb977300428c8cdaab145809,0758fbabc2949d67b746cd226a67484b50fcc572c16681579cac21678418a321,diagnostic,33,26,40,0.4,16,25,16,0
4806,b4d25bdc04808c3d87bb94ea3a6545353f7199bbbe3e205ae61a0510515ae672,07622d65cbbf13514269ce737fc8be79e5caede373388bd3cb24c62070b68ece,diagnostic,28,29,36,0.4444444444444444,16,21,16,0
4557,af2ad65ef1be37cd73174f20b1b57b3229c0633533efe07b54be95fe0eb3a250,076590aefdd429b84f7be923528e8be177765dc2a52c2b21b4ad53965ec4c639,diagnostic,29,31,30,0.4,12,19,15,3
6567,a62e21ef929fa909b1bd8c265b4c1c75c4a699266b2ee0b9ec6020aeabce26bc,076e67e3e45dfabd16e5a9e06d0f6d343ba4032c89afcb5b3b8e8296e6d695da,diagnostic,20,28,27,0.1111111111111111,3,25,4,1
2929,dd750d8791034e4e724933f2fbedd8b4678904fa2640b20d007f0350e0072b61,07706b2ce131bbf3e3007833e3ec2114427f8c0a7476008a85508e1a54fd2246,diagnostic,24,25,34,0.5588235294117647,19,16,19,0
4981,c542a27fc08f4602db9622e9fb0e86fd242ee61a2df822e3ceafcc41b8deb0b5,0773296c9d18f0325f64141af61343e7b9b739c09d0e971c49756ac8f974cf26,diagnostic,13,10,12,0.3333333333333333,4,9,4,0
809,4ff76993b88439e765930924e74faa7ea3679527d28409bf993e96b3838472a1,0779e82f37990ad024c91f630ac7df1f58a75b2a858a24759b8af8190379bf53,diagnostic,17,12,14,0.42857142857142855,6,9,6,0
6859,eb292049d65b3a948cdb13873fb92f132f644c8bacd01fd8e9f68faac3a5f93f,0794815193ed194c811eb495291be92e477e0f78eb7d0099e9a811b3e0a82f28,diagnostic,33,28,38,0.5,19,20,20,1
852,68a4dffccd6819e4857471c1f81be0fdb2b48a34d438ddb2ef4e4c676c466e4c,07ac2147d5196738b0717357e4ed47f37e2be454ac964f8e11f8da3b243407e9,diagnostic,15,16,17,0.23529411764705882,4,14,4,0
642,c5d2928541700149cc2295c6db6cd75a9200f85390af5b3274c4c7c07ae13027,07ae620a74ac65dfbe1810041893b97bf284d69066436b0c84540fbdfcb4232c,diagnostic,30,29,29,0.034482758620689655,1,29,1,0
5151,3f23364a2cdc66024f3ae0f9f9c6e37ac5daa3b35aeb0ccdb4e8f0fdf5b19e12,07b3048986c0134d7bfd83428425d2e606c3113c817a2e892ad6a2a83165ddc0,diagnostic,13,15,33,0.696969696969697,23,11,23,0
5606,7d1a367986b46d481ce8e03bde0281457b2aa32b73271524069db9c84e74417c,07bd7a45d84733de50ae73eed7b2fb5ff960a7cf0d0b5f78b99943138fa327ab,diagnostic,36,40,37,0.02702702702702703,1,37,4,3
1156,bcca4cfbe90d2c34747916d38b856cffc4890536c06ebd712eaa12c3e26fb530,07c284f5dd97ef471da85b2496c2297e1b9ceb23e17f2be7f9228cb9f5e9e2cd,diagnostic,25,44,42,0.35714285714285715,15,28,18,3
5893,993c64f6ddfb7837e8e3f2cb6cf23edd465a203d19bd7cebab4cc2ac13f1c394,07c9700297a96a1cc966447972f5b6c16d3c6a61c894aea280e2ea4156ea6353,diagnostic,29,43,71,0.43661971830985913,31,41,31,0
558,5bcf8146fa937efae3f64cc080fa22fc8c3ca4a7be9808e78a2567d1b56c0dc8,07c9cc1c1cffa0cd31c18c647f48fceacb202351b4df06004a3842d24bcbc003,diagnostic,20,26,26,0.19230769230769232,5,22,6,1
613,727eeea44ba2d570fdac30efc7c15a4a75a7046314bc1831c7fe319f6a3202ae,07d7e638801e5cdf393a6fa71483b42c6fd140943ece505ba27ac0d47f9723d1,diagnostic,20,22,26,0.34615384615384615,9,18,12,3
5331,1051fb2ec813e5c3d6017dbf283b1ec042bba8560a0ba2621d328cc5a58ce4af,07da711802b7184d22c8dd0aafe231f7a22ef29bf76ff6aebea0dc5508a7ac7d,diagnostic,21,22,46,0.7608695652173914,35,12,35,0
3619,65b105f214ca3d4970d0ad9554d5937685b7f53aef0da33bf40db1a854e54178,07dbfe44ecfe4003aa07da288f7842e014693d376008e0e27d2925dab281f651,diagnostic,24,31,30,0.4,12,19,14,2
1458,aea6eb2ac893b034f0eb80c31ba5495773cef28231f4af3c62ef8e38c7a9c0be,07e046c15f2d6554ce1f8dad4d23c8247209eae61e78958346770175c60d425c,diagnostic,25,22,26,0.5,13,14,13,0
6735,f7aa5aaeb33ecee508b7ab478416186d9b58a9a634e2ae5aeeafcfc16748d956,07ed7223331fcde7df38341fad5988c7d8f08348a649cb3e91eae452a2581d15,diagnostic,25,20,22,0.22727272727272727,5,18,5,0
6841,6d07aafe0acfcf1c05db85ff11ae44d78a6c48fbe6f51b28ebdf47aea86a8da9,07f71811a10aeeda87920bde2e02b201b86dcc09cce8e89a9727c26537bb4e18,diagnostic,23,24,24,0.08333333333333333,2,23,3,1
2183,33e4f6bf7ebe9274aee480d5bab258bba74faf9b0abeda4d59fcde759c2845c2,08110e7cdb8fb0ab756449292e3ba4dba08a04d750d5b222641c31f3096f009d,diagnostic,22,23,23,0.0,0,24,0,0
2230,dbdad6ca3b5fd46ac841e230dc2f1fe0a39373e38a81bebb89c8843d564a0d7c,081153fcaf7e8f25353042a2c8b0626873de538a3c1ede1413fbaea1510b6d16,diagnostic,22,16,17,0.5882352941176471,10,8,10,0
3823,ca96ffe7af8767ff392b94b0e4c443042fb13f874f85666622a0461f88b56240,0819221e323a195957d81a92685a5c927902520f8c1a5e7c16077ed556d62baf,diagnostic,11,13,15,0.4,6,10,9,3
397,d1f814ee510ef248941ffceb6905e9b5c0461e0fc3e15563efd8c7794ac62999,081d263857f2608f731148c4aa0b10ee671bb5776dbce16323a976d0481ffa35,diagnostic,23,20,19,0.5263157894736842,10,10,11,1
6344,54d6c78fb4586810ec36e79b76f1cf096762db51fe83d2576dc95e2263d6ab19,08235b8e642439281a059c759d60d82231c671371e5477cbcc9b344cb834f404,diagnostic,27,30,50,0.64,32,19,32,0
739,8746f4271cc8c4a30278998d64e1961efa300be5e8c02bcbdc844898ebb4266a,0828b57f8af1c69707b6306b399a1bb556fa3672a6f54c360ec34c1a6f8cda5b,diagnostic,20,21,21,0.09523809523809523,2,20,2,0
2303,548307f9307ce5c8f28f6b958850d65f54afa40cafaacc1710514a2842f6148f,0833ef36c3e947e7da44f9aab23b46c2c43c49d7e2cf901450e2df42a96270ef,diagnostic,31,34,36,0.3055555555555556,11,26,11,0
2000,8b08d781730d5c0e1ade83070bed8eca0f787523ebb1c2f4fd907f3b8e420289,0848f8dfb115ede798106bc541f1d0571093920d25405f0d0ff43e7c5f235d98,diagnostic,20,23,25,0.2,5,21,6,1
6221,e7d5a5dce446e0221555fe55e0a3a7c74de7ef17f571dfe938dea5788c62f920,084f5ddd26b639a19fe85d9c65b2fb60aad65ac7fc0a3adb7de6fa63665490df,diagnostic,26,31,30,0.8,24,7,25,1
240,a49eb5ab100925437ac2e490beb099854db7e8563d9c8712c1fb4f0cd98c813e,0853c3cb85d834306598659501d7f181b378d45b92361bb95dc309d488b00e39,diagnostic,29,24,22,0.45454545454545453,10,13,12,2
6788,9d3420f776c342e272534a0c6d5da18d66bffab86daeb6a1159c48335a613e71,085a62099dda62ab88f508c2bada36e27e52df3523dc7984a4348f60b3fec235,diagnostic,16,14,16,0.375,6,11,7,1
2516,d788ef28043f8c5e951c9264203e5643713c9c119d619417399bf1b2bba0a66e,0863e504351d259b71f45098fce9bd6b62fef0784494872ed2e71598c3074ba7,diagnostic,22,19,19,0.05263157894736842,1,19,1,0
4618,9cb9bca41b5fb0c561a728396a392ecd62567dde2a5192261123db5f96af2c73,086e9ee30c6d6cf9958434e62901e5a6b27c89160e105ea0f73b4ec547d0fb21,diagnostic,28,26,24,0.4583333333333333,11,14,14,3
1436,d73dacd628a043bb94cc5bf6fd1d84d8de0aca80337f0d5b3121efeaef498c2f,087912399fb263c1d52a6e9fd41d2d540c470e414ba28ac86d17479aecb17c8f,diagnostic,20,19,18,0.6666666666666666,12,7,14,2
4470,03a108a7162c78e6a0b541c6a2dec3259b449ee67211a992a6f228780d669554,0886fef04c56303fb3879aa93d9211e5ec4b0ceaf2cb7964b94b529689354043,diagnostic,21,25,37,0.8108108108108109,30,8,30,0
3183,28bf04673a116ea157a103d45d3953fade5b4cfde44056bbe69e884558854e2e,08874c7cd39b0c2b1058c59600bd554b6105595f3fb8b25dc90d77f3b979e24f,diagnostic,22,27,34,0.7058823529411765,24,11,29,5
3208,3753e4beea43b893ad9a2c73f0ff032e6c6edd039ca3b2c172f0fd34716344c3,0893cece769c0211ba8d3898232248211a7c1d8095edd9a28c220a966773c523,diagnostic,26,30,30,0.4,12,19,15,3
1084,3be4cc147808bb08dc97f44170d673aa48c868d76ddfa8f2412c8c1361f32e5e,08955c1811f2c1feae120e937089d6136ca29261fb12dfc4e53ab02774d9d14e,diagnostic,18,17,20,0.2,4,17,4,0
6080,46a78e3035864527c4c92fe1e59e7bb1f273e2c5e5bec2641d82cf9022e375ce,0899dc63ff91370d641e86cf4f54ed46516f64632fc4ff3dc495484005cad2f5,diagnostic,37,60,51,0.7058823529411765,36,16,45,9
1192,e6a8137a21d9614483d15fdf74c16105cdecafdf1a4158406902c07b2fa63d43,08a686801d707f93824c4e34a86e8a31cd29922f620cbb3f2fa60f5a4fdbae13,diagnostic,30,26,25,0.08,2,24,3,1
6645,64f8cd15f69d9b14a941889def1a1c5949355d91c3b0691d3f4f815bcd920841,08ae0b4b5417cf944e4584187feaf5a6317ccd6357c03c3623da542cc4414844,diagnostic,24,20,32,0.6875,22,11,22,0
2598,e19c4cfb6701ad9214f73dd39580892b60744371048af18c29195de4e3b29c5b,08ba2f95f2f8733f40b8f4f51df5320e7dbc9bb319bdefa69feceb29117d2bb3,diagnostic,18,26,29,0.3448275862068966,10,20,10,0
6575,0637873eca1208aacbabbe4fd38bdee8a27c2baf2ec09c1d95f6ba024658885c,08bb8835c1796177c0a8fb186d1810e3393d56c84cffb77ccee862c9cc0d2fcf,diagnostic,17,19,19,0.0,0,20,0,0
2831,37df36e609dd9928157497e1e732a16b387c051b5c082958c6bd5444ad604c37,08bd6ea65e3b0ac093b1c150892227acf7938c6e761db83d513ebd7327777398,diagnostic,15,16,18,0.3888888888888889,7,12,8,1
697,e39491081b60f0595f9e6900cb413f563a2f8b2a6e8e1bf4bf4790423878ab15,08c0fa256f0ccd69c168902edecca55343e977b11540dfdc1b05aecbfa1313f1,diagnostic,33,47,47,0.0425531914893617,2,46,2,0
2800,c13eb50d2afb0e65997ae80698a91b66e47c711b7fabb2609fd75822d8082f9d,08cf286446e83f599727211fb5ed0fbda00e6a3644c37fc775d8e65c6fa90ef3,diagnostic,37,33,36,0.6944444444444444,25,12,27,2
4477,9c4fe900b89f5d4c05e81040c2990587950bffdda14cd34f178e03bc036042a5,08d37f2ddd25d23f738da95c68d941e927f568f54c642f08887fc6eee5e5fb37,diagnostic,24,27,27,0.0,0,28,0,0
701,d301902ae766fd06280833efa4371762e1fdfd9090b91d07eed684d28a7fb1d1,08d743bfbf69a5cd9ce8a25e9b4dec0940ddc0971d9af6f8ffdc31e58049d60b,diagnostic,28,19,18,0.05555555555555555,1,18,2,1
4074,2973ec391a131f1783a406b2042471f641860080580dd67651a5a9a10280ba90,08e2ef9ef6dc5bedfe9451a3a978f877ad94d058d1be777472064ae12a1bb661,reporting,35,33,33,0.0,0,34,0,0
3466,739122bf5e52bc4b223a46c06dd7ad65f03b18633703f9a1e54718b784ed37a6,08e850e35208fe919e5544066dace58f02dd1cd3ac6757fe2225c02dc57f675d,reporting,39,33,47,0.6808510638297872,32,16,32,0
1173,4c44fc5fac38eaba8c2c959e1cbf118da47e95cb54b362f0eb025e8048d543c5,08eef83941d8d5f87e1f003fc0a9c7db9693583b2614d50f837fccf47704928a,reporting,15,13,13,0.0,0,14,0,0
3218,f338197de36a86072018814ed47379b5dc963993fd68582c0b697cb56b5430fb,08f8f0e05755856e8d983bcc6b7503136622861932bef3414b876e867b5f5238,reporting,33,37,59,0.6271186440677966,37,23,38,1
5419,510da83ea874626a8a10df16b4096a827106f95cc1884e9c65dd7099d898ae68,08fe89fe555466af9611ee8cbbc2433cd80d574d9904e548922dcb956a6f282a,reporting,39,48,44,0.5909090909090909,26,19,31,5
1277,d3112c1e0ff7d4b2452535a57cb3f1b02cd2970f145315a1bb9b44ca9530bd23,0900a5a9f7bababc1704ec78d9aaf9d8fd3b76635f530df740579c4d1c71faa8,reporting,23,21,20,0.95,19,2,20,1
2754,f9c16cbba69b349d8b4118dfc208bd224711394cbf3cd9a1db7c76e1b9fd8886,0912578991bb5aba3a3a1f9b21705a9bc92795e2a6bdcdf937277e010d5424c3,reporting,15,14,17,0.35294117647058826,6,12,6,0
3533,79f51c92d408d2a6f3dd10f954c7b0ad6953b2467397d113169055016f5489ca,091e95188e593db3e1d0240ab7cab7a3734178545aaed3d5793c526c0332e2c2,reporting,27,27,26,0.23076923076923078,6,21,8,2
1285,c40e4da876fcd46f113fbcb961944c9f76bae4fa8859d79edf9fd20fd02d53ee,09216e199ccd37a02d92e6a242c674ef8afe63ec001d759d696003666c8c3f75,reporting,35,56,62,0.12903225806451613,8,55,9,1
6551,4f400edbddacf6277f8ccde7757bc76cfff22fb4e1b94cc4317e5a5c0210fda3,093226d962ffdde84879712ed7d689625076473b40edd928ae1ee4c0c26ab936,reporting,18,25,37,0.6756756756756757,25,13,25,0
6224,e54711054884299ac4fc6bf5724ee3ef542b5abf0c0b418bfc6b961b15602052,0934fb6cfb1bdec368ce271d3984083f08cbe74a2e9a4b632b81198a11663566,reporting,17,21,25,0.2,5,21,5,0
2366,f72a664c12a7956b113e2e7dfdc3a4bba685f6003a9e039609214120cf5c6f73,0935ec13520d2b88ddf7f69a189909df68ece5634679e8f6ac81a7e70b0a7b04,reporting,30,32,30,0.36666666666666664,11,20,13,2
460,9a5ca0e282017151c083915a05edf68a19908b9ad35edd3542d3b74a18911d66,09494f33f6f39769b1e3f75dc5c15c68fcd33f0c23018e47e85ef1889fd609fe,reporting,23,23,24,0.375,9,16,9,0
5797,43ca51fbfe07ecbe0b69c6e3c3b90766120c07b03ce72c925fe818fdeed4c06d,0953ea64831542f32bb8af3897b3f83fe3fd6c8cd894d64f5c8e7b497961faac,reporting,29,23,28,0.4642857142857143,13,16,13,0
3126,ddf5feb01094adf77fd397aa4fa196457ee835a2f1b7c3f67c96a3c274c48992,09572ea5432aa68bb2f55f3f483e7f1d2b037dddaa82e0a861e5c1a3278c8460,reporting,16,21,23,0.34782608695652173,8,16,8,0
3404,fdf76a168345c6be33f864bea9ff628c475c4150fb5ce0dfdcbaa95b60e1a8d9,09594d354b07432860ef16a1e3907979c97eb80f785790782e6488865e0fcf05,reporting,24,38,38,0.0,0,39,0,0
1875,be2fbcd96e3434154c96e7aef00f08d2066abbdd1ca4c9c2d8c021498f0c679f,0959da398f4f2292f288fbcf571b1f4244f18dddb03b9fa3fa58ac8639491e09,reporting,32,29,40,0.475,19,22,20,1
3933,6645a525357bab868cf7a35fe2c644ebfdd9e576b341a40e25432561c108de8b,0966558bd4c12641d5241a29172ce1cc23baf64b5f45be583d62b844752739fa,reporting,31,25,27,0.25925925925925924,7,21,8,1
1320,90e08b6e32c8ca1883df7a2941db75b95ddcd473c90c089410b654c384562883,096995419b0d251268492822da6f5ed004c53d441991fbd1f778a70a9b2007c2,reporting,22,26,27,0.07407407407407407,2,26,2,0
5140,ea6cf1fa3fed0e66f08fd6568adbdc4ec4d4841a6f02490728ebaef2a503e771,09710015e827312ff797ae84456680df383cada177c619e34b6fef42050eecb6,reporting,17,10,12,0.6666666666666666,8,5,8,0
1835,7846148f9238b55938d536f47ac006b24abebac57a70aad0220674949be26b59,097aaf477ed9741b260f6001d48213d5ead6823e33a9cbb2438b26b9b85b27c8,reporting,14,10,10,0.1,1,10,1,0
4852,3c637c8f49f4321bc6236973f2dd04c18d147fc98f5905428aa3fd55a3a91e3f,097b08221bfd8b85720792858894b2f71dfeaaa1ea41e6f168ab70a211f3514b,reporting,26,20,33,0.6666666666666666,22,12,22,0
1523,e67c5230b466ca9a11210565cf8adca179c306a119ad5815139dad021d04f073,0994303d17929dcb18b5ae3b591031ed4af05cb6ff48fa9056b4695d9d1e5aad,reporting,28,46,59,0.6271186440677966,37,23,37,0
3265,73a173b84108603a1d5f3f5407a1fd2b629a0d4cdf581220e48eb17b207a5eea,0998fb2b12b22584b033b20135bb43d26e89bf30d73dda8af0b8670ea31c2b12,reporting,13,12,17,0.8235294117647058,14,4,14,0
3456,dd16d14b6c861df8b9f0f7d402e57ad2dc31a8fdfd030c1883fd12bf30924036,09a2c42ca81848152fa0e66f71d5aa25d8b70b36336926080bc55deba6cbef44,reporting,21,20,16,0.375,6,11,10,4
5511,30068c78df900db4318b05aa6ddd5fc95e7e0de1e97e3e99c1f6071a81ea384d,09ac0951bb295f5b8c070ad227cf564d7054dba9daf2381e5dbefffbb0c61e69,reporting,10,10,12,0.8333333333333334,10,3,10,0
1317,583cb2ae72c51b059ad47955f67487a01951f617467c3b32cc81b3bfe7c000d2,09bb657d30d07aac4d685af159a4d8f8f22d0f00edecb54f37422b19c4bd09f0,reporting,29,22,22,0.2727272727272727,6,17,6,0
987,d79eda0624b27041b4f17937eca58c387356e26bb821d6d3eba212109a657729,09cd53b9b35f3bcaffd53d5971f982bc031c66b91d8e36d4c07bb09d73c8c7bd,reporting,24,20,27,0.4074074074074074,11,17,11,0
6960,2fc0efa1a31fd3bf31dd0ae50aa9050fa93eccecb97fe33bea400a325dff1053,09cf5e6729f31a669518267ad8dabbf6aa5530847df867dd755b63b9b9b96797,reporting,17,23,23,0.08695652173913043,2,22,2,0
1189,7f665788eb9be44bf592c2d1c00c6078e980189b3d8cdfa500860b4e5d32c3f0,09d634e4664e7f6e3b920acc8659340d45e4fe40dcec0a449b4364c5d96587c3,reporting,10,8,8,0.0,0,9,0,0
3878,3c499262d0ca56d2b0e68dae46850f08c43eb843f149831b753a252eec58a1b7,09d9db4a995cb8a5ae49beba99519ebe49a4e01379da9088ae80c9445df34224,reporting,11,10,19,0.6842105263157895,13,7,13,0
6325,62521df1de200f2136429d0241a62544ea83ebb868dbba6fe1cabbdc2243187b,09dca2f9f9b86e08d7a08385e6dacaa62e630e44d3a0a992e97a501f01c8883c,reporting,19,21,26,0.6923076923076923,18,9,19,1
3534,950594a69e173ac830f6152b7107a2cbb0841e23682de7d0676566b6c729a813,09fa2499ef45d30d33829af21e95649583a9839b3efe82b54a964a08c3c77193,reporting,22,24,24,0.0,0,25,0,0
4093,63943255dbd2558958655c45a92b36bc1e2d1b2ff6f7371ee40c0ea5b1d4d6ae,0a01102190a6e049cb6c12fd67cc0541c01ed01799561247d5ee35692e8b0714,reporting,41,49,59,0.4406779661016949,26,34,31,5
5235,74ec38725080d24b6f7c0de784065b14422f50ba50a9fcf775be76ee4288211b,0a04cda1b2a66ffb18d2870d7fe688580a923f9191040bf18f308247f13be97f,reporting,35,31,34,0.5588235294117647,19,16,19,0
5840,b900a039095bdabd6cf3169a3f821e5eb1148b65e9bd6fba432ef4b4f10e2cd1,0a0a04ee7cfdfe0c0a6f146a84f98a9e02268cafc2144acdd17b2c42afbd759c,reporting,22,17,17,0.29411764705882354,5,13,6,1
1070,1333a7faf53b3cfd11475b6363e6d8cbc38e84c7a5499afabe3c1509df59ee06,0a0eb33a5a7b06a2d650196cd1721b66f2b8f96faf02710afde05c7ed02c8917,reporting,21,21,20,0.95,19,2,20,1
1652,072d85217d750a91792eb8a66ec702c106b85ab3cb5cda7099a19f5215b56faf,0a1c85f6d0c6c66c7a2ad4f9afb5a843d8c93d7eb0c672fb09567e3522df9ebf,reporting,21,23,42,0.5476190476190477,23,20,23,0
1400,88d05e01b584aa557e9b53815362db98e50f11db3a09625535b50bf12077b70d,0a22da4ae99e01f3e2e79eec46ccf9f150955682ae3d949df8a24695264c6f5e,reporting,26,25,25,0.0,0,26,0,0
3952,4a28551277c336b33c5c46f6ab28da9cfca42b7832914bab933909a888b0659d,0a315b929f34b96588e16bd863d6db68bd4c26e4338d1208b2a6704b90e79645,reporting,33,33,35,0.5428571428571428,19,17,24,5
6426,0193ef6d701bc406646b1bbe7fe48e673a837cdf7ba9833e5ab0636ff89752c8,0a3476e0e155e74b2faa21649e4551b7195a5170232a9e85943b58c7929e872f,reporting,21,20,22,0.6818181818181818,15,8,17,2
651,f98bdbe441ea76f2caa84a1017694869da7d7a2d088cb598f46416aab9b5f839,0a3a831b3df7ec420b21288bdb4a0875aa0fe5e7b23f5d854aa20ada261461a2,reporting,27,42,43,0.3953488372093023,17,27,19,2
3457,7c3c3c036c52603880e3ab5c40534143d278c17e9a70c448ae5ad59b1e3f0b3e,0a4c25c89417f8867d40442da5fb094f23c33dd169f38973c6e06955165752b8,reporting,24,20,24,0.2916666666666667,7,18,7,0
1880,c662424bde45298766b778c28274d6a3f9f9a1f4e36dba878b9c5a8b47462dad,0a532885befc6e80400a61202137daa3d4120fe80c4d237bfff1420f479a6acf,reporting,25,27,43,0.6046511627906976,26,18,26,0
4574,0d14a922adc39b433e0f0f591efcf4dc8beaa2d379122a2e04c00ab9b16ab6a6,0a6165f9bf87556c1b1313bca60db9db7aa109473f103dde1cde42ed2ada176a,reporting,27,28,29,0.3793103448275862,11,19,16,5
51,cad897a9654223dbf8dce7d9bca97805120cf99592912d31d10a2d785c463a94,0a65670c06c236307bd35941852f30577f14e554942ca69272b5ecd44df5e4cc,reporting,16,14,16,0.5625,9,8,9,0
1195,c15497cc019627823ff41174d7e5fcc7e3f361828e471411af5f5c996a4fe3fa,0a685547931b3e8c27b9de58da7eac43cb8494588469d31e83d15e0c5d14d182,reporting,27,13,14,0.07142857142857142,1,14,1,0
4339,93080647cd7c8e98ac89dce63843b46282c0f9cd1eaacb5c4d37cc22b5508d61,0a6ba6e968c5065f6bf448b92b7420de0185dcbc0a66905aad41a9a9d217a96e,reporting,22,23,30,0.4666666666666667,14,17,14,0
6301,37dd728c1face72993179841718a7365fe027577f81d7dde9d629503da39b33a,0a73090f2c70ec91d4d2e6a8bee8401cb50f02951696153f2e36bd96d6039f76,reporting,30,28,32,0.15625,5,28,5,0
5992,ac48384588300f4d26a0c7454218b1cdf64b7bd5597f82a25cc43409b488fd20,0a7a34599c5f08fa11e465c13d16be085d64a38a9d6a506e44ab81dc696723c9,reporting,20,23,26,0.7307692307692307,19,8,20,1
1527,05845f2c4bbeaa163836cd84b5f571274c5966bcf9e5164254dceaeae9eeb752,0a82315c6c3bdbbc434f9a566203092240c297bb037e59d7c03153358673f154,reporting,25,25,25,0.12,3,23,6,3
275,8bf523bf9e50fa618014f06e23e4d5a4997ec593134b974e657b1fafde2a9e69,0a83fa5c3c3df8a90f9ed9be855b61eff47831ad63282927bb479d1d416353ec,reporting,31,33,33,0.0,0,34,0,0
5145,300e9c43651ed6be28212ac4cfe22f6c164c22f26f82159b61dbf2b76cf715ed,0a9242af2f5299f8a41eb3c7d10e8bf9d64e0f5c4bcf2ad778166502472313ad,reporting,23,35,33,0.2727272727272727,9,25,19,10
5363,f7b1250fb73142aab8eb8204b31af81da605df4c390a90f282114e9c6d0463bb,0a9318dd249326143c5ea98f000a5f6a4abe0d9f185e777c5528fc5131d10109,reporting,11,10,10,0.1,1,10,1,0
190,3932d4566c4834d6a38188d879bcff7ab7c09f48e9cfe36282a6e69fb3b59816,0a97bfd1e5e88439a2a4774b07c571df9d8e144b1656bf528e7fdaeafd502d11,reporting,13,13,14,0.21428571428571427,3,12,4,1
3263,392c37f34139d11cf89f1f03f136e82ec266cb89028adcd84c3ce806102798c4,0aafdcabbe6939ae353912bc078e292d8b7551d5d53c8999f83b02246a86c3b9,reporting,34,24,29,0.3793103448275862,11,19,13,2
2120,c8b8c8a3709138d715c22b87c04e559cc4f679cc5fb5ea14ae97d8b50a2090bf,0ab9d2ec2b673ad4de855f206520fbc47181410aa9c10a63b6584c40e9c80655,reporting,25,33,44,0.25,11,34,11,0
6697,b880c6a16a1cbbb43d124a5f0ca38347268b03d46847245206ea498e2e29ccac,0ac66f5e0cd9efe3ce435270e3f1b06b287b453cfaa25c9235b7472e3d3fe52d,reporting,15,23,42,0.6904761904761905,29,14,29,0
632,f2a0eb4716037f2d4e5bd596952a4fba1959884a93ea28f077561d0c44369024,0ac6a83651c6db8151194150fcef852b13bbfb96fdeeaf96fed8d1d165d64ebb,reporting,21,25,25,0.04,1,25,1,0
652,300bffed5c235d0fa7e1422ae27a7fe85f14646a1a751f03ab2245241c68dc54,0ac80f7c6f9c682553da165c760de46de2a6ebb63a9b11440c2fc11261c78bba,reporting,17,19,16,0.0625,1,16,4,3
861,0eaee8b3f11041e8496c499403ef98fdde768a8da0fdfc54a903cc0075c7b5b8,0ad3fc466c32ba1b749aae9f2253b3a1255fe60b395403def42d3f8fa7bc0fbd,reporting,19,22,24,0.4166666666666667,10,15,10,0
4685,6a959cecea13b69a15b0e4b58762522312418c1698e65f9ff61db416e542c8f2,0ae975cc617e6bdd71b8cea972d69b9bd505d79ea48a5c9da3fa6b8bcc7c3b91,reporting,30,38,55,0.6363636363636364,35,21,35,0
2666,05c86d7c23ee6fe92a67b74f1f6d87db55260d6fa0ee19586e524e2dcef6b821,0aea5671085d80f3eb2183e302e81331472f929f3db014c01e59bc01c9e4eafb,reporting,28,29,39,0.358974358974359,14,26,14,0
2918,7aba1973bdc57ebf8d2911b41b87ba52737360624b5d1c6c7b62fcca4cb0399c,0aedc5b4e79e69457a81e1e3ec23dbe4f350eaea4f643f6f6a8c0a4197611ce9,reporting,19,17,22,0.5909090909090909,13,10,13,0
5317,fc3d41a7045d9d2bdc8c7e86d7c1fc8987c64437c8e690de4438a046ebdaf559,0af0069fa67ce1a2ff02f7b7c282a8ae44506287639c5db7690041e8b903520d,reporting,14,12,12,0.0,0,13,0,0
6510,b4712f18d2863ac1c977fa8ab021442f10232fb775448f79eafd456c7397d1ec,0afc3c71bcd970f5c68a68b014f9de95384d878ce58a84a13aa68d8d316c9091,reporting,16,17,31,0.8709677419354839,27,5,27,0
5055,d9acdad4fb873f033a3a4b927b0cc112bea3dfc8e41a61597df80ec6d6c4279d,0b017d88fa8438f67037ff1715e767b522f9d51bc5971e14970c393c70c7f723,reporting,29,26,27,0.2962962962962963,8,20,8,0
1774,8ded2267653cc916d46de20446ce26fc1112f32170661885253f1154bfc378d9,0b08d629a27111988958f95f0d61afbd049aa26eefa677d045ba2e7e1236e5b3,reporting,38,34,37,0.2702702702702703,10,28,10,0
4428,1fb65515e42188dd8bae99dfe9fb0509cca89a8a0ab7bbb278c1dcab4a242462,0b0917680bec3a10a6385e90ee043e14d293ac1e16a3bfcb95ea2eef3f7090d5,reporting,18,21,20,0.2,4,17,6,2
4643,411bd63dd3e74b02b39dcc3ddf74dc4c32588b70a8cfd8c0df3b3617afb8ea8d,0b09ee98e5c7e09cc2eded108fc69202229feb24b603e6a45555020e54e4714f,reporting,31,39,49,0.2857142857142857,14,36,15,1
2680,69daa229539b1d4803d16255a4b26162f57393e1944cbac55c4cebebd199e9eb,0b1e8a510d662547d6f38e63d7d83e9b5dcdd415c1267bcd5a0dae595c2ceb92,reporting,20,21,26,0.2692307692307692,7,20,7,0
5872,ae4a38c65b82be59b39c4c5f94f32be6c5c25a436bc4d3935bb585764a75e61f,0b29a6a5a3cc6a6099ab97128166c4db72050c6c6cdfa6b7b738d3c3231c009b,reporting,17,14,12,0.0,0,13,2,2
6474,8a4f88f54ab0f2708f5863a599a19d697b3c04038b1e81588dc65fa3228d0f8f,0b2eaf7f44bd0474b3fbf0197ff61e581e79b422c35e627f1b93394f2f095b4d,reporting,9,8,8,0.125,1,8,1,0
4586,bbfc1928c12669d38d6e88f778b41640e6d680404b423340d44ee3d2bca08f9a,0b36862e5574e2b237ebd7446a6d8246a3158c114755d301831a75c31bce4b26,reporting,19,13,18,0.4444444444444444,8,11,8,0
3182,d4897e52f5f310b3a2683d931931d96d715a5e982c904ad7d34f0ec13788b564,0b37705b85c9a4d7a10b1ecd35441cb208761ba28516823bbb9d4d9f24f3f539,reporting,29,24,24,0.08333333333333333,2,23,2,0
1231,24b7d71bf2a9c7b99bc8b2bb6ef2bc282e3a723bd38809f0bb13f43200e42d37,0b3f05c2f00de9ce1b88eb22f4a20f99c9717b08ff321a0c14c93fbab579beec,reporting,23,25,21,0.14285714285714285,3,19,7,4
6051,cce48d52b50bb9f6a2deea9c618e425a04a93a594e850a05c4d33b41312570a6,0b4a1d1c491a84ab93ca8f882ec5bbd11c5414a2849c64ec91b4877f83bc1caa,reporting,21,19,17,0.5882352941176471,10,8,15,5
1850,e44e31b05db17a16c7dbfce1b60e36dd833a718b339d46d9042427dfae958cdb,0b576f3cbe1407c13108d4635561e71915f321e3e1971b741e7016714a99c2af,reporting,31,22,28,0.32142857142857145,9,20,9,0
5417,e375da7b1242f79da022e6590a51dc16aed3097012a114a7abdc549714e760d3,0b580175dca8ca274aa0996232c5920fd3751e11e5a001fade277d343dba28b4,reporting,13,14,14,0.0,0,15,0,0
6008,b39e7692e4cf40927d32f315bc9b0298014371765b0144bedefc243a79755b7f,0b5a2f9f6bee7acfcd9c72e7ed575c147df7104a8c4811e783c481483ece7c09,reporting,35,40,40,0.525,21,20,24,3
1056,0ea8c9b5b28dcc22174760e480840613e38398acafc0eb7276d208d84d242f81,0b5a4ee0c8961ba0a90715ae055d109bca39e69644eeb7881184d4fb2bec9738,reporting,16,13,12,0.25,3,10,5,2
2292,1e8ad86848501229c36d9ad7a798b0cf551a4c7c197d535e92ed9fd57795dbcb,0b5e2d7f89c18b3bf43e93b028b4f5bdbd243a4d7019bd042de5d8ff2b24923f,reporting,24,22,53,0.8113207547169812,43,11,43,0
4783,a1ff994cda62462d8ed07732b7cbc2554eb334dc4fd0502e88edd55804abf507,0b64b696b04272fe22975fef8cba38b8f73fb65d5ad2f560726667d9af6c46fd,reporting,23,23,38,0.7368421052631579,28,11,28,0
489,a59dade673bfa82202d1c9164a673874d2848e79d8cdd81dcc32506fed6230bd,0b7bd7cb282dea84e617f2becefb850e2900f456ed82884422004efbe959f367,reporting,14,12,16,0.3125,5,12,5,0
742,3d0b95b1b94d048859d078afa380356daa2389020cf6702e9b531be26198764c,0b7cbebc5e628610a84f04500ff0eef51e48d71b200b879f137eeec4a9113907,reporting,19,17,20,0.4,8,13,8,0
2180,61d2e2f44b2ee5717eb386a0425f22bc4e8439b9f48600dead6ffb217dfe6cf2,0b8198114f4b66b00522f228fc4cc4424bcca0c9246dd0f8730f8bc9a47cdc52,reporting,10,8,10,0.4,4,7,4,0
2968,de8792a9355a0f067b8dc9c7f429c5f7931d8c61d39be7ec9fd45f779e18bb07,0b8d628991d7f8ec845665f26e67b34a2da234031608973137d62c4c7bcb21fa,reporting,34,33,36,0.6111111111111112,22,15,22,0
5796,eeb19b592c7da13b65e83047bf019d6d2c70d24752ef15369be4307d733f9a48,0b90cc0048c3138eb6c8d91dbfaaba08df4687be14d692e4b883956e5d725fda,reporting,26,33,41,0.3902439024390244,16,26,19,3
3300,630e88223d40a921507e040863a0e4675e5067fa1c042badebfc7a5e7c6cb485,0b9e9123db95436d896dd1f9832aeb7ef9b3a45f5b459b33146dffc1c295a113,reporting,32,37,41,0.5365853658536586,22,20,24,2
6306,a5a6bf39509e87e873fe8f128ab25ff88cd4b07a17cd63389e48b6429b0aa815,0ba9d022a3853654a6e31feaa5df9cc8f9decfe55bfac5514a4e7b59cd50c734,reporting,19,24,35,0.5714285714285714,20,16,20,0
3697,e9f9729836acb1b49f374a17f9a7b581c114a6b6d42ef7340621a6002ee9f0c6,0bae8aa98270ad299b0e72802ddc280980519c75c814b37e9190e1982b8cc44f,reporting,16,17,19,0.42105263157894735,8,12,9,1
290,b3faa254524170aa150184742e9f526bf0e4dc8c89b1523f5d2e6903a8271b39,0bb353610bde269f1f254d9faa712f3237eab44ce6c36f2f0b08e878222c2fb4,reporting,34,47,47,0.0,0,48,0,0
1851,45bf545814ebd068d234d05f71f44fe696f42e1160172a0365f1ceb75f1e6a98,0bb6355e5e7ccbfb433c024720a09c95cc187fdf2e4b53504dfcbad6fcabee52,reporting,15,18,21,0.38095238095238093,8,14,8,0
6066,cab50b6735023440f2d8d6486fc8d5bbe0069f3c0209bb426ba5cda283d409da,0bba6c4e0fa5fd75a5a4621219ccad3562df258ff2444f15711946088d72d5d4,reporting,38,25,31,0.3870967741935484,12,20,12,0
3022,12a2601d52dde6311507d1c1ab7aee78cede8538d782015b26397c9b1d03f160,0bc0e11dbf00dcaf4ed250045df9e09d362967b12340749afe75d1ff03e36386,reporting,30,38,82,0.6219512195121951,51,32,51,0
5282,bb1c337fe3c63af05645ccfe8633d87a3c3f584686f40fd898fb042cf15568a3,0bc4ab80e07383d1db7039aaab0d78f0ef1fd087198b1688167673a62b6350a9,reporting,25,30,29,0.034482758620689655,1,29,2,1
2601,39804cd2dbbf6fa31f2948c90f60c2a695ff271cdef561a712110dcb047512c1,0bc70d0a5b57274c0bc4102de584a29898dd3ba69d82ae1aaec433196cd4aec6,reporting,14,18,33,0.5757575757575758,19,15,19,0
1041,0fa76095621aea63e449247ecb34d1c839b3d9e60468dad9641be0ec871a9557,0bcb719bfb894b83369eebeab25e34f6f5fe6179a2e9dbf890e6add007c01788,reporting,19,20,20,0.05,1,20,1,0
2005,b1a8a7d0a0997c353de1376784242c5fdf06c5d5e476129854b01f267a01c89f,0bd3baeea990d37f3785a2cbc9fc921985025e3bf3f52b11f45a784e936355a0,reporting,16,16,16,0.0625,1,16,1,0
972,fcccec2dc106f0f34958c63948b6f921f6b83f50e558c6d764b2f3515de59ebb,0bd407e70dffada898593f2e5485eba8bd30e1c2d73333de809171db27a145e3,reporting,26,25,22,0.3181818181818182,7,16,10,3
6843,53c81d2b825f27fe6f676410406300ef03988960fc8a0160d9d42859cffe66bc,0bdbdff7f1d8a36a5a2676420707ff5692e2296f6193686b8de01dce21f1a3ed,reporting,33,17,32,0.625,20,13,21,1
1944,acf9699312fe94a3059fd828b741d29adf044bb6c2c25bef6942d07fde5aac1f,0be9dbdcc16a9ee9c4595cea11ff2c107b400f34ce117cdd599ad0bf9335a8c3,reporting,26,41,44,0.06818181818181818,3,42,3,0
2193,dc12841371e5d354dc7fc2ee41b79c5fa1e7a7de52e077c1a1e607638b2ed567,0bf43aa310894fbf275db530d672ddfc1b48085d4ea3c22e23deb0912a255b4a,reporting,17,17,17,0.0,0,18,0,0
6565,e276447874ee28534be6cf6a87b90f7fbc2592600a4ac23ae3ee76b88141cb6f,0bfd34566b18aa3636f74d1583da33f82a17ba5eddf0ee63a7af3833fe9799b5,reporting,22,19,20,0.25,5,16,6,1
1582,336caa7366cb9fc6a45a11e2d8402b2206cb00842085152e35a70e02a935b141,0c01265d628d1c31020f52af6b7e258313143a6c0e2d21cfaf577dcdab585f56,reporting,18,24,26,0.34615384615384615,9,18,10,1
1301,1faa7f43ec957d8ace37703036beb908f69604af2e11470a08636719374722e1,0c0e9f452751d6538eadac413b15c058af7fd79501467035fb3af8dcc74997cd,reporting,19,17,18,0.16666666666666666,3,16,3,0
6958,84a919b7b6a1d7389c179c16323a124e661c106ff1a6ff4782c0af46decfceac,0c112cbdaa7c482cb80e48091d76c17915df71372caf275823489872fbe7ef5f,reporting,24,23,24,0.125,3,22,3,0
1035,16c696b098ac242f8d295f2946e5f6a1f45509a772d2302fe6f9f121a74300cc,0c139d6ae7804643fac640ac2f9b55ff4439bc9e86bb6d8677b26e7b4f61caa6,reporting,28,31,37,0.5405405405405406,20,18,21,1
4476,ca7fd16af44a4ceec15a6385872fccb3c902c241d8afaa1e0f96941229589a15,0c22af14eb81a6d6fcf8b086f35cdfd34b46cc2c7c1b4b6c85da387245c5c099,reporting,11,20,15,0.13333333333333333,2,14,7,5
3668,9f096f4486f36eed97cc47364b6e3ee2a4a766a6a35f6eea61e699dfecbfcfe3,0c330e6ebe9165e3c37bca33b224f9a063015083ac22e2453fc71cc313ffc807,reporting,37,42,45,0.5333333333333333,24,22,27,3
3302,26fc4da07501a3ffcc04bc76fba10b69749dd6c56b3caaaf830aeb488c34a493,0c349f128ba27cce62d90c898d83667cd8b6ae9cfe00d944778c918427db1174,reporting,22,37,57,0.38596491228070173,22,36,22,0
3037,2a75ba0ecd1b20378d181b9e6be7f96824749eb315bbb9db3c9ccbddc9585a62,0c381cd00fe658c374c4b7ca6bf925a305b5964761325310761af6eed4e1fdc2,reporting,23,23,47,0.6382978723404256,30,18,30,0
5420,9d094a613a83d412132075767391f5cbc3557575fa6fa9c52bc85b8078229225,0c383059077a0a52df7def2467d04d754bbaae401f66f90d0cea8736d3c72e2f,reporting,34,35,36,0.3055555555555556,11,26,15,4
1307,6f4138e5b141a6b657537210bc3728924cf16b51ec9cdc279e5c54593ef655a8,0c3ae92ce4efbcc4449b1e0aafccd0a7b6a91ac2b0191d7bde244a40058b817b,reporting,35,48,48,0.625,30,19,33,3
2707,8d0cb52c57ced29dc17e4f49c2be72fd05a2775d9b98f4d656977ee2d02f1c63,0c3b5503d339430eaa4ab3456024c9bfc765abeabfc9d8e6c13f24ccfe37d517,reporting,28,27,26,0.5769230769230769,15,12,19,4
2835,a574ff1551000e1e3b2bbcdceb9635ff8c5d97ca1fde9edb1cfcb55cc5762f6f,0c3c0ac8a30c869dd30cbb58c77c17ffc46ecbfd14d5316261b9207f90d33fb9,reporting,16,15,15,0.4666666666666667,7,9,8,1
2313,6dede55740979f8091e99269cf793d5d953b1746819f0c919ce6a6af90a8bc84,0c4bd18c9ccaa3d0280c018d58305e89481c6c3020f5a36b12006c11bd66fce1,reporting,22,29,57,0.7543859649122807,43,15,43,0
4887,32d182150b3a39c7619edabf38c70ac8dda033777642ddb2e99431ae841cbf0a,0c67760def058bf1634447cf7872513273d8924cd68ed2d2eeab3d27a0d38f89,reporting,31,35,37,0.4864864864864865,18,20,20,2
95,6e39f1b4e61028401da6080049e3922b38c72143559b6cfa7b95a8fef4ea3742,0c7d9f041d0d969e75f60b6a4d3e8b5dd8f96a24308a8ef3b9b1c395c21c4724,reporting,15,17,16,0.1875,3,14,4,1
4489,0ff7eb612995b6b8179e23c34b8333109cac147c12d38bb6fb25ba9be47ca39f,0c84142257f741ee7c0247bff122546db443927b23ca1e61da59b3c756dfcf3c,reporting,18,16,27,0.6296296296296297,17,11,17,0
2392,04e116ded66aa3aef3c4cd9810227d2d03ecd7f0a135b6c0cfd722bf58b1561b,0c84b83de4e7a46adfc6cbd615b7b22683aa9862787a8383afb57ee9635d1b22,reporting,25,25,58,0.6896551724137931,40,19,41,1
4635,59539d386407ac1f39cae631ce413e26fd23605052d10de8446b13690b1ac241,0c926d52bac353bebe6815000075ba435b25a80aad41442df7a62614d678a1b3,reporting,14,11,14,0.2857142857142857,4,11,4,0
4562,b78f30f1892baf6e4f9fa91618e4383a9f4163ee8ca0d9e4abca1099fa7a0690,0c92a40d74c727c51be726d587091046db6d1c1278acd048bc51bae53a5be631,reporting,15,22,22,0.0,0,23,0,0
4335,bae624b68a6417934765796f555400c4d15fffc776f0635cec14960ec203fe29,0c9e55a35c66975c968b3d1e00889777a40d7beaff629612302971e13c9d4540,reporting,14,18,20,1.0,20,1,20,0
6201,de8bd4fdab192b519d4a54717a36e5b099eb47f206f1cb9b36a5ea67d051d324,0cafbcf8acbe6f8df3ea2a4dfff4daf4edd9afa94f0f4049ad3606ba4566deaa,reporting,10,10,10,0.0,0,11,0,0
4450,a4b6846ad51291927ab7c2c8dde3ee24bff26697230af26603fb460445232acb,0cb84ab50f744e2fb94f969796f354153c3e0cfc9256a92ceb90c0667e98aebe,reporting,16,18,22,0.7272727272727273,16,7,16,0
1573,80fa85f0b2519fb45a12a98903b11609433251ef1ff374637e6acc171327192d,0cd90698f44e0326c6ddec0e8089a56aa77af64efa4f1aae81c18625380cd45f,reporting,21,13,20,0.7,14,7,14,0
3982,9f3f4c7cfedf58d735003d214fcf69afa011f431a8e039d617a42d7f7d31f2cc,0cdf9bdcf475978a0d4e4489b474e73059f68bad55d691140e21e2b4b5b354c9,reporting,35,56,72,0.5555555555555556,40,33,41,1
3362,47117cd5a0e9455395b4afa46bb8a390bd0d89cb129522eaf387a13705e2a7ae,0cf3be487c29a109302e2f556f5f8083488e24135f88a9914456bb1d4dcc69bf,reporting,24,25,37,0.40540540540540543,15,23,16,1
3818,6eb29e62d8a35b9749f5672f29b6a07f518ff59e7b3842dfb898b7ce101bd948,0d0293acea154c3606d53424587251fc2b3b2a493e8e0835bb6315acb3b23ede,reporting,21,25,24,0.125,3,22,5,2
1829,5f14c4129383db83bf2ac5a61ba42384620740d3975631f4ab8dddc5d500fe40,0d04f1d25df2153aa65703aeb6ce1664d425da4af5f5d926d62729419e86615b,reporting,29,22,23,0.21739130434782608,5,19,5,0
1108,62833f932455e7abc2770d7654dc1cc4bc74f363bcec076d70d6262b05116879,0d077c5b2b19509d475efdbcb60bcc3288e21e756af8db68e9ccfdf58622ccca,reporting,28,29,27,0.2962962962962963,8,20,11,3
5384,1f81fd68027a2a194e24c03b043d2079167d66b2b32cb492b36636dad6e653bd,0d0a321320d85773ee1e407963ce4056c0c963bc6b430a97732eb658db7bfedb,reporting,25,30,31,0.2903225806451613,9,23,10,1
5053,9902bdd042fe272a11d95544105c8c587c95bae2e4b57e88910f26b336859367,0d0c1acaade39607a6ab008ce63159e7bca9a4e59cde040fe910163852b97edc,reporting,17,22,29,0.6896551724137931,20,10,23,3
4316,f369bb7839d377c7289fc4e3ac025501bee84cdb3c72340d255ca5f96cb7c60f,0d0c21f0daa5cfc021da0f4c60a8f931fcd6baa97093995a3fc88b8d5e1c021c,reporting,22,22,25,0.28,7,19,7,0
2535,fa1d9bd7638a02e5b33d12a93573e57b4d6ec6a68e039f0eb2db03f37afce968,0d17a215b6191aa1de5094fd1e041c867844d3f1f097e7ed5e7bd205869125fe,reporting,32,24,29,0.6551724137931034,19,11,21,2
4072,27d1eb375afab71f60aa00e8096fd7339e6526eda8b0f572e44b71d083eda086,0d1a914f4bc96806e6199769e085dc4acc0126f0962c35874091372e4a4252fc,reporting,34,38,36,0.5,18,19,25,7
43,cfe1de4f371eea981fa383126c7829278dc02b1e8ab8c16fe3b461bd27607d98,0d1c2670ebc3299b911e2d39d3922030b650e0007d84c1c2fca639418e9d8ec0,reporting,11,17,15,0.0,0,16,2,2
2563,d4b8538c2135ad74ccfd801fc62ba25aeadc470f3c7494d56f6376794ec669d1,0d2e48fa24955a71c5e20cccffaffb2bb7e79379c90eecfd3e08851c7b1679b6,reporting,14,25,24,0.16666666666666666,4,21,5,1
2054,1f8c1ba39a9f9464a07aea1e7771d3a68436924c77d9c925fe47a56fb97f2bc7,0d36272598462ab733a091b4e4a711702b816a482333fddd640d4d1ec4dfaee3,reporting,18,21,39,0.5128205128205128,20,20,20,0
2748,75d2267db511e350ccc7f5e28dc0e79cd26c7cda875b80d4961cd503e0d7768e,0d38520d8697b737b2541f678359a9bfb8b5857ef66e31f5fd4208f4646a0cb9,reporting,26,18,17,0.11764705882352941,2,16,4,2
1702,b96e978a0a20bac38e61916d2f1820168a6a54ba2f9955cb4716507cf2fb4887,0d4efa347b4257c09983a00259f6e114622a344de7010b002f1a8e373302c16f,reporting,20,31,30,0.1,3,28,4,1
132,446a0d424cbcc22c0409e75bdc0b90337da6a2886d2ccc71ec3e86d70a38b261,0d4fb5adaca21af579ee68c900168b5554788d8902f5bd21425ceff66347ee04,reporting,22,23,25,0.44,11,15,11,0
760,bbfd7c6ea95864db0a7b8b4e20ede3ab6e56b241aa18e740b2a43401a7e4c906,0d62a4fbcf96fa42b8513ad5a2d1afda62febd384a170203aaf1f9dc8ced6121,reporting,25,19,20,0.55,11,10,11,0
6822,71865a2f77a4fe9ff9720bf0f54ae9ceee7dd1816cec7de3ecc05d108b92c2bf,0d6a8b0dcf2f4b37f694889fbe5bbd04848230858741c0a8c5e24a2b01a03b40,reporting,15,13,13,0.0,0,14,0,0
6524,d8bd6e99bf703d596b6ac89033ceb495bcb3d38064ac708657c3e9f94bb768d4,0d70f94d1cb6950a7e999ea8c532bb0e9aa3e79e78be1fffdda489e9964e5216,reporting,18,15,17,0.5882352941176471,10,8,10,0
6594,af26ab8918eeb76dc4a44e5932cd7bd543320bec567ac1ec1263d492c391562d,0d7218f4f752936feb6a0836098cb3ec2f7f969a68399e739dda20792528c632,reporting,17,21,28,0.4642857142857143,13,16,13,0
1349,7aa26535e3c50f1fd805eb81b14ea6cbf5afb4c3ade91c0e510b1334b2c87cd2,0d7460086dce831e1c3965516f8117e8d982aadbacb6620e25ee429be008bd07,reporting,34,35,43,0.5116279069767442,22,22,22,0
5488,3a3f772e5cd2c82409c9802b3590a1a83c53a152f4b72dc00cf4a3824d4b60b7,0d7fe6b48513bd8a834b38873e7ab028a640d249bede0fc062c9db9cc04f838b,reporting,20,20,25,0.64,16,10,23,7
5177,50699b91e21deb1bc016da41663a04650732bcfeab8ec324801402998429bad9,0d8991b8722804b49c959f9820cc58132ecec79ccf0f1406fab1de4ba206c83d,reporting,21,17,20,0.75,15,6,15,0
6179,1b9e7c622f30af5f82b42728d10a9c7884074b3e3a3d377653fad000b733ab01,0d8b0a7e42b7ea367255c805380379818824652558a9da230f79462bf08ae1fe,reporting,20,20,30,0.9333333333333333,28,3,28,0
482,6ee37166da932d48255baff6ffabfa6e2a96ae8f1caef5caa99e5d23aa8555f1,0dab6910b7ea9f703a364d65671d3a2d2c11b22c6138f4099c13632206340347,reporting,13,12,11,0.0,0,12,1,1
5184,1e083135eeaa374d2f6280dae4840fc01049b90d746647c453944d3838ff80e3,0db4fd3eec64d16f42d47b35992879aa6ec93b625c6463a75a632745955dac5f,reporting,18,17,22,0.6363636363636364,14,9,14,0
5790,ec97dcfeae64bd48fd82acd49c06646f1eb6ac26f09aedd27af9904fd223dd6e,0db5450eac43882235083db894393cc1a8d0255de18681097dee8280fe9be3dd,reporting,12,18,18,0.1111111111111111,2,17,2,0
5718,869da8480f3adefa6f759f68c6be26bb25fc9452744310ac25dbb8815c7e52d3,0dbfdf9e85c414374a1242155446cdc0480c33114b5fd9f3c7156b2646004459,reporting,27,21,26,0.34615384615384615,9,18,9,0
1587,2135ecdbb18bd0b2d0b97fa91a5be1d82e84137eb533058c852ba73cdde1b320,0dc0660ced462af6dcb3f1197795bae4db8191ceb6610f82313769a125aa6d16,reporting,17,21,23,0.8695652173913043,20,4,20,0
3124,8f41c8eb3e89f7afabd4925d2571aad6200802575d19d1f50f5e486137ae644b,0dce3e30bc8953b6ca6f2221a07e253c2172074bca5dec957e414b77726dfcbc,reporting,16,20,19,0.6842105263157895,13,7,14,1
6125,24fe8517d4a599fc470ae7a792cf889ed0a911c2e129c437d4d114247469d447,0dd4bece7b3b5a5ab6ec40ed8d3955029f350a1c55f5dbf7e178bec20ac38de6,reporting,24,39,35,0.6285714285714286,22,14,26,4
1658,d83c7038b8369739cbb5a732501ba168c059708bd6fd480b6b3e1fc57d2255fe,0dd97f97040f8da08fe403b32dd50995b7d419af4dd6e69e035aad4a23e933c5,reporting,19,29,46,0.41304347826086957,19,28,19,0
1331,05c880f01bb6c2c8708c46bcadcf4784edaee045011242f930b25b6453487f0a,0dde0eeada2714d3ea3da354e9fda78b9bc10129f110ec597334c667dcbb1981,reporting,32,25,44,0.5681818181818182,25,20,25,0
5949,06c00b860bfe28dae69ce569d700ae2e78ac34167fac3f4691ccfa23e6b3ecb3,0de0eac45121010e0cedecede6fe49230ae170afb9c31f65523e20d957bf25d0,reporting,18,23,33,0.30303030303030304,10,24,10,0
4507,751acd38c9a03e46e4029bdc2770f211d21032214b989284b1dbd6ffc6a43904,0dfce1c2a860d899097f4491d5527bb50b03af9f0a21989714f0f43db4ad6aae,reporting,23,28,37,0.4594594594594595,17,21,18,1
6880,88b2c488c5acb6dbf9b34cdf2173b7697a2337b8f2c2abc8ef0fd2c7ae835ec6,0dff5c1bda296dced1a20af899550447a10005c5999bc41dad50b26e1694306b,reporting,20,17,34,0.8235294117647058,28,7,28,0
1548,17cbeaf26e7a437337ca3492f1d23056f7a1efd5c5b8955a9a9a54111b3a64f1,0e1af1090355cf9901b0ad6bc3e0bc64cba20517f6e876087c2678dd6c727a9f,reporting,20,13,14,0.35714285714285715,5,10,5,0
5954,3fbbc655e5a7532620b120466350054ea5730a30e28cea5439a536e050cdd153,0e3285731317d3058e6351476388ea6bca3dd88714df89184b74d380c8eb1629,reporting,16,17,26,0.5384615384615384,14,13,14,0
2794,d730f967c8c3d030d40670fa021fbebd3fa2d80d6462f2f4ed919f50c71941c3,0e33c9be4240263edd76eee9d5988b274a11f118168e849afc94f74d8c67c7bc,reporting,13,11,12,0.4166666666666667,5,8,7,2
461,a6f0d5a27653b8442eb1ced668e83c2f66a12489ca84ca1c9516f6cb295fde90,0e346f7c355c9b326b924ec8149ddb873b7263b3576af21b7750d8e77d263600,reporting,14,16,16,0.0625,1,16,1,0
5084,887b64bef33b72a4c1666b6d9dcb10d8c58198cec9a713569c02c90ae80209b7,0e512c31854611a8be9203ad013a8c5427b5e1a8a0c404504d4636bd389567b2,reporting,22,25,27,0.5555555555555556,15,13,18,3
3470,4c77ad680742a12078d7650f628ec6f4628c31ead466f45f64dfab52d3285d72,0e513edadd7862907edb5be737ec96e544b3d6bee747c6d2ff094a6420dc7cec,reporting,16,23,23,0.0,0,24,0,0
5815,eb22d2e0998cbdba4445b184230acd817e999fb2cc112929ab3459d7212019e9,0e553fd7f3d140dc1c196e7790dcdebf4d91cc33ff491e2f0adf0d9d79a2313f,reporting,47,49,50,0.18,9,42,11,2
5534,0443f5259384590d53191d0726fb1da182ddbddb5b6c053611b6d7e8cb7787bc,0e5561eabf185aea4a4eea9e5e66e4189f626cac99e56da71b895b09ab1ef322,reporting,18,14,30,0.8,24,7,24,0
855,1b71cfd965ff4b10c41ea06f23938b311dc89af6cc1c18cb40c83b2bcde1445c,0e5b33438c8b3aff589d2d9fa98a2fc33724d5fb486faf0de83d3f84237df742,reporting,26,29,34,0.5,17,18,17,0
3288,0a0d7f825588c1cd1a37c3862f1b37de7b79b66b13659db048572f408cd8a288,0e5bf957008377a43941e11a208c30306143da45d0bb4c5846e665f1a8fc5802,reporting,20,19,20,0.1,2,19,2,0
6631,4ffa680f0db3d22145e82dc07b6f8333686e66de0f83b7bfda656f27f1eb50dd,0e76743e0461ebae769e839042976b812ed83898fadf59ad848c783b8f753e4b,reporting,17,21,26,0.5769230769230769,15,12,15,0
2518,15a07d8248a4e4b48d07a749290f22264bd324525539c85ca400bdf0885d5a79,0e8509f5cff4ea0962605be0a3d3f21c468b514c0c6d0706213fc8b48820b543,reporting,34,37,45,0.5555555555555556,25,21,25,0
5977,7546be61df00264886982cfbe09fc3b2c38c04ed1e3d84baeaa1630a6c25d0ef,0ea2e4b738d473a12594d6dc0836c000d700ab4f0b3144cfd3f053e4313ca247,reporting,20,13,10,0.2,2,9,5,3
671,372b262ca68f794061a2f16cc62992a53cd7e65efff55ed6670e3c00a4c558b5,0eb39711f4457e6372b4ac27fd0ec5f50ac1fa3e03f665522425bfc0ba522c16,reporting,23,20,21,0.09523809523809523,2,20,2,0
690,cf6935ad33a0931f2b91d428b5a6fe525eb0f93bd801f9aa9a1f1eab22f0ddcf,0ebb85990981d8d984c4efab6d5f8407f706bc98b3ab846f595ae3f8cf761246,reporting,25,24,26,0.34615384615384615,9,18,9,0
3579,25acd13e61918a63d98f8094b4fd377c320d429fcf5dc1bd4328c2a49e816162,0ebcf213e0a8363e68445af3bf216fff0cd09f970fa4e2d5f99df6415afc9cf7,reporting,24,21,21,0.19047619047619047,4,18,6,2
1393,969d0a259a2784f976790f16f9092c7145cd160ebe602d04164e245a780f4089,0ed2dc003ff82f45be8c0db418759196222beb25c1b55c9791ae81801b8a4a58,reporting,23,20,27,0.48148148148148145,13,15,13,0
4957,936eb81b808455e8ac1053bb90932558f8af309a4199a1bd28d76a5724cd423d,0edabaa4f5a5295f41b0d2df12c08adda28b3f79316ae8115119ac9c6da1b999,reporting,20,18,19,0.10526315789473684,2,18,2,0
6553,8b55c44b62dbf8fea76b242c233f9af0f00ac3572cc5a2834e3564bb39683ef3,0edd03961a489e56c01b80382cbaf503f323b060c5c71129e3b5f4b20f453819,reporting,14,17,15,0.5333333333333333,8,8,11,3
5969,b344fecf58c6ba8257e148eb4ad31009a673149c5df06bc5ceb632cc163cc79c,0ee0c0b6e222dd477108351ca4c1dfda20a27c814e58d9cf79e268151b9d5e8d,reporting,12,15,17,0.35294117647058826,6,12,6,0
3865,756138be6aa8435b9d1086dd90cd6526c7143d442a4d6c737434c27826cee4e4,0ee414191dd36f99caa9880c4890ec54adf826c73b3a221e8e6b33fae32da3b3,reporting,15,12,18,0.5555555555555556,10,9,10,0
506,23fdf5820e5fe35aaef1c87a5bccde1501cf5afd78a3551ecf6f70e71efa4fd7,0eea59d039937644868334af69772822187d240ffae71eb43bc86ea186d659e0,reporting,20,28,30,0.3333333333333333,10,21,10,0
1036,d48ab68058549b881f7ad4b8510a37f4dffb80222efc5a2be806382b3f519b12,0eed2aa6b1375c796c5c867a803cd866a40e7db914b7ff718a301c1d5390ec05,reporting,27,42,42,0.2619047619047619,11,32,12,1
88,3d94c3393b92a0ae02082215f0594e3b60605000fcc235887570522424403b5e,0eed8fabb70ff39c2eb2a509f62012f46be00f4b20af120f2e78a68a09472d59,reporting,35,31,31,0.0,0,32,0,0
2133,36a0b4e965ecedc69d8bf20a11b525e2ea6cefd5650ff3f481530e4313ffb960,0f02de7b94ff7e30a72e20319208ed4a2efbf56b29d5e94b63097fbc6a5719fa,reporting,14,19,29,0.41379310344827586,12,18,12,0
5414,5ecc2459542569e258262583aa2358b9143a7eb4bc2238ebc542c2d6557cb191,0f02ec40d1bb1157a76178a42e8ec36d2877f0a5010b22a40e391d98ef1ed65f,reporting,34,33,32,0.5,16,17,19,3
4943,b3c2368e594ebd2c7fc113461f2c7295f11c5e31c599330aa339c6554cf087f8,0f211b8ee279694a2e4aafa9d8173840e15c97e6ba22f87be9e3ffa42bf691c9,reporting,31,37,32,0.5,16,17,22,6
2514,50bcbcd9c7a139d1b8b2a525831cfa9e56b1939acf7b6eea846fcec594eab59e,0f2b7626dc95e474be85269f120ed95eb214c7dfb30a79ed31796030b903401a,reporting,31,37,46,0.2391304347826087,11,36,11,0
6818,1f527ce5f8d4360acd7136b897f98b5002eb96cc048ab2af3676716cedad1478,0f51546775f6b7ba09c3709e212db48a59b4d74d9d3edc871442e67bca3d6cb8,reporting,31,35,72,0.6111111111111112,44,29,44,0
136,ea71a44ff488eabeefeba6b3870f6b16dea3f32f37438a782db4d1d88b26012a,0f6459a3045ca577da9c9e95861e460cbef3ad47763bb381705ad8a99b06454c,reporting,16,24,24,0.16666666666666666,4,21,4,0
4427,296ae858bb9210f758a5358d42e8b2819acca0352167d756c5c3df5a8d9234a7,0f64e1ec5fa549d892e45f6da9bc6fea53e119c3480df822ee0492f41966479c,reporting,16,13,13,0.07692307692307693,1,13,1,0
3567,ebb03fc85f84844f9018bcb0822c19146e49f8284c5310e7584f345936f9efd8,0f7eac2493fc31b455f62f436f41c0af270614bfe9a5dae0851721b2579930c5,reporting,27,20,20,0.0,0,21,0,0
4530,cfd864fd80c2097f50c5fa13ea77f8e44bf9897819cc5fdb05b0ac73727fc65b,0f8a03d82b7f261e5f7c438462722197eddffe02bfa364297bd6aac7862baab7,reporting,15,14,15,0.5333333333333333,8,8,10,2
4754,1310fc94b41cfb2deee69b5392fb05d34f4e27f11b450e30a03da804ff443e70,0f995bd48a009b89291c7cf9c5f4b35da336d05d4f5517b2d7024a021fe4e167,reporting,22,25,30,0.23333333333333334,7,24,7,0
3336,ac8ba39d0301075ba6a4a1fb5a15e02485b816df0fb3234dc3bcec622e17006a,0fa9d3dddb05c3e9d6dcefbe342ff8430576cecdba7a62e0109450a6d324d0df,reporting,29,36,32,0.34375,11,22,15,4
4424,9ef99463a39d36f61b788570f93d3ac636c662dc4a218e1ee611f63700c1c4b4,0fad24b3e28010b72e130900bf63df96b9e5e7065cf7b49bc1a7238db76a2415,reporting,20,19,19,0.05263157894736842,1,19,1,0
2104,bbcd1f01c673124760c3e2aada1792f8ade9737ba1252d71b742ed1feec67f3d,0fbba29acc1e3494bc5c7ebc3136beb55aa15d6303ce625d086791526f848351,reporting,19,20,34,0.7058823529411765,24,11,24,0
4040,a0bf3df9fe72c0045d3944b5af40bf93df0f163ba4247af0530abd404f27ae30,0fbcf9ffa545fef1a3559ad4410cbe1d241164d077e188a43f8f44be4377b5fc,reporting,16,18,14,0.21428571428571427,3,12,7,4
5237,714d7dac449b49ee341994e55c3c7d0dd48083c1a42084d567935cb53b8504d5,0fc539b9564865188981e2ce8409376e3673306d07b7d58c3bcdc316c32ff721,reporting,20,30,35,0.34285714285714286,12,24,12,0
1994,c77e586d0135295a8a5d48ceb423886d768cf392a521a21c9d5c9673a95b712e,0fd53298702f207019abcfaa8211ac141ccc20fb04d8c64d06836d4a1b6194aa,reporting,18,14,17,0.5294117647058824,9,9,9,0
5039,8030eb2b4c2731af7299a03354149587fa39f98f80ff6361f893f82063afbc8c,0fd76af08f4050e8f4b074242a0af5e294f3161f8a96ae056d96e9326092da39,reporting,19,27,21,0.5714285714285714,12,10,19,7
3640,121be06b128942738dd5b5985d08e3e438e326e55e0d8807de4521b6a9232f72,0fd76fff579b200761a186b82c26831f6bd2ddd6ee7e595b0c0de4c60aea73c1,reporting,19,26,27,0.7037037037037037,19,9,19,0
5324,21bfe3a1f57fb9d8b5cd42839927267f3a460091739d2bbf1dde12224c5b41bf,0fed52769b143d3aa6911ba43047428c3fb604de3b5746f680bbe4a8e28d0e37,reporting,28,23,24,0.9583333333333334,23,2,23,0
2705,690b21ab461fdc73082272765c976e0bbb5e061fbf0908164d249878e51ddef9,0ff61a5c5f8fd1f07234be652f90d6fe41795b67637452daf67976a71c125d19,reporting,28,33,38,0.23684210526315788,9,30,9,0
4509,cab3c3fd1960c17a3cf941967bc80388f2e939d25a11922f0efcfbca95a15643,1006536281ccb134864e89fa9989de4abee8d0c00ab46dfac6df163465efbf4a,reporting,15,21,22,0.09090909090909091,2,21,2,0
2634,15d24073c6535ee6127d55bd4f08aa952cce7a545d83215781aae6eaf720b136,10193923baa0073ae8d4a1f9fe6661b3ecd2abcbadd75a7a3dbed65d2cbd4b8d,reporting,18,19,29,0.5172413793103449,15,15,15,0
1740,7ea71be45a1c46f33f99c9e59e31bbec4048357e0cae7f072da082cc268abb16,1019a2177ca4c5ee0d8c4c000287283e1e2a461f77bee1f4bbdd4adbea3f768a,reporting,12,13,13,0.0,0,14,0,0
5163,714fee4e92eff8e514dd7511cbb3fc7c569e5e30b52ab7f5eacbc500c6318f05,10266e466e6142ea9c236945130334729b0b520676a4909bce57b091289e937f,reporting,21,19,18,0.4444444444444444,8,11,10,2
2243,3fa9af66d0262d12e911a57670e3e688271811cd33d5e4a3fbbd446872b72446,1027cfbcad2e462890197c6b15c05f2f97707b02ceaad5d87c197ebb6fb62ac1,reporting,23,31,49,0.7755102040816326,38,12,39,1
2259,78b3148736b52d7373d778aacf5ff2854f58b3c840c596241e17622a2910b566,103c36acdd35651c94e76b5536646ac018e1207773e3cb63b6c6d7893d611d61,reporting,16,11,11,0.2727272727272727,3,9,4,1
5578,151ea45b7de897cf2ec789db2c26ba1c52e65d88439f3a14f512cc161a30fef7,1042facac320f38517560f37315e764069ddaffba956e26247e4de5b962eae82,reporting,21,17,29,0.5172413793103449,15,15,15,0
5270,1d8a29d34b306eeea6832b9ad5def77a06b5d6b259fbbe1aa266dc46e767f7a9,10452cde0f8e2ffe6904bb8919e8bfbf226a11fa33e02cb3444ad7f327b9833c,reporting,26,21,25,0.4,10,16,10,0
257,226e7afc031f1eaf0bbce8b58de721c9aca577c541fd12b9eb4c9e4f5bff5ba6,1045b85c304e871a4c89833420bf387d5167e0b3292331dff0a9403a4e115534,reporting,25,21,27,0.8148148148148148,22,6,22,0
4726,6bcd7ca3aa37a9c93182bf2933cbd6b8ce2a4b581448b77e3ddcfbc4ded5e2f6,104903a2950cc39bf28337602880153c7226fe40abaeae751df0b465f6449d47,reporting,29,39,56,0.35714285714285715,20,37,21,1
3057,d9bfe877362b6643ce1a7e7f3429b25890f2a94b7ef48dd3dc50a6fb573035c0,1056d6909af4fd24ce4383a7e13b3d88e294e5f4c8cfa7b9321b5e170db806e0,reporting,15,22,20,0.4,8,13,15,7
70,c774915ec9ca342eadb2f233b8a2795d291958ff2f8a3e697725e0d03c7491c9,10597cfb865e1c03df74c6d4556babea68215f5f675dc356e917de981496823a,reporting,26,26,27,0.48148148148148145,13,15,17,4
3594,0d78f6f52cc94b4f11ee27b7b9fe449fd8c57ffd9078ee8973682f35d47d88e9,1059fc55ba3e858e9519e717ae55fa7ceb338e6190a0a70fda8dcb856e4acf4e,reporting,23,25,25,0.0,0,26,0,0
2626,59e2166d5656f47abbd7e9ac4e2dee40df827989ce1cb47d70b5ea74e0596d81,1068f2456817602c0155592bd6cde0225ae332d39a087a5b3947c4535658ff44,reporting,25,19,25,0.64,16,10,16,0
6769,d80d543c86017f081cc1fc1d3d82dfceac8629ff147a77419e7cdca444e2a651,1072b9fbdae01f667c65fae9373e1dce1b86b17c6e8185068add9183eb1c2ff6,reporting,15,12,15,0.4,6,10,6,0
2429,6e5d1d587c14656379697bb1e525a56112aa1141cb930e4f6843d0e684737a50,108d45bf13f3bb8b49c6aff9092cb6c680bec251f7243c4c16a31ce7a3657dd3,reporting,18,16,33,0.6363636363636364,21,13,21,0
1536,fd0b542376319db6d7bac1b100defe4582a246cc640cd68430b3e3956a712a96,10946a9697c1b350eeee6cb4baa72a4d913c0bb757c7a76332149433697580f0,reporting,18,21,26,0.6923076923076923,18,9,19,1
3409,4f5958b316e5b18c5b16c3dde160226621c94e86c01678ac1cee22c352439df7,10988a2c9958533ef701b39b5f23733affa160a4fd8095b951f4c7053ea63436,reporting,17,16,19,0.47368421052631576,9,11,9,0
677,890a396f356d235f5cbb431d0d1bc6503702ce10061a4b9309988d39fe6f73b5,10a750435ec47eab36dc68fc0186622012875f7a60b751b1e6f14f0e04417ff1,reporting,19,20,22,0.36363636363636365,8,15,8,0
5614,cf3bfd09e03c802c35ef1b305da32a8aec3a68ad88db32a402e6e84666de9e97,10b126f53f50a50eacd99ba784c67e99dac4b48aeead8f2365b4dd023947b4f7,reporting,12,13,12,0.3333333333333333,4,9,6,2
2967,8322cff0d8fdfe15defcad5ebbabc7f0cde0291687997a21e9bf682d7c761be3,10c0934fe69e6b437a07211bcace051f09b9817543d4cb92a4f13de850fffbb0,reporting,20,13,16,0.5,8,9,8,0
2614,78b6fe2af88a780bca0932a8bf3c482004f6a2672a5fbba747f22df9c33e579c,10c1c76e555ae882a0417c20cfde6a12449e7b5e84433947b8e20ecfcad68adc,reporting,16,20,23,0.17391304347826086,4,20,4,0
3573,e5f48a89b0f95f1547b3539e312574f0640ff9f7144f2be87754f3b346c4f99c,10d7ce83c95145328aa541828d12fcafee67df08a629d2020a674bb71c5a731b,reporting,39,57,57,0.45614035087719296,26,32,28,2
3357,71e8455edfc76ec5ab5a59d5aa76916d4adf96d299c58f106cbe4ad5678373b8,10eb120f4224995e7e5eb83fb3198b80bbff93f84f08bf3ba56136504f94ec3b,reporting,26,32,34,0.17647058823529413,6,29,6,0
3003,b515fe77288ce522188953201cf62d20f5fa293b8e9b17fe634208668dc1d5de,10ebfadbcfcb4ba3b6762eae47c6727972cdfb5c5bbfcad405f2052433d81798,reporting,16,15,16,0.4375,7,10,11,4
4650,4bd5aa3355f25dbf78aad014198dd0849f35f508a839222c928afa0e1b696311,10f5a5ecd4695c7ab31092670f05b46d84616bf0bec6e2d054f8e9bdf0a72383,reporting,30,31,31,0.06451612903225806,2,30,2,0
5635,6fdded84f60694d93bce4ba8a42e3489670344900ca0ea8498bb1c82218277f9,10ff30dcd0d17a1febc49b6c721d94d6019999c7fa1375e5b7164dc1f73bf1cb,reporting,24,25,25,0.36,9,17,10,1
4099,e49424be9f707656bdb7ee600bd412b0a18c7be321a16065d03895260890b83e,110107968a7b529d6c582560d3110b8950234e8a09f6aa577c134f94d9ff9002,reporting,24,23,25,0.72,18,8,19,1
909,3411095ea145ad2504748f01936656ea5bde5cf818d2aa11f64a15749cca2f94,11059770c073143b6e9bdb44559dd7d62b55d87cee34f5e3ad704bc2ee14f72d,reporting,32,35,35,0.17142857142857143,6,30,9,3
14,607ccb3a127c28fdc0632689bb8783abdb68faa4455a30fedfc0a9f53ad6212d,110a1e5fcd5c1ca3d76b7d5212e4a6e7f3379a53fc35a164333d84866ff44f96,reporting,21,19,22,0.2727272727272727,6,17,6,0
4453,a4afe3969fca5040df737f2c6489ab2dca9612b95e85f857ba0eb37be9363134,112d01d12903296a5ba840391565961b90ebe7855ceb2657648ad52df2682503,reporting,20,15,15,0.6666666666666666,10,6,10,0
4292,41874d1b5d9f20a6901b8f88baa3f58acf88f7a7cb0c838b9beedb78487139aa,113763a553deb8edef605853017026cfae74ba3c2f6a3b81f3cac1f720e56dab,reporting,20,12,13,0.38461538461538464,5,9,5,0
2572,e851d2396ffc912e9a9fa229bd2c0b0efe8992d6ed22ab80c447966a66220e7e,1139981dbe2ff42e4c8a816acfc07f01ad6953f9e1d391d47fbf9f6b196e87cf,reporting,20,22,27,0.37037037037037035,10,18,10,0
6011,e5c838fc805e15eed9de50150bac9a12f10a64c0556bdcdbdbf0231795628ac4,113e02e3d5e4abba08d26266a3d568474f3833c1c881f2b590b883c0ded9d1b8,reporting,29,27,36,0.5277777777777778,19,18,20,1
5957,1815c53ead55b43dc9261e78d354de18b78748d8a564c37a2de0575846a8a7bf,113f5c88ca740349cb524c287b7fa878898c8964449beaed00cb44d1cff8b5c7,reporting,27,22,23,0.13043478260869565,3,21,3,0
4077,094ff7a921522ad0efd19b6e8a44ab2786ea8970bf3a5ad4af77ab29a2c8b615,11424cbc6037f2c2fc0cb04741bafa4a5d372dd2d8ac3a96d5642e2017a2f2d2,reporting,28,31,32,0.125,4,29,5,1
371,6cec4da8e36b1bcd4244ec87f05198e8f65b55f8ed331b2556e1a1eedf2307e5,11495167037108f868bb67c5b3b30f6b16b1f4d2d6f0679e56854b2ad8bf010b,reporting,32,29,29,0.0,0,30,0,0
1724,8220dfc3356a121bb0e0a42fea936e86de2797900215d733533ed74836cce47f,114c36e370b8cf0018f148d5774977e6b611bf90b2561d62c62c3258f0114cc8,reporting,20,20,34,0.5,17,18,17,0
5186,161b52e080ac4fd6d003935ee5f1926a77af34d3c48eb164c4cb7509b9ad69a3,114d6217e1d430c95a6fb51d11c6f26a1eddb6b35d8ad497d2a83e9f6ec846fd,reporting,17,16,30,0.5333333333333333,16,15,16,0
6013,221e6c45cd17febebe636c213caebb6fa9bbf4c4e309155e8ffff023cf70a5a7,114eafddd9971ea0c3f2f707f41e112d50b7676d173f876a16a4499b9b700182,reporting,23,20,35,0.5714285714285714,20,16,20,0
2994,73922004e86eadd66f3bfd4dd00114903cca4893cca80659f0860bedb2339666,1160dad99316c64f8fb47eca8ccfe4922fd2bc6a94985bb01e8ebbfb43e202a2,reporting,13,17,21,0.23809523809523808,5,17,5,0
5576,d3c3c2a7ce868cb2e16ad209088f7e2461268bea56ad8a9111add55638949ba1,11666b4181358b61c360c78c3fd8c5b62efd34bd2ba7909a6135a2e0e97d54f7,reporting,27,23,23,0.0,0,24,0,0
4353,ee1fa5f270e48ad7b53cdd2192355f2c01896940e0a3e7ee0edc64ffaed91187,116dfdd1d4786e52b4f91b026e0efcb318331c6860f0ff66e72a04ef12ffd590,reporting,16,17,24,0.5416666666666666,13,12,13,0
3926,2de3f6b226d3625c608cee04ba23cb55f99151776112badff61b5ae86512bce5,117336e0b53061f7103867789a6bc1c3986cc7902d741d64ed55d51fbaae9cf6,reporting,16,17,29,0.4482758620689655,13,17,13,0
890,9935af1ceda75dac804c537dda9df9dbcb375fbb14fbfad7933e9f2b4739442a,117a252cf5fa5eaef40dbd30d8089ae4a64116648609bc3202f3b8d23140dc35,reporting,23,27,27,0.37037037037037035,10,18,10,0
5836,ab2a7c020382a9fbaf9ad8faf1f4da640ee308cec0d22f6c1835ca5dabe7dc50,118565a18c922053db7116b2dc1e2c53b4138738bdb200cba8f6615eeaeb56dd,reporting,21,26,19,0.2631578947368421,5,15,12,7
1160,10bbb296b943723b9290ff99ba589de2489fcdfd611cc83107ef51f9a30e2096,118a4d55d40404ff4060cfd95518eec51ee0af76ceacc454cdc08885cb213b33,reporting,24,28,28,0.7142857142857143,20,9,21,1
1323,ed19b979d4f08a5914f10d434dd114733a3aea4d5fcace6658ece0c33a690e89,118e8e8a7b9781babf719f0ffb8154e8a80f2916765e65dc660d1eedfcc67a60,reporting,28,21,21,0.047619047619047616,1,21,1,0
522,406e4c86c37f695d0135d47674ec06ec7eaa621ef8df0d498a6b434e09c98b3d,1195a50ef28d3b8000bea01ed5e116045e31ecb3184284d70dbe215f2ffc42f3,reporting,17,14,14,0.0,0,15,0,0
