line,edited_loss,untouched_loss,full_loss
4074,0.12369577586650848,0.7609000205993652,0.8845957517623901
3466,0.29344624280929565,0.670630693435669,0.964076817035675
1173,0.67169588804245,0.17035715281963348,0.8420529961585999
3218,0.5036330223083496,0.3736584484577179,0.8772915005683899
5419,0.05949520692229271,0.2893650531768799,0.3488602340221405
1277,0.110707588493824,0.37542498111724854,0.48613256216049194
2754,0.0,0.4690134823322296,0.4690134823322296
3533,0.7707156538963318,0.32498061656951904,1.0956963300704956
1285,1.2828611135482788,0.2456071972846985,1.528468370437622
6551,0.5504662990570068,0.20380036532878876,0.7542666792869568
6224,0.2283354550600052,0.37400713562965393,0.6023426055908203
2366,0.00938978511840105,0.5753340125083923,0.5847238302230835
460,0.0,0.2690960466861725,0.2690960466861725
5797,0.11436937749385834,0.33483096957206726,0.4492003321647644
3126,0.0,0.6583003401756287,0.6583003401756287
3404,1.811877965927124,0.5431846380233765,2.355062484741211
1875,0.7380263805389404,0.48644497990608215,1.2244713306427002
3933,0.0,0.3742324411869049,0.3742324411869049
1320,0.0,0.35009098052978516,0.35009098052978516
5140,0.0,0.28450655937194824,0.28450655937194824
1835,0.5631615519523621,0.2107393592596054,0.7739009261131287
4852,0.6151312589645386,0.29854029417037964,0.9136714935302734
1523,0.0,0.33212026953697205,0.33212026953697205
3265,0.39007946848869324,0.8877852559089661,1.2778648138046265
3456,1.4305052757263184,0.22774842381477356,1.6582536697387695
5511,0.30176252126693726,0.23157811164855957,0.5333406329154968
1317,0.08713925629854202,0.18002104759216309,0.2671602964401245
987,0.7846119403839111,0.13932110369205475,0.9239330291748047
6960,0.23779042065143585,0.2786671817302704,0.5164576172828674
1189,0.8766140341758728,0.27823033928871155,1.1548442840576172
3878,0.2807854115962982,0.2872128486633301,0.5679982304573059
6325,0.59407639503479,0.5626444220542908,1.1567208766937256
3534,0.19810466468334198,0.4231308698654175,0.6212354898452759
4093,0.9466322660446167,0.30624425411224365,1.2528765201568604
5235,0.0,2.2002506256103516,2.2002506256103516
5840,0.0,0.3094056248664856,0.3094056248664856
1070,0.31705451011657715,0.5882830619812012,0.9053375720977783
1652,0.0,0.6780148148536682,0.6780148148536682
1400,0.5316559672355652,0.20630773901939392,0.7379636764526367
3952,0.2915385067462921,0.1882154941558838,0.4797540307044983
6426,0.0,0.47507649660110474,0.47507649660110474
651,0.0,0.5283695459365845,0.5283695459365845
3457,0.0,0.18724803626537323,0.18724803626537323
1880,0.0,0.28085747361183167,0.28085747361183167
4574,0.20434732735157013,0.4141164720058441,0.6184637546539307
51,0.0,0.3943743109703064,0.3943743109703064
1195,0.38462772965431213,0.557492196559906,0.9421198964118958
4339,0.7178932428359985,0.4087153375148773,1.1266086101531982
6301,0.6091283559799194,0.6504950523376465,1.259623408317566
5992,0.2422962188720703,0.4261000454425812,0.6683962941169739
1527,1.0211623907089233,0.4934591054916382,1.514621376991272
275,0.10521374642848969,0.31253668665885925,0.41775041818618774
5145,0.0,0.5390310287475586,0.5390310287475586
5363,0.050069764256477356,0.5679134726524353,0.6179832816123962
190,0.21226611733436584,0.40595635771751404,0.6182224750518799
3263,0.4902603030204773,0.41548508405685425,0.9057453870773315
2120,0.0,0.4013840854167938,0.4013840854167938
6697,0.15177923440933228,0.4558044970035553,0.6075837016105652
632,0.06803081184625626,0.680865466594696,0.7488962411880493
652,0.12129803001880646,0.5089836120605469,0.6302816271781921
861,1.9179881811141968,0.2917756140232086,2.209764003753662
4685,0.0,0.3330579698085785,0.3330579698085785
2666,0.0,0.29106372594833374,0.29106372594833374
2918,0.04464089125394821,0.37063106894493103,0.41527193784713745
5317,0.5786052942276001,0.30145689845085144,0.8800622820854187
6510,2.167633056640625,0.2588740885257721,2.426506996154785
5055,0.0,0.7316673398017883,0.7316673398017883
1774,0.86546790599823,0.13928329944610596,1.0047510862350464
4428,0.008458049967885017,0.6128660440444946,0.6213240623474121
4643,0.20316940546035767,0.27203017473220825,0.4751995801925659
2680,0.0,0.515752911567688,0.515752911567688
5872,0.3059951961040497,0.29742515087127686,0.6034203767776489
6474,0.08921178430318832,0.38695845007896423,0.47617021203041077
4586,0.0,0.3020559847354889,0.3020559847354889
3182,0.05641475319862366,0.36832818388938904,0.4247429370880127
1231,0.4230925738811493,0.24888795614242554,0.671980619430542
6051,0.0,0.3799523413181305,0.3799523413181305
1850,0.5816165208816528,0.04002811387181282,0.6216446757316589
5417,0.8983045220375061,0.3260628879070282,1.2243672609329224
6008,0.3205547332763672,0.7173596024513245,1.0379143953323364
1056,0.0,0.4499095678329468,0.4499095678329468
2292,0.0,0.3548162579536438,0.3548162579536438
4783,0.7321295142173767,0.17945925891399384,0.911588728427887
489,0.46986523270606995,0.30039462447166443,0.7702599167823792
742,0.054181598126888275,0.37999922037124634,0.4341808259487152
2180,0.0,0.24802830815315247,0.24802830815315247
2968,0.0,0.323510080575943,0.323510080575943
5796,0.0,0.5570704936981201,0.5570704936981201
3300,0.0,0.22769005596637726,0.22769005596637726
6306,0.0,0.7224125862121582,0.7224125862121582
3697,0.7367213368415833,0.4508805572986603,1.187601923942566
290,1.170483946800232,0.3239152133464813,1.4943991899490356
1851,0.0,0.529030442237854,0.529030442237854
6066,0.9793318510055542,0.17085108160972595,1.1501829624176025
3022,0.0,0.38208475708961487,0.38208475708961487
5282,1.2685085535049438,0.2758740782737732,1.5443826913833618
2601,0.7412922978401184,0.39487534761428833,1.1361676454544067
1041,0.0,1.0292644500732422,1.0292644500732422
2005,0.0,0.4367050528526306,0.4367050528526306
972,0.8718975186347961,0.09645915776491165,0.9683566093444824
6843,1.0869194269180298,0.14595265686511993,1.2328720092773438
1944,0.39138445258140564,0.37056252360343933,0.761946976184845
2193,0.4016978442668915,0.6816179156303406,1.0833157300949097
6565,1.4659322500228882,0.18709516525268555,1.6530275344848633
1582,0.1489415168762207,0.4847643971443176,0.6337058544158936
1301,0.0,0.4202170968055725,0.4202170968055725
6958,0.6662169098854065,0.17772157490253448,0.8439384698867798
1035,0.0,0.40110689401626587,0.40110689401626587
4476,2.742053985595703,0.3972470760345459,3.139301061630249
3668,0.16817592084407806,0.3246178925037384,0.4927937984466553
3302,0.16870415210723877,0.2097335308790207,0.37843766808509827
3037,0.0,0.20180803537368774,0.20180803537368774
5420,0.021775217726826668,0.3208845257759094,0.34265971183776855
1307,0.0,0.5121123194694519,0.5121123194694519
2707,0.2876940071582794,0.2795547842979431,0.5672488212585449
2835,0.175897017121315,0.482712984085083,0.6586100459098816
2313,0.2787932753562927,0.4213717579841614,0.7001650333404541
4887,0.0,0.24912704527378082,0.24912704527378082
95,0.4244272708892822,0.11185429245233536,0.5362815856933594
4489,0.25634753704071045,0.4515790045261383,0.7079265117645264
2392,0.5560296177864075,0.689913272857666,1.2459428310394287
4635,0.5350219011306763,0.2768844962120056,0.8119063973426819
4562,0.0,0.2427150309085846,0.2427150309085846
4335,0.6998087763786316,0.2059365063905716,0.9057453274726868
6201,1.1463708877563477,0.13721729815006256,1.283588171005249
4450,0.21710942685604095,1.0729438066482544,1.290053367614746
1573,0.0,0.4147544503211975,0.4147544503211975
3982,0.13174401223659515,0.24091507494449615,0.3726590871810913
3362,1.2342039346694946,0.3992582857608795,1.6334621906280518
3818,0.3958839178085327,0.28052324056625366,0.6764072179794312
1829,0.7085691094398499,0.4745591878890991,1.1831282377243042
1108,0.0,0.8667647242546082,0.8667647242546082
5384,0.0,0.7330768704414368,0.7330768704414368
5053,0.5296576619148254,0.6616284251213074,1.1912860870361328
4316,0.2754168212413788,0.26733681559562683,0.5427536368370056
2535,0.17216511070728302,0.43592578172683716,0.6080909371376038
4072,0.6121651530265808,0.2561589777469635,0.8683241605758667
43,0.4365493953227997,0.4802002012729645,0.9167495369911194
2563,0.3884512484073639,0.3706899583339691,0.759141206741333
2054,0.17550328373908997,0.43135955929756165,0.6068629026412964
2748,0.0,0.41850122809410095,0.41850122809410095
1702,0.0608782134950161,0.3503991365432739,0.4112773537635803
132,0.08002553880214691,0.5023097395896912,0.5823352932929993
760,0.22968778014183044,0.2960711121559143,0.5257588624954224
6822,0.0,0.744138240814209,0.744138240814209
6524,0.0,0.33083879947662354,0.33083879947662354
6594,0.8058030009269714,0.24054989218711853,1.0463528633117676
1349,0.5509246587753296,0.13442009687423706,0.6853447556495667
5488,0.5497485995292664,0.6483676433563232,1.1981160640716553
5177,0.0,0.42497333884239197,0.42497333884239197
6179,1.7469441890716553,0.32162776589393616,2.0685720443725586
482,1.2729657888412476,0.2725771963596344,1.54554283618927
5184,0.0104181207716465,0.4393097460269928,0.4497278928756714
5790,0.0,0.5890648365020752,0.5890648365020752
5718,0.0,0.5970659852027893,0.5970659852027893
1587,0.18668854236602783,0.43409475684165955,0.6207833290100098
3124,0.5624184608459473,0.23385344445705414,0.796271800994873
6125,0.5378754734992981,0.34890562295913696,0.8867810368537903
1658,0.9712464809417725,0.2234538048505783,1.1947003602981567
1331,0.3773368299007416,0.14542847871780396,0.5227652788162231
5949,0.652359664440155,0.2096177488565445,0.8619773983955383
4507,0.07962135970592499,0.3965200185775757,0.4761413633823395
6880,1.1963897943496704,0.6307516694068909,1.8271414041519165
1548,0.4445015490055084,0.5100520849227905,0.9545536041259766
5954,0.0,0.48078447580337524,0.48078447580337524
2794,0.05036180838942528,0.1755446493625641,0.22590649127960205
461,0.0,0.47079989314079285,0.47079989314079285
5084,0.0,0.4965279698371887,0.4965279698371887
3470,0.0,0.46959733963012695,0.46959733963012695
5815,0.0,0.5831292867660522,0.5831292867660522
5534,0.0,0.4524076581001282,0.4524076581001282
855,0.7246379852294922,0.2613145112991333,0.9859524369239807
3288,0.5616905093193054,0.16743513941764832,0.7291256189346313
6631,0.0,0.7241499423980713,0.7241499423980713
2518,0.3339703381061554,0.599511444568634,0.933481752872467
5977,0.11313226073980331,0.214913472533226,0.3280457556247711
671,0.0,0.3970361649990082,0.3970361649990082
690,0.0,0.5233874917030334,0.5233874917030334
3579,0.0,0.5804328918457031,0.5804328918457031
1393,0.607309877872467,0.19887249171733856,0.8061823844909668
4957,1.2259310483932495,0.35191333293914795,1.577844500541687
6553,0.0,0.6052954792976379,0.6052954792976379
5969,0.0,0.30482617020606995,0.30482617020606995
3865,0.3412017822265625,0.3690851628780365,0.7102869749069214
506,0.4168063998222351,0.20000135898590088,0.616807758808136
1036,0.0,0.35816261172294617,0.35816261172294617
88,1.1514441967010498,0.2987856864929199,1.4502298831939697
2133,0.6418318152427673,0.5324094891548157,1.1742414236068726
5414,0.7401291728019714,0.24497517943382263,0.9851043224334717
4943,1.0175281763076782,0.38447895646095276,1.4020072221755981
2514,0.0,0.41696298122406006,0.41696298122406006
6818,0.34940508008003235,0.2579808533191681,0.6073859333992004
136,0.7213734984397888,0.7128159999847412,1.4341895580291748
4427,0.9299839735031128,0.3534417748451233,1.2834259271621704
3567,0.40383461117744446,0.2777876555919647,0.6816223859786987
4530,0.0,0.3344478905200958,0.3344478905200958
4754,0.02063639834523201,0.3384227454662323,0.3590591549873352
3336,0.3845447599887848,0.42753687500953674,0.8120816349983215
4424,0.9752904176712036,0.6354313492774963,1.6107217073440552
2104,0.12712234258651733,0.2540627121925354,0.3811850845813751
4040,1.2540702819824219,0.7081143856048584,1.9621846675872803
5237,0.4038882851600647,1.2491463422775269,1.6530348062515259
1994,0.0,0.6469915509223938,0.6469915509223938
5039,0.0,0.9491630792617798,0.9491630792617798
3640,0.5661402940750122,0.6997348666191101,1.2658751010894775
5324,0.0,0.3328147828578949,0.3328147828578949
2705,0.0,0.60364830493927,0.60364830493927
4509,0.1444602906703949,0.4797125458717346,0.6241728663444519
2634,0.0,0.5105267763137817,0.5105267763137817
1740,0.0,0.4363213777542114,0.4363213777542114
5163,0.0,0.6117844581604004,0.6117844581604004
2243,0.5380210280418396,0.5006117820739746,1.038632869720459
2259,0.0,0.7654576301574707,0.7654576301574707
5578,1.5533561706542969,0.09919632226228714,1.6525524854660034
5270,0.0,0.28901734948158264,0.28901734948158264
257,0.29222816228866577,0.9360332489013672,1.2282613515853882
4726,0.0,0.8094815611839294,0.8094815611839294
3057,0.0,0.46372726559638977,0.46372726559638977
70,0.6744251847267151,0.524610698223114,1.199035882949829
3594,0.43316325545310974,0.23525483906269073,0.6684181094169617
2626,0.016045337542891502,0.32583099603652954,0.3418763279914856
6769,0.7881534099578857,0.1981593668460846,0.986312747001648
2429,0.2811267375946045,0.4031943380832672,0.6843210458755493
1536,0.0,0.5554300546646118,0.5554300546646118
3409,0.7290135622024536,0.3013823926448822,1.0303959846496582
677,0.0,0.37201055884361267,0.37201055884361267
5614,0.11548905074596405,0.4038523733615875,0.5193414092063904
2967,0.0,0.5961713194847107,0.5961713194847107
2614,0.14416857063770294,0.3122537434101105,0.4564223289489746
3573,0.32424473762512207,0.2147650271654129,0.5390098094940186
3357,0.7579980492591858,0.4043497145175934,1.1623479127883911
3003,0.0,0.6376852989196777,0.6376852989196777
4650,0.0,0.44375497102737427,0.44375497102737427
5635,0.0,0.5464000105857849,0.5464000105857849
4099,0.0,1.0307267904281616,1.0307267904281616
909,0.0,0.4328886568546295,0.4328886568546295
14,0.14858372509479523,0.4790938198566437,0.6276775002479553
4453,0.6217396259307861,0.45956000685691833,1.0812996625900269
4292,0.47791942954063416,0.19712574779987335,0.6750451326370239
2572,1.8942207098007202,0.2770821154117584,2.1713027954101562
6011,0.4364181458950043,0.6013367772102356,1.0377548933029175
5957,0.0,0.3957970142364502,0.3957970142364502
4077,0.6917039752006531,0.3054768145084381,0.9971808195114136
371,0.24565468728542328,0.19639724493026733,0.4420519471168518
1724,0.6910736560821533,0.20885568857192993,0.899929404258728
5186,0.156340554356575,0.20966775715351105,0.36600831151008606
6013,0.7170350551605225,0.30144238471984863,1.018477439880371
2994,0.5030168294906616,0.4146444499492645,0.9176613092422485
5576,0.6939525604248047,0.5168686509132385,1.2108211517333984
4353,0.0,0.4013657569885254,0.4013657569885254
3926,0.9960598349571228,0.26809409260749817,1.2641539573669434
890,1.1609113216400146,0.2944619655609131,1.4553732872009277
5836,0.0,0.6040136814117432,0.6040136814117432
1160,1.2470086812973022,0.3536922335624695,1.6007006168365479
1323,1.315805196762085,0.6521092057228088,1.9679144620895386
522,0.2482246309518814,0.1809995472431183,0.4292241632938385
