year,state,state_name,n_complete,employed_all,n_mental_missing,finite_file_unweighted_mean,finite_file_variance,finite_file_standard_deviation,finite_file_weighted_ratio,sum_survey_weight,mean_survey_weight,kish_weight_concentration_n,minimum_survey_weight,maximum_survey_weight,observed_strata,observed_psus
2023,01,Alabama,1917,1941,24,8.536080681620588,7.211777069245417,2.6854752036176794,8.429653325129378,2153933.1436888,1123.5957974380801,1180.6016359654109,66.1221327,11199.3831,33,1917
2023,02,Alaska,2926,2971,45,8.634768740031898,6.631396891532877,2.575149877489246,8.469284916360811,332857.73768703,113.75862532024264,1620.3311008061264,3.73048607,1307.36402,32,2926
2023,04,Arizona,4920,4984,64,8.597357723577236,6.878642521537005,2.622716630049271,8.44118037316824,3053111.17345869,620.5510515159939,2375.704128814661,6.09817509,7001.2113,39,4920
2023,05,Arkansas,2175,2202,27,8.390344827586206,8.12282887215396,2.850057696285105,8.154073853544967,1198069.6387783,550.8366155302529,1409.0745298587806,12.9640572,4673.26728,16,2175
2023,06,California,5765,5893,128,8.510205261636312,7.135161343624624,2.6711722789113814,8.570140636559026,16817833.0273216,2917.2303603333216,2748.834754360873,42.0792954,32807.3316,29,5765
2023,08,Colorado,4889,4939,50,8.438603668098454,6.915897088915433,2.6298093255815016,8.32687159401809,2812651.3147775,575.3019666143383,3254.4213645004397,51.0751812,5208.20576,44,4889
2023,09,Connecticut,5115,5180,65,8.596546106223526,6.8221494695533735,2.611924476234597,8.504306120947838,1657805.38880013,324.1066253763695,2207.704169719224,8.94678443,5973.85506,33,5115
2023,10,Delaware,1865,1895,30,8.574441465594282,7.0383816138659485,2.652994838642915,8.451812435547891,443891.7412619,238.0116575130831,945.3417287439236,11.7128977,2316.87618,12,1865
2023,11,District of Columbia,1860,1876,16,8.73978494623656,4.957616680155702,2.226570609739494,8.537839937919184,366929.2585712,197.2737949307527,1049.4337093796803,13.3126193,1899.85716,5,1860
2023,12,Florida,5208,5285,77,8.456605222734256,8.118785949458983,2.8493483376833697,8.418088083543315,9058250.10811059,1739.2953356587154,1316.9465401442083,6.51722806,40804.1168,203,5208
2023,13,Georgia,3540,3588,48,8.568738229755178,7.083630360227123,2.661509038163711,8.426943047994769,4597716.065992,1298.7898491502824,1844.2388009640333,46.0817956,13008.2654,79,3540
2023,15,Hawaii,4100,4125,25,8.630731707317073,6.997678868398441,2.645312622054044,8.616475954059311,700267.12789376,170.7968604618927,2046.1219074783903,2.57221346,1501.18225,17,4100
2023,16,Idaho,3618,3694,76,8.506172839506172,7.522058204632985,2.742637089487595,8.441463289317998,877474.66082825,242.53030979221947,1980.4424969432123,9.99151355,2352.52141,37,3618
2023,17,Illinois,2946,2956,10,8.555668703326544,6.942231764120465,2.6348115234529517,8.5590431901549,5708557.8497949,1937.7317887966394,1650.0252389169323,72.1340949,24423.9871,19,2946
2023,18,Indiana,5440,5495,55,8.537745098039217,7.201884131103421,2.6836326371363537,8.393687315361186,3003780.753138,552.1655796209559,3542.4131068431707,31.1793896,4171.36054,41,5440
2023,19,Iowa,4895,4923,28,8.49438202247191,7.395264091489316,2.7194234851323387,8.424597550418389,1513272.75591673,309.14663042221247,2976.2103749614516,9.37945983,2559.16847,27,4895
2023,20,Kansas,5404,5477,73,8.604552183567728,7.115909041585618,2.6675661269377406,8.439765483422146,1353486.4256965,250.46010838203185,3119.281505041521,12.1461326,2702.53452,38,5404
2023,22,Louisiana,2589,2617,28,8.350585811767736,8.335224432585271,2.887078875366115,8.181558995894848,1846842.6240036,713.3420718438007,1529.6374760105884,62.5935987,7614.69859,43,2589
2023,23,Maine,5152,5236,84,8.554218426501036,7.216047594801941,2.686270201376239,8.273561295415229,616819.36118627,119.72425488863936,2597.8848250905817,3.97563949,1103.8473,63,5152
2023,24,Maryland,8440,8529,89,8.656832543443919,6.426272431673942,2.535009355342489,8.555491352826309,2826041.73032627,334.83906757420266,3439.9095367116993,6.76409769,3581.22315,18,8440
2023,25,Massachusetts,5258,5330,72,8.542918727019146,6.564459069046619,2.5621200340824433,8.50608698250858,3224975.29125199,613.3463847949772,2565.9299298531614,8.96492679,6559.02672,36,5258
2023,26,Michigan,4425,4485,60,8.450922787193974,7.45482306560127,2.7303521870999115,8.231225866480912,4146982.1642914,937.1711105743277,2498.321104449471,30.0311018,7710.56717,56,4425
2023,27,Minnesota,8438,8607,169,8.665955597692976,6.075030439049214,2.4647576836373215,8.507933280097115,2611169.7647444,309.45363412472153,4382.82121712676,10.2821285,3716.55226,21,8438
2023,28,Mississippi,2094,2125,31,8.482489652976758,7.740407597659043,2.782158801660869,8.426573063527547,1175615.3548258,561.4208953322827,1178.4635718938155,59.5238365,8444.3053,35,2094
2023,29,Missouri,3520,3597,77,8.420738636363636,8.14977824229511,2.8547816452918267,8.311000941840728,2730530.3718482,775.7188556386932,1914.932878325672,28.4400549,7323.46151,46,3520
2023,30,Montana,3502,3540,38,8.51304016752332,7.2401212161668855,2.6907473341372814,8.204242537683596,517765.19783295,147.84842885007137,2236.971121704746,3.32365458,1048.71009,25,3502
2023,31,Nebraska,7263,7310,47,8.80568176602873,5.941771379933252,2.4375748972971585,8.645797856280439,950469.71467141,130.86461719281428,4029.178503499776,5.02021599,1134.03121,82,7263
2023,32,Nevada,1247,1258,11,8.272654370489175,8.43087210427721,2.90359640864174,8.048935267534729,1396404.0248376,1119.8107657077787,537.9892338503778,31.3069944,10197.0047,13,1247
2023,33,New Hampshire,2764,2793,29,8.746985045827303,6.278964619650949,2.5057862278436582,8.473853285070486,676407.69657233,244.720584866979,1477.8572505637885,4.31041548,1787.99927,45,2764
2023,34,New Jersey,4803,4869,66,8.70657228121313,6.263033817172308,2.502605405806578,8.623177674084294,4030871.6652066,839.240404998251,2452.876966762743,42.4775353,9160.27543,5,4803
2023,35,New Mexico,1377,1386,9,8.642459452916968,6.680605005718961,2.584686635884312,8.494031632198503,864111.8645849,627.5322182896878,608.0602661830918,5.21245269,6561.05509,24,1377
2023,36,New York,9374,9547,173,8.605362349761753,6.414111538688189,2.5326096301420375,8.577393781175706,8655223.4880119,923.3223264360893,4167.639053263317,20.4887186,15301.7667,58,9374
2023,37,North Carolina,2148,2173,25,8.502327746741155,7.254960441309572,2.6935033768884664,8.482027570759923,4802332.6714358,2235.722845174954,1159.5259126876265,4.91645697,23955.4125,34,2148
2023,38,North Dakota,3040,3082,42,8.85734649122807,5.521133894563712,2.3497093212914044,8.61700334621225,370942.23002982,122.02047040454605,2025.1073312484623,5.78413705,850.343272,4,3040
2023,39,Ohio,6239,6309,70,8.524763583907678,7.02882079102022,2.6511923338415526,8.337771435937004,5028901.841471,806.0429301924987,3206.669297994568,19.3075515,8692.58842,53,6239
2023,40,Oklahoma,3337,3425,88,8.520727200079913,7.52483425957947,2.7431431350878266,8.379332657883676,1674281.2442064,501.7324675476176,2334.0031609998196,50.3723756,3866.86578,25,3337
2023,41,Oregon,3261,3298,37,8.311356434631504,7.5270307301896935,2.7435434624203956,8.235847390582432,1930530.2409582,592.0055936701012,2026.8148750871778,17.8964146,5563.54807,5,3261
2023,44,Rhode Island,2932,2978,46,8.711914506593907,6.226844553551874,2.4953646133484932,8.487130110043418,479560.3546538,163.56083037305595,1544.5740650100543,11.3599163,1442.43973,17,2932
2023,45,South Carolina,4179,4230,51,8.676716917922947,6.860338757412063,2.6192248390338815,8.39405034009051,2151715.3423019,514.8876148126107,2308.6572413772956,14.7877937,4777.08502,54,4179
2023,46,South Dakota,3104,3150,46,8.709407216494846,6.508410931540133,2.5511587429127442,8.468442914482496,429994.84425493,138.52926683470682,614.9110504200828,1.15634763,3174.10963,38,3104
2023,48,Texas,5076,5122,46,8.527974783293931,7.153034940612694,2.674515832933635,8.406411583961194,13534060.3890143,2666.28455260329,1596.545560840184,13.3866062,69785.8209,75,5076
2023,49,Utah,6138,6202,64,8.44938633648311,7.270210785214271,2.6963328402135875,8.331830295062943,1547395.2103053,252.1008814443304,3643.3644226810497,5.42656809,2421.10009,52,6138
2023,50,Vermont,4124,4173,49,8.64322664080181,6.3288502849848465,2.515720629359478,8.353634721723575,310649.2583462,75.32717224689621,2170.8982487318567,4.54697149,1554.61908,48,4124
2023,51,Virginia,3039,3088,49,8.590216079850828,6.73361638780915,2.5949212681330334,8.465251966528092,3873266.2936159,1274.5200044803883,1572.0980469358667,14.3474786,14714.7006,91,3039
2023,53,Washington,13474,13652,178,8.491984562861807,6.6035220836434085,2.5697319089047808,8.368676959254921,3572395.85550837,265.1325408570855,8514.90699319702,4.58623644,2503.80909,96,13474
2023,54,West Virginia,1791,1813,22,8.098083007630747,9.805194538428921,3.131324725803589,7.959249821214116,681021.7477405,380.24664865466224,1293.9286818400133,24.3483069,2409.08118,4,1791
2023,55,Wisconsin,5452,5520,68,8.614331132306187,6.904369494329549,2.627616694712063,8.40782766086423,2618424.0296439,480.2685307490646,3087.0033499538754,22.9796441,4456.14865,44,5452
2023,56,Wyoming,1935,1965,30,8.71266149870801,6.489012813065454,2.5473540808190474,8.483376810117331,262011.4803251,135.40644978041345,1347.5723672890508,11.705582,766.187766,4,1935
2024,01,Alabama,2255,2271,16,8.35949741315595,8.364183635063522,2.8920898386916547,8.185539183567439,2170983.4742528,962.7421171852772,1475.4580445062445,58.803508,7857.54663,31,2255
2024,02,Alaska,2966,3002,36,8.635873229939312,6.509578474376643,2.5513875586387584,8.45315860272667,345039.11800770997,116.3314625784592,1329.9866495732763,2.97053076,1397.34632,34,2966
2024,04,Arizona,3588,3624,36,8.519881085098476,7.053209350407741,2.6557878963516157,8.52873908264292,3154882.59052958,879.2872325890692,1268.6830201779903,2.57571392,18017.7692,41,3588
2024,05,Arkansas,2160,2202,42,8.293209876543209,8.535118503276939,2.9214925129592477,8.125483974844077,1228007.418979,568.5219532310185,1475.7765870340718,18.8571601,3300.81699,17,2160
2024,06,California,3867,3928,61,8.431945521937763,7.465435823598815,2.732294973753532,8.545610825853306,16325559.54180796,4221.7635225776985,2100.468641690261,9.26859406,34261.2631,29,3867
2024,08,Colorado,5870,5922,52,8.508233957978423,6.670261560255146,2.5826849518001893,8.431772620340409,2838137.6559881,483.49874889064733,4602.700868056751,25.0450121,2455.05664,51,5870
2024,09,Connecticut,3997,4037,40,8.553915436577434,6.99943516000217,2.6456445641851003,8.571202187754892,1637619.7150144,409.71221291328493,2197.481176824417,10.0005576,4576.58803,36,3997
2024,10,Delaware,1743,1764,21,8.68655574679671,6.559813514821152,2.561213289599512,8.369212004293951,452803.188627,259.78381447332185,935.8131514403586,16.040781,2372.32013,11,1743
2024,11,District of Columbia,1777,1797,20,8.71562558619396,5.252464526105804,2.2918255880641976,8.477254998856875,367207.5448246,206.6446509986494,1332.5332772217223,10.4510428,1078.40249,5,1777
2024,12,Florida,4937,4996,59,8.560529336304098,7.301812984718793,2.702186704267267,8.406697482815565,9474829.65310725,1919.1471851543954,1438.0881983033369,8.82915485,35555.0159,210,4937
2024,13,Georgia,3156,3183,27,8.443810730882975,7.7655021097904955,2.78666505159671,8.399907718405041,4849031.3757108,1536.4484713912548,1800.8101051755789,18.6879506,13127.1524,86,3156
2024,15,Hawaii,3177,3204,27,8.658482845451683,6.79285436945531,2.6063104898410145,8.684882285436716,660164.5044183499,207.79493371682403,1742.0721566243312,4.90223664,2036.33132,16,3177
2024,16,Idaho,2284,2316,32,8.519994162288384,7.448763494809275,2.7292422931665987,8.49320222329008,908340.5170017,397.6972491250876,1238.119166611043,23.9251509,3275.52357,26,2284
2024,17,Illinois,6514,6545,31,8.664926824275918,6.3653638750055626,2.5229672758491266,8.664274133705682,5606825.8434943,860.7347011811943,4337.340870217818,16.0166055,6347.87379,50,6514
2024,18,Indiana,6530,6618,88,8.48570699336396,7.28913550917859,2.6998399043607364,8.37349546599575,2993962.1247717,458.49343411511484,4407.616066410866,22.2800833,4305.03722,41,6530
2024,19,Iowa,4612,4650,38,8.577984966753396,6.780682342262196,2.6039743359453826,8.462328445598875,1498240.09771635,324.85691624378796,2909.3575410514177,7.54589674,2319.66531,29,4612
2024,20,Kansas,5814,5909,95,8.534743722050223,7.349851620863675,2.711060976972609,8.400364157564868,1394657.97798452,239.879253179312,3442.8640259654107,6.4378041,2452.42304,39,5814
2024,22,Louisiana,2081,2117,36,8.305942655774468,8.57285218550976,2.9279433371412362,8.15550957990185,1773645.531069,852.3044358813071,1429.6434639091717,110.101656,6889.28251,26,2081
2024,23,Maine,5587,5655,68,8.594057633792733,6.694348078296389,2.5873438268418036,8.418535903280018,635517.75074578,113.74937367921603,3339.8213277938216,4.47896445,1024.82134,63,5587
2024,24,Maryland,7179,7259,80,8.630635650276268,6.461006946090342,2.5418510865293316,8.525704834233629,2880759.0506258,401.2758114815156,3904.447572096176,10.0651846,3520.92366,17,7179
2024,25,Massachusetts,5117,5188,71,8.63780861181682,6.203909574731386,2.490764857374414,8.585653742896978,3238030.2333316,632.7985603540357,3277.5934600955266,42.8240441,7216.46855,37,5117
2024,26,Michigan,4757,4814,57,8.52932520496111,6.982235120294568,2.6423919316207747,8.34080205961211,4123920.68125744,866.9162668188858,2627.6657005110164,7.67769082,7391.95127,53,4757
2024,27,Minnesota,8184,8274,90,8.632127728901922,6.269036235233063,2.5038043524271347,8.49769344541999,2693090.70662091,329.067779401382,5564.702084101831,7.25100701,2849.08368,20,8184
2024,28,Mississippi,1618,1640,22,8.698599093531108,6.48538328674001,2.546641570135069,8.673035329148124,1244327.935796,769.0531123584673,987.6627439067579,103.39012,5690.62907,27,1618
2024,29,Missouri,3745,3816,71,8.384601691143747,8.219297085824168,2.8669316500091466,8.254406939916862,2841743.767521,758.8100847853137,2134.5589048016886,27.167005,6955.65475,44,3745
2024,30,Montana,3212,3248,36,8.572748028227481,7.068424342626179,2.6586508500790735,8.346851358581285,539339.31958401,167.91386039352741,2201.931850836937,6.41682464,783.704626,23,3212
2024,31,Nebraska,6619,6680,61,8.814423125346226,5.966014464264534,2.442542622814295,8.621145751517249,932009.64107951,140.80822497046532,3549.4908613332173,8.34082017,1203.75762,84,6619
2024,32,Nevada,1232,1257,25,8.271645021645021,8.556800612807107,2.9252009525513127,8.248930114977135,1382693.8552069,1122.3164409146916,511.6503431330707,34.8693107,10054.8632,12,1232
2024,33,New Hampshire,2678,2703,25,8.757779437391088,6.277483875009922,2.5054907453450954,8.480327288728558,683445.36305729,255.2073797824085,1453.4741637111308,7.40889479,1840.41018,44,2678
2024,34,New Jersey,4671,4739,68,8.648255191607793,6.568751623927886,2.562957593080285,8.622958112053595,4119762.3925207,881.9872388183901,2534.7312056890773,25.2283045,8671.4217,25,4671
2024,35,New Mexico,1516,1534,18,8.344547053649956,8.507130189152122,2.916698508442743,8.222772906317472,887903.11133735,585.6880681644789,710.7354702380237,2.55972061,5919.63574,22,1516
2024,36,New York,22708,23007,299,8.551993423756679,7.113609094588111,2.667134997443532,8.584752799760881,8462428.1269541,372.66285568760344,9729.325232216317,3.90821758,6680.02995,221,22708
2024,37,North Carolina,2302,2331,29,8.525340283811179,7.45584498267203,2.730539320843417,8.474979293157938,4864103.4534363,2112.990205663032,1685.4217178278438,85.8212143,10359.152,15,2302
2024,38,North Dakota,3034,3059,25,8.852889474840694,5.540103164888122,2.3537423743664307,8.614374217774369,381848.47309534,125.85645125093606,2105.110239448694,6.34000337,909.320598,4,3034
2024,39,Ohio,4576,4626,50,8.497960372960373,7.421081698507399,2.724166239146833,8.343245251789222,5047680.9143043,1103.0771228811846,2444.136566481591,29.418834,10035.7317,55,4576
2024,40,Oklahoma,3371,3452,81,8.438050034608919,7.6943971469081855,2.7738776373351772,8.319702945150361,1712391.333921,507.97725717027583,2563.209829739294,44.8843774,2530.57788,25,3371
2024,41,Oregon,3060,3115,55,8.179193899782135,8.22260995296206,2.867509364058304,8.146088068167872,1896781.04329522,619.8630860441896,2329.2928460270577,9.66257572,3553.39169,5,3060
2024,44,Rhode Island,2689,2731,42,8.715135738192636,5.867118952898641,2.422213647244735,8.549108185125382,490083.9687227,182.255101793492,1624.8154203451154,11.9141761,1501.37293,15,2689
2024,45,South Carolina,3847,3907,60,8.683043063859284,6.4838897433149,2.5463483153949893,8.519476138969035,2304057.64592305,598.9232248305303,1447.422791149627,5.95773812,7280.65141,62,3847
2024,46,South Dakota,3024,3058,34,8.805004409171076,6.091716578463804,2.4681403076939943,8.602846020611368,417539.09976886,138.075099129914,564.9163781428903,1.35104436,3089.37853,40,3024
2024,48,Texas,6475,6563,88,8.50069498069498,7.338219165221481,2.7089147578359642,8.463546951488786,13265299.82599471,2048.6949538215767,2109.387137757615,8.18849321,49582.191,85,6475
2024,49,Utah,7036,7129,93,8.465273829827554,7.114437451073696,2.667290282491521,8.3715846072867,1619227.47933462,230.13466164505687,4455.583475546823,5.76199602,2039.4054,52,7036
2024,50,Vermont,3515,3555,40,8.580938833570412,6.364517342078171,2.522799504930618,8.435935212451808,315124.57302417,89.65137212636415,2288.5773760147586,3.92666663,731.571493,49,3515
2024,51,Virginia,2915,2943,28,8.594168096054888,6.636177157183014,2.5760778631832957,8.43825566657888,3905107.1475985,1339.6593988331047,1561.2048182604155,16.3677111,10966.5505,87,2915
2024,53,Washington,12530,12688,158,8.444160681032189,7.000273829994322,2.6458030595632627,8.318313372346507,3563041.84134629,284.3608811928404,8793.403491281722,3.50243821,2083.54462,89,12530
2024,54,West Virginia,2382,2414,32,8.26714245731878,8.568013580881395,2.927116940076258,8.072244905595552,700355.2670688,294.0198434377834,1658.479037702391,37.3523395,2466.86449,4,2382
2024,55,Wisconsin,5259,5365,106,8.5075743170438,7.281908994260417,2.6985012496310645,8.275769313386744,2601083.8322403,494.5966594866514,2919.5020845654713,20.7601219,6304.59733,42,5259
2024,56,Wyoming,1985,2005,20,8.636943744752308,6.4936589492562815,2.548265870990757,8.460539736891711,270715.6288978,136.38066946992444,1367.618709997477,11.144673,868.055612,4,1985
