org_code,org_name,benchmark_group,is_trust,available_years,complete_five_year_history,official_2025_no_history,comparability_reason
G6V2S,North London NHS Foundation Trust,"MH&LD, MH, LD&Community Trusts",1,2025,0,1,Acquisition of RRP by TAF; new North London trust
NAX,East Coast Community Healthcare CIC,Social Enterprises Community,0,2022;2023;2024;2025,0,0,Earlier histories not provided in 2025 workbook; no values backfilled
NDJ,First Community Health and Care,Social Enterprises Community,0,2025,0,1,Substantial workforce-size change
NLX,Sirona Care & Health,Social Enterprises Community,0,2021;2022;2023;2024;2025,1,0,All five official histories available
NQL,NAViGO Health and Social Care CIC,Social Enterprises MH,0,2021;2022;2023;2024;2025,1,0,All five official histories available
NQV,Bromley Healthcare CIC,Social Enterprises Community,0,2025,0,1,No participation in 2024; guide names Medway but workbook names Bromley (source discrepancy)
NR3,Nottingham CityCare Partnership,Social Enterprises Community,0,2021;2022;2023;2024;2025,1,0,All five official histories available
NR5,Livewell Southwest,Social Enterprises Community,0,2022;2023;2024;2025,0,0,Earlier histories not provided in 2025 workbook; no values backfilled
NTV,CSH Surrey,Social Enterprises Community,0,2025,0,1,Substantial workforce-size change
NXP,Independent Health Group,Community Surgical Services,0,2021;2022;2023;2024;2025,1,0,All five official histories available
QE1,NHS Lancashire and South Cumbria ICB,ICBs,0,2025,0,1,No participation in 2024
QF7,NHS South Yorkshire ICB,ICBs,0,2022;2023;2024;2025,0,0,Earlier histories not provided in 2025 workbook; no values backfilled
QGH,NHS Herefordshire and Worcestershire ICB,ICBs,0,2021;2022;2023;2024;2025,1,0,All five official histories available
QHL,NHS Birmingham and Solihull ICB,ICBs,0,2022;2023;2024;2025,0,0,Earlier histories not provided in 2025 workbook; no values backfilled
QHM,NHS North East and North Cumbria ICB,ICBs,0,2025,0,1,Substantial workforce-size change
QJ2,NHS Derby and Derbyshire ICB,ICBs,0,2021;2022;2023;2024;2025,1,0,All five official histories available
QJG,NHS Suffolk and North East Essex ICB,ICBs,0,2021;2022;2023;2024;2025,1,0,All five official histories available
QJK,NHS Devon ICB,ICBs,0,2021;2022;2023;2024;2025,1,0,All five official histories available
QJM,NHS Lincolnshire ICB,ICBs,0,2021;2022;2023;2024;2025,1,0,All five official histories available
QK1,"NHS Leicester, Leicestershire and Rutland ICB",ICBs,0,2021;2022;2023;2024;2025,1,0,All five official histories available
QMM,NHS Norfolk and Waveney ICB,ICBs,0,2021;2022;2023;2024;2025,1,0,All five official histories available
QNC,NHS Staffordshire and Stoke-on-Trent ICB,ICBs,0,2025,0,1,Substantial workforce-size change
QOC,"NHS Shropshire, Telford and Wrekin ICB",ICBs,0,2023;2024;2025,0,0,Earlier histories not provided in 2025 workbook; no values backfilled
QOQ,NHS Humber and North Yorkshire ICB,ICBs,0,2024;2025,0,0,Earlier histories not provided in 2025 workbook; no values backfilled
QPM,NHS Northamptonshire ICB,ICBs,0,2021;2022;2023;2024;2025,1,0,All five official histories available
QRL,NHS Hampshire and Isle of Wight ICB,ICBs,0,2022;2023;2024;2025,0,0,Earlier histories not provided in 2025 workbook; no values backfilled
QT1,NHS Nottingham and Nottinghamshire ICB,ICBs,0,2022;2023;2024;2025,0,0,Earlier histories not provided in 2025 workbook; no values backfilled
QT6,NHS Cornwall and the Isles of Scilly ICB,ICBs,0,2021;2022;2023;2024;2025,1,0,All five official histories available
QUA,NHS Black Country ICB,ICBs,0,2022;2023;2024;2025,0,0,Earlier histories not provided in 2025 workbook; no values backfilled
QWE,NHS South West London ICB,ICBs,0,2021;2022;2023;2024;2025,1,0,All five official histories available
QWO,NHS West Yorkshire ICB,ICBs,0,2022;2023;2024;2025,0,0,Earlier histories not provided in 2025 workbook; no values backfilled
QWU,NHS Coventry and Warwickshire ICB,ICBs,0,2021;2022;2023;2024;2025,1,0,All five official histories available
QYG,NHS Cheshire and Merseyside ICB,ICBs,0,2022;2023;2024;2025,0,0,Earlier histories not provided in 2025 workbook; no values backfilled
R0A,Manchester University NHS Foundation Trust,Acute&Acute Community Trusts,1,2021;2022;2023;2024;2025,1,0,All five official histories available
R0B,South Tyneside and Sunderland NHS Foundation Trust,Acute&Acute Community Trusts,1,2021;2022;2023;2024;2025,1,0,All five official histories available
R0D,University Hospitals Dorset NHS Foundation Trust,Acute&Acute Community Trusts,1,2021;2022;2023;2024;2025,1,0,All five official histories available
R1A,Herefordshire and Worcestershire Health and Care NHS Trust,"MH&LD, MH, LD&Community Trusts",1,2021;2022;2023;2024;2025,1,0,All five official histories available
R1D,Shropshire Community Health NHS Trust,Community Trusts,1,2021;2022;2023;2024;2025,1,0,All five official histories available
R1F1,Isle of Wight NHS Trust (acute sector),Acute&Acute Community Trusts,1,2021;2022;2023;2024;2025,1,0,All five official histories available
R1F2,Isle of Wight NHS Trust (ambulance sector),Ambulance Trusts,1,2021;2022;2023;2024;2025,1,0,All five official histories available
R1H,Barts Health NHS Trust,Acute&Acute Community Trusts,1,2021;2022;2023;2024;2025,1,0,All five official histories available
R1K,London North West University Healthcare NHS Trust,Acute&Acute Community Trusts,1,2021;2022;2023;2024;2025,1,0,All five official histories available
R1L,Essex Partnership University NHS Foundation Trust,"MH&LD, MH, LD&Community Trusts",1,2021;2022;2023;2024;2025,1,0,All five official histories available
RA2,Royal Surrey County Hospital NHS Foundation Trust,Acute&Acute Community Trusts,1,2021;2022;2023;2024;2025,1,0,All five official histories available
RA7,University Hospitals Bristol and Weston NHS Foundation Trust,Acute&Acute Community Trusts,1,2021;2022;2023;2024;2025,1,0,All five official histories available
RA9,Torbay and South Devon NHS Foundation Trust,Acute&Acute Community Trusts,1,2023;2024;2025,0,0,Historical sample-drawing errors; no comparable pre-2023 history
RAE,Bradford Teaching Hospitals NHS Foundation Trust,Acute&Acute Community Trusts,1,2021;2022;2023;2024;2025,1,0,All five official histories available
RAJ,Mid and South Essex NHS Foundation Trust,Acute&Acute Community Trusts,1,2021;2022;2023;2024;2025,1,0,All five official histories available
RAL,Royal Free London NHS Foundation Trust,Acute&Acute Community Trusts,1,2025,0,1,Acquisition of RAP by RAL
RAN,Royal National Orthopaedic Hospital NHS Trust,Acute Specialist Trusts,1,2021;2022;2023;2024;2025,1,0,All five official histories available
RAS,The Hillingdon Hospitals NHS Foundation Trust,Acute&Acute Community Trusts,1,2021;2022;2023;2024;2025,1,0,All five official histories available
RAT,North East London NHS Foundation Trust,"MH&LD, MH, LD&Community Trusts",1,2021;2022;2023;2024;2025,1,0,All five official histories available
RAX,Kingston and Richmond NHS Foundation Trust,Acute&Acute Community Trusts,1,2025,0,1,Acquisition of RY9 by RAX
RBD,Dorset County Hospital NHS Foundation Trust,Acute&Acute Community Trusts,1,2021;2022;2023;2024;2025,1,0,All five official histories available
RBK,Walsall Healthcare NHS Trust,Acute&Acute Community Trusts,1,2021;2022;2023;2024;2025,1,0,All five official histories available
RBL,Wirral University Teaching Hospital NHS Foundation Trust,Acute&Acute Community Trusts,1,2021;2022;2023;2024;2025,1,0,All five official histories available
RBN,Mersey and West Lancashire Teaching Hospitals NHS Trust,Acute&Acute Community Trusts,1,2023;2024;2025,0,0,Merger of RBN and RVY; no comparable pre-2023 history
RBQ,Liverpool Heart and Chest Hospital NHS Foundation Trust,Acute Specialist Trusts,1,2021;2022;2023;2024;2025,1,0,All five official histories available
RBS,Alder Hey Children's NHS Foundation Trust,Acute&Acute Community Trusts,1,2021;2022;2023;2024;2025,1,0,All five official histories available
RBT,Mid Cheshire Hospitals NHS Foundation Trust,Acute&Acute Community Trusts,1,2021;2022;2023;2024;2025,1,0,All five official histories available
RBV,The Christie NHS Foundation Trust,Acute Specialist Trusts,1,2021;2022;2023;2024;2025,1,0,All five official histories available
RC9,Bedfordshire Hospitals NHS Foundation Trust,Acute&Acute Community Trusts,1,2021;2022;2023;2024;2025,1,0,All five official histories available
RCB,York and Scarborough Teaching Hospitals NHS Foundation Trust,Acute&Acute Community Trusts,1,2021;2022;2023;2024;2025,1,0,All five official histories available
RCD,Harrogate and District NHS Foundation Trust,Acute&Acute Community Trusts,1,2021;2022;2023;2024;2025,1,0,All five official histories available
RCF,Airedale NHS Foundation Trust,Acute&Acute Community Trusts,1,2021;2022;2023;2024;2025,1,0,All five official histories available
RCU,Sheffield Children's NHS Foundation Trust,Acute&Acute Community Trusts,1,2021;2022;2023;2024;2025,1,0,All five official histories available
RCX,The Queen Elizabeth Hospital King's Lynn NHS Foundation Trust,Acute&Acute Community Trusts,1,2021;2022;2023;2024;2025,1,0,All five official histories available
RD1,Royal United Hospitals Bath NHS Foundation Trust,Acute&Acute Community Trusts,1,2021;2022;2023;2024;2025,1,0,All five official histories available
RD8,Milton Keynes University Hospital NHS Foundation Trust,Acute&Acute Community Trusts,1,2021;2022;2023;2024;2025,1,0,All five official histories available
RDE,East Suffolk and North Essex NHS Foundation Trust,Acute&Acute Community Trusts,1,2021;2022;2023;2024;2025,1,0,All five official histories available
RDR,Sussex Community NHS Foundation Trust,Community Trusts,1,2021;2022;2023;2024;2025,1,0,All five official histories available
RDU,Frimley Health NHS Foundation Trust,Acute&Acute Community Trusts,1,2021;2022;2023;2024;2025,1,0,All five official histories available
RDY,Dorset Healthcare University NHS Foundation Trust,"MH&LD, MH, LD&Community Trusts",1,2021;2022;2023;2024;2025,1,0,All five official histories available
REF,Royal Cornwall Hospitals NHS Trust,Acute&Acute Community Trusts,1,2021;2022;2023;2024;2025,1,0,All five official histories available
REM,Liverpool University Hospitals NHS Foundation Trust,Acute&Acute Community Trusts,1,2021;2022;2023;2024;2025,1,0,All five official histories available
REN,The Clatterbridge Cancer Centre NHS Foundation Trust,Acute Specialist Trusts,1,2021;2022;2023;2024;2025,1,0,All five official histories available
REP,Liverpool Women's NHS Foundation Trust,Acute Specialist Trusts,1,2021;2022;2023;2024;2025,1,0,All five official histories available
RET,The Walton Centre NHS Foundation Trust,Acute Specialist Trusts,1,2021;2022;2023;2024;2025,1,0,All five official histories available
RF4,"Barking, Havering and Redbridge University Hospitals NHS Trust",Acute&Acute Community Trusts,1,2021;2022;2023;2024;2025,1,0,All five official histories available
RFF,Barnsley Hospital NHS Foundation Trust,Acute&Acute Community Trusts,1,2021;2022;2023;2024;2025,1,0,All five official histories available
RFR,The Rotherham NHS Foundation Trust,Acute&Acute Community Trusts,1,2021;2022;2023;2024;2025,1,0,All five official histories available
RFS,Chesterfield Royal Hospital NHS Foundation Trust,Acute&Acute Community Trusts,1,2021;2022;2023;2024;2025,1,0,All five official histories available
RGD,Leeds and York Partnership NHS Foundation Trust,"MH&LD, MH, LD&Community Trusts",1,2021;2022;2023;2024;2025,1,0,All five official histories available
RGM,Royal Papworth Hospital NHS Foundation Trust,Acute Specialist Trusts,1,2021;2022;2023;2024;2025,1,0,All five official histories available
RGN,North West Anglia NHS Foundation Trust,Acute&Acute Community Trusts,1,2021;2022;2023;2024;2025,1,0,All five official histories available
RGP,James Paget University Hospitals NHS Foundation Trust,Acute&Acute Community Trusts,1,2021;2022;2023;2024;2025,1,0,All five official histories available
RGR,West Suffolk NHS Foundation Trust,Acute&Acute Community Trusts,1,2021;2022;2023;2024;2025,1,0,All five official histories available
RGT,Cambridge University Hospitals NHS Foundation Trust,Acute&Acute Community Trusts,1,2021;2022;2023;2024;2025,1,0,All five official histories available
RH5,Somerset NHS Foundation Trust,Acute&Acute Community Trusts,1,2023;2024;2025,0,0,Merger of RA4 and RH5; no comparable pre-2023 history
RH8,Royal Devon University Healthcare NHS Foundation Trust,Acute&Acute Community Trusts,1,2022;2023;2024;2025,0,0,Merger of RH8 and RBZ; no comparable pre-2022 history
RHA,Nottinghamshire Healthcare NHS Foundation Trust,"MH&LD, MH, LD&Community Trusts",1,2021;2022;2023;2024;2025,1,0,All five official histories available
RHM,University Hospital Southampton NHS Foundation Trust,Acute&Acute Community Trusts,1,2021;2022;2023;2024;2025,1,0,All five official histories available
RHQ,Sheffield Teaching Hospitals NHS Foundation Trust,Acute&Acute Community Trusts,1,2021;2022;2023;2024;2025,1,0,All five official histories available
RHU,Portsmouth Hospitals University NHS Trust,Acute&Acute Community Trusts,1,2021;2022;2023;2024;2025,1,0,All five official histories available
RHW,Royal Berkshire NHS Foundation Trust,Acute&Acute Community Trusts,1,2021;2022;2023;2024;2025,1,0,All five official histories available
RJ1,Guy's and St Thomas' NHS Foundation Trust,Acute&Acute Community Trusts,1,2021;2022;2023;2024;2025,1,0,All five official histories available
RJ2,Lewisham and Greenwich NHS Trust,Acute&Acute Community Trusts,1,2021;2022;2023;2024;2025,1,0,All five official histories available
RJ6,Croydon Health Services NHS Trust,Acute&Acute Community Trusts,1,2021;2022;2023;2024;2025,1,0,All five official histories available
RJ7,St George's University Hospitals NHS Foundation Trust,Acute&Acute Community Trusts,1,2021;2022;2023;2024;2025,1,0,All five official histories available
RJ8,Cornwall Partnership NHS Foundation Trust,"MH&LD, MH, LD&Community Trusts",1,2021;2022;2023;2024;2025,1,0,All five official histories available
RJC,South Warwickshire University NHS Foundation Trust,Acute&Acute Community Trusts,1,2021;2022;2023;2024;2025,1,0,All five official histories available
RJE,University Hospitals of North Midlands NHS Trust,Acute&Acute Community Trusts,1,2021;2022;2023;2024;2025,1,0,All five official histories available
RJL,Northern Lincolnshire and Goole NHS Foundation Trust,Acute&Acute Community Trusts,1,2021;2022;2023;2024;2025,1,0,All five official histories available
RJN,East Cheshire NHS Trust,Acute&Acute Community Trusts,1,2021;2022;2023;2024;2025,1,0,All five official histories available
RJR,Countess of Chester Hospital NHS Foundation Trust,Acute&Acute Community Trusts,1,2021;2022;2023;2024;2025,1,0,All five official histories available
RJZ,King's College Hospital NHS Foundation Trust,Acute&Acute Community Trusts,1,2021;2022;2023;2024;2025,1,0,All five official histories available
RK5,Sherwood Forest Hospitals NHS Foundation Trust,Acute&Acute Community Trusts,1,2021;2022;2023;2024;2025,1,0,All five official histories available
RK9,University Hospitals Plymouth NHS Trust,Acute&Acute Community Trusts,1,2021;2022;2023;2024;2025,1,0,All five official histories available
RKB,University Hospitals Coventry and Warwickshire NHS Trust,Acute&Acute Community Trusts,1,2021;2022;2023;2024;2025,1,0,All five official histories available
RKE,Whittington Health NHS Trust,Acute&Acute Community Trusts,1,2021;2022;2023;2024;2025,1,0,All five official histories available
RKL,West London NHS Trust,"MH&LD, MH, LD&Community Trusts",1,2021;2022;2023;2024;2025,1,0,All five official histories available
RL1,The Robert Jones and Agnes Hunt Orthopaedic Hospital NHS Foundation Trust,Acute Specialist Trusts,1,2021;2022;2023;2024;2025,1,0,All five official histories available
RL4,The Royal Wolverhampton NHS Trust,Acute&Acute Community Trusts,1,2021;2022;2023;2024;2025,1,0,All five official histories available
RLQ,Wye Valley NHS Trust,Acute&Acute Community Trusts,1,2021;2022;2023;2024;2025,1,0,All five official histories available
RLT,George Eliot Hospital NHS Trust,Acute&Acute Community Trusts,1,2021;2022;2023;2024;2025,1,0,All five official histories available
RLY,North Staffordshire Combined Healthcare NHS Trust,"MH&LD, MH, LD&Community Trusts",1,2021;2022;2023;2024;2025,1,0,All five official histories available
RM1,Norfolk and Norwich University Hospitals NHS Foundation Trust,Acute&Acute Community Trusts,1,2021;2022;2023;2024;2025,1,0,All five official histories available
RM3,Northern Care Alliance NHS Foundation Trust,Acute&Acute Community Trusts,1,2022;2023;2024;2025,0,0,Merger of RM3 and RW6; no comparable pre-2022 history
RMC,Bolton NHS Foundation Trust,Acute&Acute Community Trusts,1,2021;2022;2023;2024;2025,1,0,All five official histories available
RMP,Tameside and Glossop Integrated Care NHS Foundation Trust,Acute&Acute Community Trusts,1,2021;2022;2023;2024;2025,1,0,All five official histories available
RMY,Norfolk and Suffolk NHS Foundation Trust,"MH&LD, MH, LD&Community Trusts",1,2021;2022;2023;2024;2025,1,0,All five official histories available
RN3,Great Western Hospitals NHS Foundation Trust,Acute&Acute Community Trusts,1,2021;2022;2023;2024;2025,1,0,All five official histories available
RN5,Hampshire Hospitals NHS Foundation Trust,Acute&Acute Community Trusts,1,2021;2022;2023;2024;2025,1,0,All five official histories available
RN7,Dartford and Gravesham NHS Trust,Acute&Acute Community Trusts,1,2021;2022;2023;2024;2025,1,0,All five official histories available
RNA,The Dudley Group NHS Foundation Trust,Acute&Acute Community Trusts,1,2021;2022;2023;2024;2025,1,0,All five official histories available
RNK,Tavistock and Portman NHS Foundation Trust,"MH&LD, MH, LD&Community Trusts",1,2021;2022;2023;2024;2025,1,0,All five official histories available
RNN,North Cumbria Integrated Care NHS Foundation Trust,Acute&Acute Community Trusts,1,2021;2022;2023;2024;2025,1,0,All five official histories available
RNQ,Kettering General Hospital NHS Foundation Trust,Acute&Acute Community Trusts,1,2021;2022;2023;2024;2025,1,0,All five official histories available
RNS,Northampton General Hospital NHS Trust,Acute&Acute Community Trusts,1,2021;2022;2023;2024;2025,1,0,All five official histories available
RNU,Oxford Health NHS Foundation Trust,"MH&LD, MH, LD&Community Trusts",1,2021;2022;2023;2024;2025,1,0,All five official histories available
RNZ,Salisbury NHS Foundation Trust,Acute&Acute Community Trusts,1,2021;2022;2023;2024;2025,1,0,All five official histories available
RP1,Northamptonshire Healthcare NHS Foundation Trust,"MH&LD, MH, LD&Community Trusts",1,2021;2022;2023;2024;2025,1,0,All five official histories available
RP4,Great Ormond Street Hospital for Children NHS Foundation Trust,Acute Specialist Trusts,1,2021;2022;2023;2024;2025,1,0,All five official histories available
RP5,Doncaster and Bassetlaw Teaching Hospitals NHS Foundation Trust,Acute&Acute Community Trusts,1,2021;2022;2023;2024;2025,1,0,All five official histories available
RP6,Moorfields Eye Hospital NHS Foundation Trust,Acute Specialist Trusts,1,2021;2022;2023;2024;2025,1,0,All five official histories available
RP7,Lincolnshire Partnership NHS Foundation Trust,"MH&LD, MH, LD&Community Trusts",1,2021;2022;2023;2024;2025,1,0,All five official histories available
RPA,Medway NHS Foundation Trust,Acute&Acute Community Trusts,1,2021;2022;2023;2024;2025,1,0,All five official histories available
RPC,Queen Victoria Hospital NHS Foundation Trust,Acute Specialist Trusts,1,2021;2022;2023;2024;2025,1,0,All five official histories available
RPG,Oxleas NHS Foundation Trust,"MH&LD, MH, LD&Community Trusts",1,2021;2022;2023;2024;2025,1,0,All five official histories available
RPY,The Royal Marsden NHS Foundation Trust,Acute Specialist Trusts,1,2021;2022;2023;2024;2025,1,0,All five official histories available
RQ3,Birmingham Women's and Children's NHS Foundation Trust,Acute&Acute Community Trusts,1,2025,0,1,CAMHS transfer from RQ3 to RXT
RQM,Chelsea and Westminster Hospital NHS Foundation Trust,Acute&Acute Community Trusts,1,2021;2022;2023;2024;2025,1,0,All five official histories available
RQW,The Princess Alexandra Hospital NHS Trust,Acute&Acute Community Trusts,1,2021;2022;2023;2024;2025,1,0,All five official histories available
RQX,Homerton Healthcare NHS Foundation Trust,Acute&Acute Community Trusts,1,2021;2022;2023;2024;2025,1,0,All five official histories available
RQY,South West London and St George's Mental Health NHS Trust,"MH&LD, MH, LD&Community Trusts",1,2021;2022;2023;2024;2025,1,0,All five official histories available
RR7,Gateshead Health NHS Foundation Trust,Acute&Acute Community Trusts,1,2021;2022;2023;2024;2025,1,0,All five official histories available
RR8,Leeds Teaching Hospitals NHS Trust,Acute&Acute Community Trusts,1,2021;2022;2023;2024;2025,1,0,All five official histories available
RRE,Midlands Partnership University NHS Foundation Trust,"MH&LD, MH, LD&Community Trusts",1,2021;2022;2023;2024;2025,1,0,All five official histories available
RRF,"Wrightington, Wigan and Leigh Teaching Hospitals NHS Foundation Trust",Acute&Acute Community Trusts,1,2021;2022;2023;2024;2025,1,0,All five official histories available
RRJ,The Royal Orthopaedic Hospital NHS Foundation Trust,Acute Specialist Trusts,1,2021;2022;2023;2024;2025,1,0,All five official histories available
RRK,University Hospitals Birmingham NHS Foundation Trust,Acute&Acute Community Trusts,1,2021;2022;2023;2024;2025,1,0,All five official histories available
RRU,London Ambulance Service NHS Trust,Ambulance Trusts,1,2021;2022;2023;2024;2025,1,0,All five official histories available
RRV,University College London Hospitals NHS Foundation Trust,Acute&Acute Community Trusts,1,2021;2022;2023;2024;2025,1,0,All five official histories available
RT1,Cambridgeshire and Peterborough NHS Foundation Trust,"MH&LD, MH, LD&Community Trusts",1,2021;2022;2023;2024;2025,1,0,All five official histories available
RT2,Pennine Care NHS Foundation Trust,"MH&LD, MH, LD&Community Trusts",1,2021;2022;2023;2024;2025,1,0,All five official histories available
RT5,Leicestershire Partnership NHS Trust,"MH&LD, MH, LD&Community Trusts",1,2021;2022;2023;2024;2025,1,0,All five official histories available
RTD,The Newcastle upon Tyne Hospitals NHS Foundation Trust,Acute&Acute Community Trusts,1,2021;2022;2023;2024;2025,1,0,All five official histories available
RTE,Gloucestershire Hospitals NHS Foundation Trust,Acute&Acute Community Trusts,1,2021;2022;2023;2024;2025,1,0,All five official histories available
RTF,Northumbria Healthcare NHS Foundation Trust,Acute&Acute Community Trusts,1,2021;2022;2023;2024;2025,1,0,All five official histories available
RTG,University Hospitals of Derby and Burton NHS Foundation Trust,Acute&Acute Community Trusts,1,2021;2022;2023;2024;2025,1,0,All five official histories available
RTH,Oxford University Hospitals NHS Foundation Trust,Acute&Acute Community Trusts,1,2021;2022;2023;2024;2025,1,0,All five official histories available
RTK,Ashford and St Peter's Hospitals NHS Foundation Trust,Acute&Acute Community Trusts,1,2021;2022;2023;2024;2025,1,0,All five official histories available
RTP,Surrey and Sussex Healthcare NHS Trust,Acute&Acute Community Trusts,1,2021;2022;2023;2024;2025,1,0,All five official histories available
RTQ,Gloucestershire Health and Care NHS Foundation Trust,"MH&LD, MH, LD&Community Trusts",1,2021;2022;2023;2024;2025,1,0,All five official histories available
RTR,South Tees Hospitals NHS Foundation Trust,Acute&Acute Community Trusts,1,2021;2022;2023;2024;2025,1,0,All five official histories available
RTX,University Hospitals of Morecambe Bay NHS Foundation Trust,Acute&Acute Community Trusts,1,2025,0,1,Substantial workforce-size change
RV3,Central and North West London NHS Foundation Trust,"MH&LD, MH, LD&Community Trusts",1,2021;2022;2023;2024;2025,1,0,All five official histories available
RV5,South London and Maudsley NHS Foundation Trust,"MH&LD, MH, LD&Community Trusts",1,2021;2022;2023;2024;2025,1,0,All five official histories available
RV9,Humber Teaching NHS Foundation Trust,"MH&LD, MH, LD&Community Trusts",1,2021;2022;2023;2024;2025,1,0,All five official histories available
RVJ,North Bristol NHS Trust,Acute&Acute Community Trusts,1,2021;2022;2023;2024;2025,1,0,All five official histories available
RVN,Avon and Wiltshire Mental Health Partnership NHS Trust,"MH&LD, MH, LD&Community Trusts",1,2021;2022;2023;2024;2025,1,0,All five official histories available
RVR,Epsom and St Helier University Hospitals NHS Trust,Acute&Acute Community Trusts,1,2021;2022;2023;2024;2025,1,0,All five official histories available
RVV,East Kent Hospitals University NHS Foundation Trust,Acute&Acute Community Trusts,1,2021;2022;2023;2024;2025,1,0,All five official histories available
RVW,North Tees and Hartlepool NHS Foundation Trust,Acute&Acute Community Trusts,1,2021;2022;2023;2024;2025,1,0,All five official histories available
RW1,Hampshire and Isle of Wight Healthcare NHS Foundation Trust,"MH&LD, MH, LD&Community Trusts",1,2025,0,1,Acquisition of R1C by RW1
RW4,Mersey Care NHS Foundation Trust,"MH&LD, MH, LD&Community Trusts",1,2021;2022;2023;2024;2025,1,0,All five official histories available
RW5,Lancashire and South Cumbria NHS Foundation Trust,"MH&LD, MH, LD&Community Trusts",1,2021;2022;2023;2024;2025,1,0,All five official histories available
RWA,Hull University Teaching Hospitals NHS Trust,Acute&Acute Community Trusts,1,2021;2022;2023;2024;2025,1,0,All five official histories available
RWD,United Lincolnshire Teaching Hospitals NHS Trust,Acute&Acute Community Trusts,1,2021;2022;2023;2024;2025,1,0,All five official histories available
RWE,University Hospitals of Leicester NHS Trust,Acute&Acute Community Trusts,1,2021;2022;2023;2024;2025,1,0,All five official histories available
RWF,Maidstone and Tunbridge Wells NHS Trust,Acute&Acute Community Trusts,1,2021;2022;2023;2024;2025,1,0,All five official histories available
RWG,West Hertfordshire Teaching Hospitals NHS Trust,Acute&Acute Community Trusts,1,2021;2022;2023;2024;2025,1,0,All five official histories available
RWH,East and North Hertfordshire Teaching NHS Trust,Acute&Acute Community Trusts,1,2021;2022;2023;2024;2025,1,0,All five official histories available
RWJ,Stockport NHS Foundation Trust,Acute&Acute Community Trusts,1,2021;2022;2023;2024;2025,1,0,All five official histories available
RWK,East London NHS Foundation Trust,"MH&LD, MH, LD&Community Trusts",1,2023;2024;2025,0,0,Historical sample-drawing errors; 2023 guide supersedes earlier 2022 cutoff
RWP,Worcestershire Acute Hospitals NHS Trust,Acute&Acute Community Trusts,1,2021;2022;2023;2024;2025,1,0,All five official histories available
RWR,Hertfordshire Partnership University NHS Foundation Trust,"MH&LD, MH, LD&Community Trusts",1,2021;2022;2023;2024;2025,1,0,All five official histories available
RWV,Devon Partnership NHS Trust,"MH&LD, MH, LD&Community Trusts",1,2021;2022;2023;2024;2025,1,0,All five official histories available
RWW,Warrington and Halton Teaching Hospitals NHS Foundation Trust,Acute&Acute Community Trusts,1,2021;2022;2023;2024;2025,1,0,All five official histories available
RWX,Berkshire Healthcare NHS Foundation Trust,"MH&LD, MH, LD&Community Trusts",1,2021;2022;2023;2024;2025,1,0,All five official histories available
RWY,Calderdale and Huddersfield NHS Foundation Trust,Acute&Acute Community Trusts,1,2021;2022;2023;2024;2025,1,0,All five official histories available
RX1,Nottingham University Hospitals NHS Trust,Acute&Acute Community Trusts,1,2021;2022;2023;2024;2025,1,0,All five official histories available
RX2,Sussex Partnership NHS Foundation Trust,"MH&LD, MH, LD&Community Trusts",1,2024;2025,0,0,CAMHS transfer from RX2 to RW1; no comparable pre-2024 history
RX3,"Tees, Esk and Wear Valleys NHS Foundation Trust","MH&LD, MH, LD&Community Trusts",1,2021;2022;2023;2024;2025,1,0,All five official histories available
RX4,"Cumbria, Northumberland, Tyne and Wear NHS Foundation Trust","MH&LD, MH, LD&Community Trusts",1,2021;2022;2023;2024;2025,1,0,All five official histories available
RX6,North East Ambulance Service NHS Foundation Trust,Ambulance Trusts,1,2021;2022;2023;2024;2025,1,0,All five official histories available
RX7,North West Ambulance Service NHS Trust,Ambulance Trusts,1,2021;2022;2023;2024;2025,1,0,All five official histories available
RX8,Yorkshire Ambulance Service NHS Trust,Ambulance Trusts,1,2021;2022;2023;2024;2025,1,0,All five official histories available
RX9,East Midlands Ambulance Service NHS Trust,Ambulance Trusts,1,2021;2022;2023;2024;2025,1,0,All five official histories available
RXA,Cheshire and Wirral Partnership NHS Foundation Trust,"MH&LD, MH, LD&Community Trusts",1,2021;2022;2023;2024;2025,1,0,All five official histories available
RXC,East Sussex Healthcare NHS Trust,Acute&Acute Community Trusts,1,2021;2022;2023;2024;2025,1,0,All five official histories available
RXE,Rotherham Doncaster and South Humber NHS Foundation Trust,"MH&LD, MH, LD&Community Trusts",1,2021;2022;2023;2024;2025,1,0,All five official histories available
RXF,Mid Yorkshire Teaching NHS Trust,Acute&Acute Community Trusts,1,2021;2022;2023;2024;2025,1,0,All five official histories available
RXG,South West Yorkshire Partnership NHS Foundation Trust,"MH&LD, MH, LD&Community Trusts",1,2021;2022;2023;2024;2025,1,0,All five official histories available
RXK,Sandwell and West Birmingham Hospitals NHS Trust,Acute&Acute Community Trusts,1,2021;2022;2023;2024;2025,1,0,All five official histories available
RXL,Blackpool Teaching Hospitals NHS Foundation Trust,Acute&Acute Community Trusts,1,2025,0,1,OneLSC workforce transfer from RXL to RXR
RXM,Derbyshire Healthcare NHS Foundation Trust,"MH&LD, MH, LD&Community Trusts",1,2021;2022;2023;2024;2025,1,0,All five official histories available
RXN,Lancashire Teaching Hospitals NHS Foundation Trust,Acute&Acute Community Trusts,1,2021;2022;2023;2024;2025,1,0,All five official histories available
RXP,County Durham and Darlington NHS Foundation Trust,Acute&Acute Community Trusts,1,2021;2022;2023;2024;2025,1,0,All five official histories available
RXQ,Buckinghamshire Healthcare NHS Trust,Acute&Acute Community Trusts,1,2021;2022;2023;2024;2025,1,0,All five official histories available
RXR,East Lancashire Hospitals NHS Trust,Acute&Acute Community Trusts,1,2025,0,1,OneLSC workforce transfer from RXL to RXR
RXT,Birmingham and Solihull Mental Health NHS Foundation Trust,"MH&LD, MH, LD&Community Trusts",1,2025,0,1,CAMHS transfer from RQ3 to RXT
RXV,Greater Manchester Mental Health NHS Foundation Trust,"MH&LD, MH, LD&Community Trusts",1,2021;2022;2023;2024;2025,1,0,All five official histories available
RXW,The Shrewsbury and Telford Hospital NHS Trust,Acute&Acute Community Trusts,1,2021;2022;2023;2024;2025,1,0,All five official histories available
RXX,Surrey and Borders Partnership NHS Foundation Trust,"MH&LD, MH, LD&Community Trusts",1,2021;2022;2023;2024;2025,1,0,All five official histories available
RXY,Kent and Medway NHS and Social Care Partnership Trust,"MH&LD, MH, LD&Community Trusts",1,2021;2022;2023;2024;2025,1,0,All five official histories available
RY2,Bridgewater Community Healthcare NHS Foundation Trust,Community Trusts,1,2021;2022;2023;2024;2025,1,0,All five official histories available
RY3,Norfolk Community Health and Care NHS Trust,Community Trusts,1,2021;2022;2023;2024;2025,1,0,All five official histories available
RY4,Hertfordshire Community NHS Trust,Community Trusts,1,2021;2022;2023;2024;2025,1,0,All five official histories available
RY5,Lincolnshire Community Health Services NHS Trust,Community Trusts,1,2021;2022;2023;2024;2025,1,0,All five official histories available
RY6,Leeds Community Healthcare NHS Trust,Community Trusts,1,2021;2022;2023;2024;2025,1,0,All five official histories available
RY7,Wirral Community Health and Care NHS Foundation Trust,Community Trusts,1,2021;2022;2023;2024;2025,1,0,All five official histories available
RY8,Derbyshire Community Health Services NHS Foundation Trust,Community Trusts,1,2021;2022;2023;2024;2025,1,0,All five official histories available
RYA,West Midlands Ambulance Service University NHS Foundation Trust,Ambulance Trusts,1,2021;2022;2023;2024;2025,1,0,All five official histories available
RYC,East of England Ambulance Service NHS Trust,Ambulance Trusts,1,2021;2022;2023;2024;2025,1,0,All five official histories available
RYD,South East Coast Ambulance Service NHS Foundation Trust,Ambulance Trusts,1,2021;2022;2023;2024;2025,1,0,All five official histories available
RYE,South Central Ambulance Service NHS Foundation Trust,Ambulance Trusts,1,2021;2022;2023;2024;2025,1,0,All five official histories available
RYF,South Western Ambulance Service NHS Foundation Trust,Ambulance Trusts,1,2021;2022;2023;2024;2025,1,0,All five official histories available
RYG,Coventry and Warwickshire Partnership NHS Trust,"MH&LD, MH, LD&Community Trusts",1,2021;2022;2023;2024;2025,1,0,All five official histories available
RYJ,Imperial College Healthcare NHS Trust,Acute&Acute Community Trusts,1,2021;2022;2023;2024;2025,1,0,All five official histories available
RYR,University Hospitals Sussex NHS Foundation Trust,Acute&Acute Community Trusts,1,2021;2022;2023;2024;2025,1,0,All five official histories available
RYV,Cambridgeshire Community Services NHS Trust,Community Trusts,1,2021;2022;2023;2024;2025,1,0,All five official histories available
RYW,Birmingham Community Healthcare NHS Foundation Trust,Community Trusts,1,2021;2022;2023;2024;2025,1,0,All five official histories available
RYX,Central London Community Healthcare NHS Trust,Community Trusts,1,2021;2022;2023;2024;2025,1,0,All five official histories available
RYY,Kent Community Health NHS Foundation Trust,Community Trusts,1,2021;2022;2023;2024;2025,1,0,All five official histories available
TAD,Bradford District Care NHS Foundation Trust,"MH&LD, MH, LD&Community Trusts",1,2021;2022;2023;2024;2025,1,0,All five official histories available
TAH,Sheffield Health and Social Care NHS Foundation Trust,"MH&LD, MH, LD&Community Trusts",1,2021;2022;2023;2024;2025,1,0,All five official histories available
TAJ,Black Country Healthcare NHS Foundation Trust,"MH&LD, MH, LD&Community Trusts",1,2021;2022;2023;2024;2025,1,0,All five official histories available
