scenario,state,mu,tau,bias_mean,bias_sd,ordinary_variance,validation_variance
unweighted_uniform,01,8.556928566324567,0.13881606594281007,0.0,0.0,7.211777069245414,7.211777069245414
unweighted_uniform,02,8.556928566324567,0.13881606594281007,1.7763568394002505e-15,0.0,6.6313968915328445,6.631396891532859
unweighted_uniform,04,8.556928566324567,0.13881606594281007,0.0,0.0,6.878642521537017,6.878642521537017
unweighted_uniform,05,8.556928566324567,0.13881606594281007,0.0,0.0,8.122828872153974,8.122828872153974
unweighted_uniform,06,8.556928566324567,0.13881606594281007,0.0,0.0,7.135161343624645,7.135161343624645
unweighted_uniform,08,8.556928566324567,0.13881606594281007,0.0,0.0,6.915897088915429,6.915897088915443
unweighted_uniform,09,8.556928566324567,0.13881606594281007,-1.7763568394002505e-15,0.0,6.822149469553381,6.822149469553381
unweighted_uniform,10,8.556928566324567,0.13881606594281007,0.0,0.0,7.038381613865994,7.038381613865994
unweighted_uniform,11,8.556928566324567,0.13881606594281007,0.0,0.0,4.957616680155681,4.957616680155681
unweighted_uniform,12,8.556928566324567,0.13881606594281007,0.0,0.0,8.11878594945901,8.11878594945901
unweighted_uniform,13,8.556928566324567,0.13881606594281007,0.0,0.0,7.083630360227119,7.083630360227119
unweighted_uniform,15,8.556928566324567,0.13881606594281007,0.0,0.0,6.997678868398481,6.997678868398481
unweighted_uniform,16,8.556928566324567,0.13881606594281007,0.0,0.0,7.52205820463297,7.52205820463297
unweighted_uniform,17,8.556928566324567,0.13881606594281007,0.0,0.0,6.942231764120507,6.942231764120507
unweighted_uniform,18,8.556928566324567,0.13881606594281007,-3.552713678800501e-15,0.0,7.201884131103455,7.201884131103412
unweighted_uniform,19,8.556928566324567,0.13881606594281007,1.7763568394002505e-15,0.0,7.3952640914893095,7.395264091489338
unweighted_uniform,20,8.556928566324567,0.13881606594281007,0.0,0.0,7.1159090415856525,7.1159090415856525
unweighted_uniform,22,8.556928566324567,0.13881606594281007,0.0,0.0,8.33522443258525,8.33522443258525
unweighted_uniform,23,8.556928566324567,0.13881606594281007,0.0,0.0,7.21604759480195,7.21604759480195
unweighted_uniform,24,8.556928566324567,0.13881606594281007,0.0,0.0,6.426272431673965,6.426272431673979
unweighted_uniform,25,8.556928566324567,0.13881606594281007,1.7763568394002505e-15,0.0,6.564459069046606,6.56445906904662
unweighted_uniform,26,8.556928566324567,0.13881606594281007,0.0,0.0,7.454823065601275,7.454823065601275
unweighted_uniform,27,8.556928566324567,0.13881606594281007,0.0,0.0,6.075030439049215,6.075030439049215
unweighted_uniform,28,8.556928566324567,0.13881606594281007,0.0,0.0,7.740407597659043,7.740407597659029
unweighted_uniform,29,8.556928566324567,0.13881606594281007,0.0,0.0,8.149778242295113,8.149778242295113
unweighted_uniform,30,8.556928566324567,0.13881606594281007,-1.7763568394002505e-15,0.0,7.240121216166898,7.240121216166884
unweighted_uniform,31,8.556928566324567,0.13881606594281007,1.7763568394002505e-15,0.0,5.941771379933257,5.941771379933272
unweighted_uniform,32,8.556928566324567,0.13881606594281007,1.7763568394002505e-15,0.0,8.430872104277185,8.4308721042772
unweighted_uniform,33,8.556928566324567,0.13881606594281007,-1.7763568394002505e-15,0.0,6.278964619650949,6.278964619650935
unweighted_uniform,34,8.556928566324567,0.13881606594281007,1.7763568394002505e-15,0.0,6.2630338171722855,6.263033817172314
unweighted_uniform,35,8.556928566324567,0.13881606594281007,0.0,0.0,6.680605005718917,6.680605005718917
unweighted_uniform,36,8.556928566324567,0.13881606594281007,0.0,0.0,6.414111538688218,6.414111538688218
unweighted_uniform,37,8.556928566324567,0.13881606594281007,0.0,0.0,7.254960441309564,7.254960441309564
unweighted_uniform,38,8.556928566324567,0.13881606594281007,0.0,0.0,5.521133894563704,5.521133894563704
unweighted_uniform,39,8.556928566324567,0.13881606594281007,0.0,0.0,7.028820791020252,7.028820791020252
unweighted_uniform,40,8.556928566324567,0.13881606594281007,0.0,0.0,7.524834259579478,7.524834259579478
unweighted_uniform,41,8.556928566324567,0.13881606594281007,0.0,0.0,7.5270307301896935,7.527030730189679
unweighted_uniform,44,8.556928566324567,0.13881606594281007,1.7763568394002505e-15,0.0,6.226844553551857,6.226844553551885
unweighted_uniform,45,8.556928566324567,0.13881606594281007,1.7763568394002505e-15,0.0,6.860338757412023,6.860338757412052
unweighted_uniform,46,8.556928566324567,0.13881606594281007,3.552713678800501e-15,0.0,6.5084109315400696,6.508410931540112
unweighted_uniform,48,8.556928566324567,0.13881606594281007,1.7763568394002505e-15,0.0,7.153034940612699,7.153034940612713
unweighted_uniform,49,8.556928566324567,0.13881606594281007,0.0,0.0,7.270210785214289,7.270210785214289
unweighted_uniform,50,8.556928566324567,0.13881606594281007,0.0,0.0,6.328850284984853,6.328850284984853
unweighted_uniform,51,8.556928566324567,0.13881606594281007,-3.552713678800501e-15,0.0,6.733616387809164,6.733616387809121
unweighted_uniform,53,8.556928566324567,0.13881606594281007,-1.7763568394002505e-15,0.0,6.603522083643455,6.6035220836434405
unweighted_uniform,54,8.556928566324567,0.13881606594281007,0.0,0.0,9.805194538428907,9.805194538428907
unweighted_uniform,55,8.556928566324567,0.13881606594281007,1.7763568394002505e-15,0.0,6.9043694943295435,6.904369494329558
unweighted_uniform,56,8.556928566324567,0.13881606594281007,1.7763568394002505e-15,0.0,6.489012813065415,6.489012813065443
unweighted_tilt_025,01,8.556928566324567,0.13881606594281007,-0.17857239391225477,0.6954950854417508,7.9638682520246995,7.211777069245414
unweighted_tilt_025,02,8.556928566324567,0.13881606594281007,-0.1833060537700928,0.6716659803334228,7.467539226296687,6.631396891532859
unweighted_tilt_025,04,8.556928566324567,0.13881606594281007,-0.18069487654960925,0.681694811382251,7.672274652977421,6.878642521537017
unweighted_tilt_025,05,8.556928566324567,0.13881606594281007,-0.172804967190185,0.7315664154331714,8.749049479809706,8.122828872153974
unweighted_tilt_025,06,8.556928566324567,0.13881606594281007,-0.1760332161431215,0.691301799834001,7.863961728789455,7.135161343624645
unweighted_tilt_025,08,8.556928566324567,0.13881606594281007,-0.16630348000342599,0.6789861431388693,7.573690843325956,6.915897088915443
unweighted_tilt_025,09,8.556928566324567,0.13881606594281007,-0.180407725609657,0.6791076667761939,7.616009281186134,6.822149469553381
unweighted_tilt_025,10,8.556928566324567,0.13881606594281007,-0.17896122682250848,0.6881925638547362,7.807565224239713,7.038381613865994
unweighted_tilt_025,11,8.556928566324567,0.13881606594281007,-0.17341364834484807,0.590039764330724,5.834030924102674,4.957616680155681
unweighted_tilt_025,12,8.556928566324567,0.13881606594281007,-0.17924356946617737,0.7330951179313367,8.801283700711778,8.11878594945901
unweighted_tilt_025,13,8.556928566324567,0.13881606594281007,-0.18272221055401605,0.6912172131359737,7.882524627477963,7.083630360227119
unweighted_tilt_025,15,8.556928566324567,0.13881606594281007,-0.18614088976687704,0.6885398191911136,7.834516462098751,6.997678868398481
unweighted_tilt_025,16,8.556928566324567,0.13881606594281007,-0.17857499750175387,0.7083700617798319,8.243321795863892,7.52205820463297
unweighted_tilt_025,17,8.556928566324567,0.13881606594281007,-0.17591911021611617,0.6830554655433265,7.688176350727211,6.942231764120507
unweighted_tilt_025,18,8.556928566324567,0.13881606594281007,-0.1791398923374521,0.6950465490075617,7.953525222667395,7.201884131103412
unweighted_tilt_025,19,8.556928566324567,0.13881606594281007,-0.17623666970145013,0.7024510334349605,8.107450818714696,7.395264091489338
unweighted_tilt_025,20,8.556928566324567,0.13881606594281007,-0.18564534552270473,0.6933656336371072,7.936108646263683,7.1159090415856525
unweighted_tilt_025,22,8.556928566324567,0.13881606594281007,-0.17344241963636842,0.7404307041809397,8.955889619354195,8.33522443258525
unweighted_tilt_025,23,8.556928566324567,0.13881606594281007,-0.18034565417013004,0.6959982757868217,7.9776082472329755,7.21604759480195
unweighted_tilt_025,24,8.556928566324567,0.13881606594281007,-0.1822953491351793,0.6624082173887142,7.273829715775378,6.426272431673979
unweighted_tilt_025,25,8.556928566324567,0.13881606594281007,-0.1718483603007055,0.6650892731039573,7.2972921900188155,6.56445906904662
unweighted_tilt_025,26,8.556928566324567,0.13881606594281007,-0.17240103804621576,0.7037555380050549,8.12395839692515,7.454823065601275
unweighted_tilt_025,27,8.556928566324567,0.13881606594281007,-0.17904412313436424,0.6452128967870561,6.911120679840966,6.075030439049215
unweighted_tilt_025,28,8.556928566324567,0.13881606594281007,-0.17985655447943127,0.7179725651216744,8.46247845123224,7.740407597659029
unweighted_tilt_025,29,8.556928566324567,0.13881606594281007,-0.17558293709232675,0.7333920836157803,8.798376956375925,8.149778242295113
unweighted_tilt_025,30,8.556928566324567,0.13881606594281007,-0.17531359728358842,0.6955536427361433,7.953858275945908,7.240121216166884
unweighted_tilt_025,31,8.556928566324567,0.13881606594281007,-0.19105743522928353,0.642985677329599,6.89992777633605,5.941771379933272
unweighted_tilt_025,32,8.556928566324567,0.13881606594281007,-0.16634986961258802,0.7423246696162713,8.97936271342191,8.4308721042772
unweighted_tilt_025,33,8.556928566324567,0.13881606594281007,-0.1917672993692605,0.6585891396323191,7.219139028014563,6.278964619650935
unweighted_tilt_025,34,8.556928566324567,0.13881606594281007,-0.18384269306317158,0.6552044190108308,7.126267697001886,6.263033817172314
unweighted_tilt_025,35,8.556928566324567,0.13881606594281007,-0.1839655150190156,0.6742134242278679,7.525050307257008,6.680605005718917
unweighted_tilt_025,36,8.556928566324567,0.13881606594281007,-0.17520291362344942,0.6594296051454673,7.19013624944219,6.414111538688218
unweighted_tilt_025,37,8.556928566324567,0.13881606594281007,-0.17517364565228544,0.6962195450411874,7.968743884744121,7.254960441309564
unweighted_tilt_025,38,8.556928566324567,0.13881606594281007,-0.19292241244096076,0.6240938473543327,6.532301692646136,5.521133894563704
unweighted_tilt_025,39,8.556928566324567,0.13881606594281007,-0.1729142737416245,0.6858670602050205,7.739260288326047,7.028820791020252
unweighted_tilt_025,40,8.556928566324567,0.13881606594281007,-0.18114365105814256,0.7093927605590191,8.275096348511255,7.524834259579478
unweighted_tilt_025,41,8.556928566324567,0.13881606594281007,-0.1625732214951956,0.7042559146880656,8.109941404866483,7.527030730189679
unweighted_tilt_025,44,8.556928566324567,0.13881606594281007,-0.18579997775317114,0.6544114941901578,7.1178641935066835,6.226844553551885
unweighted_tilt_025,45,8.556928566324567,0.13881606594281007,-0.18799535636341425,0.6830404021113292,7.720688041202877,6.860338757412052
unweighted_tilt_025,46,8.556928566324567,0.13881606594281007,-0.1860975228347459,0.6668604821131487,7.372847236058451,6.508410931540112
unweighted_tilt_025,48,8.556928566324567,0.13881606594281007,-0.1747169046467345,0.6916194609638424,7.866607651256864,7.153034940612713
unweighted_tilt_025,49,8.556928566324567,0.13881606594281007,-0.17162720350381777,0.6957738987702329,7.948230818859301,7.270210785214289
unweighted_tilt_025,50,8.556928566324567,0.13881606594281007,-0.1817226201689941,0.6576689267427902,7.172489635902032,6.328850284984853
unweighted_tilt_025,51,8.556928566324567,0.13881606594281007,-0.1817118320640181,0.675979642093385,7.5570924479704615,6.733616387809121
unweighted_tilt_025,53,8.556928566324567,0.13881606594281007,-0.16611461757911394,0.6650746943245669,7.280778850576485,6.6035220836434405
unweighted_tilt_025,54,8.556928566324567,0.13881606594281007,-0.1632094664866206,0.7943939472922996,10.215995283849374,9.805194538428907
unweighted_tilt_025,55,8.556928566324567,0.13881606594281007,-0.18358264938509716,0.68360341324047,7.720105200459713,6.904369494329558
unweighted_tilt_025,56,8.556928566324567,0.13881606594281007,-0.1912280607565271,0.6680753665809784,7.4171652567092785,6.489012813065443
unweighted_tilt_05,01,8.556928566324567,0.13881606594281007,-0.6936913892329226,1.5074409754470608,9.466141371874638,7.211777069245414
unweighted_tilt_05,02,8.556928566324567,0.13881606594281007,-0.7190189288388047,1.4804131776942948,9.193986049468261,6.631396891532859
unweighted_tilt_05,04,8.556928566324567,0.13881606594281007,-0.7057289704329204,1.4904110427922816,9.291141800358922,6.878642521537017
unweighted_tilt_05,05,8.556928566324567,0.13881606594281007,-0.6619077772087127,1.551600523764673,9.91053062288719,8.122828872153974
unweighted_tilt_05,06,8.556928566324567,0.13881606594281007,-0.6833704375605696,1.4959728401479855,9.317695521554274,7.135161343624645
unweighted_tilt_05,08,8.556928566324567,0.13881606594281007,-0.6462090620882579,1.4624478091825965,8.902489411767114,6.915897088915443
unweighted_tilt_05,09,8.556928566324567,0.13881606594281007,-0.704934485578554,1.4858898364776083,9.237877901537129,6.822149469553381
unweighted_tilt_05,10,8.556928566324567,0.13881606594281007,-0.69746663826658,1.4977145235553508,9.366216376958405,7.038381613865994
unweighted_tilt_05,11,8.556928566324567,0.13881606594281007,-0.7063721338028515,1.3556827355532501,7.869827052514385,4.957616680155681
unweighted_tilt_05,12,8.556928566324567,0.13881606594281007,-0.6873795578795612,1.5628598001489156,10.073802685744873,8.11878594945901
unweighted_tilt_05,13,8.556928566324567,0.13881606594281007,-0.711507010024178,1.5076088522601125,9.4879414847365,7.083630360227119
unweighted_tilt_05,15,8.556928566324567,0.13881606594281007,-0.7265856362133549,1.5094496146321008,9.528391349275967,6.997678868398481
unweighted_tilt_05,16,8.556928566324567,0.13881606594281007,-0.6897604194811349,1.524774399290961,9.644868018318963,7.52205820463297
unweighted_tilt_05,17,8.556928566324567,0.13881606594281007,-0.6857181348831136,1.4847319647198503,9.204303585367011,6.942231764120507
unweighted_tilt_05,18,8.556928566324567,0.13881606594281007,-0.695271898818774,1.5063058991356542,9.447556424689903,7.201884131103412
unweighted_tilt_05,19,8.556928566324567,0.13881606594281007,-0.6819891619556993,1.5130207766749484,9.50744557396489,7.395264091489338
unweighted_tilt_05,20,8.556928566324567,0.13881606594281007,-0.7227606847307975,1.5147866842991746,9.579108847299295,7.1159090415856525
unweighted_tilt_05,22,8.556928566324567,0.13881606594281007,-0.6631346107379157,1.5669270382769112,10.09137171537968,8.33522443258525
unweighted_tilt_05,23,8.556928566324567,0.13881606594281007,-0.7001581534826844,1.509669095300028,9.492451948065824,7.21604759480195
unweighted_tilt_05,24,8.556928566324567,0.13881606594281007,-0.7185144318702341,1.4671775374774305,9.057062867342193,6.426272431673979
unweighted_tilt_05,25,8.556928566324567,0.13881606594281007,-0.6727109970833585,1.451104117733303,8.817311871129618,6.56445906904662
unweighted_tilt_05,26,8.556928566324567,0.13881606594281007,-0.6653839523424101,1.5081664329548183,9.424169454890198,7.454823065601275
unweighted_tilt_05,27,8.556928566324567,0.13881606594281007,-0.7090830595213644,1.4360870999679323,8.703171738238943,6.075030439049215
unweighted_tilt_05,28,8.556928566324567,0.13881606594281007,-0.6934410160088649,1.5420886763268853,9.851095246247215,7.740407597659029
unweighted_tilt_05,29,8.556928566324567,0.13881606594281007,-0.6728105837557661,1.5583299224597718,10.003340427706966,8.149778242295113
unweighted_tilt_05,30,8.556928566324567,0.13881606594281007,-0.6796521184816755,1.5010726231733522,9.370353211265986,7.240121216166884
unweighted_tilt_05,31,8.556928566324567,0.13881606594281007,-0.7614449791694047,1.4553395558687012,8.964891009686554,5.941771379933272
unweighted_tilt_05,32,8.556928566324567,0.13881606594281007,-0.6343121522836115,1.5596110528810194,9.961848802823202,8.4308721042772
unweighted_tilt_05,33,8.556928566324567,0.13881606594281007,-0.7585180026268121,1.477027142917298,9.196645300464635,6.278964619650935
unweighted_tilt_05,34,8.556928566324567,0.13881606594281007,-0.7257446186593546,1.457474538762619,8.947092178576877,6.263033817172314
unweighted_tilt_05,35,8.556928566324567,0.13881606594281007,-0.7221925850401574,1.4865984339255318,9.275460540779271,6.680605005718917
unweighted_tilt_05,36,8.556928566324567,0.13881606594281007,-0.6885721112729906,1.4491107083921841,8.818422891825865,6.414111538688218
unweighted_tilt_05,37,8.556928566324567,0.13881606594281007,-0.6791664090070171,1.5023313128900888,9.386317361234816,7.254960441309564
unweighted_tilt_05,38,8.556928566324567,0.13881606594281007,-0.7774454862338636,1.4359905972753118,8.769437333834617,5.521133894563704
unweighted_tilt_05,39,8.556928566324567,0.13881606594281007,-0.6723896568672632,1.4836055387326428,9.172005099770587,7.028820791020252
unweighted_tilt_05,40,8.556928566324567,0.13881606594281007,-0.7006619220300854,1.5314127197279275,9.740734116886898,7.524834259579478
unweighted_tilt_05,41,8.556928566324567,0.13881606594281007,-0.6258060631096631,1.4953913056588393,9.231794079786074,7.527030730189679
unweighted_tilt_05,44,8.556928566324567,0.13881606594281007,-0.7353255781172856,1.4615469119601632,9.009800765685135,6.226844553551885
unweighted_tilt_05,45,8.556928566324567,0.13881606594281007,-0.7354726673118437,1.5039706687780603,9.474309849632473,6.860338757412052
unweighted_tilt_05,46,8.556928566324567,0.13881606594281007,-0.7317685018720987,1.4772457956345826,9.170191952349615,6.508410931540112
unweighted_tilt_05,48,8.556928566324567,0.13881606594281007,-0.6779760876555354,1.4940853398376017,9.289811407414064,7.153034940612713
unweighted_tilt_05,49,8.556928566324567,0.13881606594281007,-0.6642478885720795,1.495512663151917,9.285942440229956,7.270210785214289
unweighted_tilt_05,50,8.556928566324567,0.13881606594281007,-0.7165451655699924,1.4581999004735886,8.949393691210702,6.328850284984853
unweighted_tilt_05,51,8.556928566324567,0.13881606594281007,-0.7123553263722995,1.4859200823889394,9.257386907686278,6.733616387809121
unweighted_tilt_05,53,8.556928566324567,0.13881606594281007,-0.648768711606797,1.441368553765292,8.680751308586999,6.6035220836434405
unweighted_tilt_05,54,8.556928566324567,0.13881606594281007,-0.6135607529306819,1.6369953656255456,10.817716094323568,9.805194538428907
unweighted_tilt_05,55,8.556928566324567,0.13881606594281007,-0.7167362823265533,1.4972566602603168,9.375875525765657,6.904369494329558
unweighted_tilt_05,56,8.556928566324567,0.13881606594281007,-0.7544258399712849,1.4908913950180498,9.356546477058277,6.489012813065443
weighted_tilt_05,01,8.413415760516763,0.14435558297446813,-0.6670141046985245,1.507899340324756,9.436905135738744,7.401923695172684
weighted_tilt_05,02,8.413415760516763,0.14435558297446813,-0.6785946407044019,1.5160764447285633,9.5344651591693,7.465576864518866
weighted_tilt_05,04,8.413415760516763,0.14435558297446813,-0.6718264924340938,1.52366774220883,9.615303828913103,7.61803636624434
weighted_tilt_05,05,8.413415760516763,0.14435558297446813,-0.606395952679263,1.5887648745419125,10.246289278593249,9.080992723741645
weighted_tilt_05,06,8.413415760516763,0.14435558297446813,-0.6931642638423972,1.486167428483049,9.224842342795004,6.917832973638099
weighted_tilt_05,08,8.413415760516763,0.14435558297446813,-0.6266848310461683,1.492511165977778,9.199197732416248,7.485561038547928
weighted_tilt_05,09,8.413415760516763,0.14435558297446813,-0.6803049176020171,1.5016210568165373,9.375880498441717,7.241840344808509
weighted_tilt_05,10,8.413415760516763,0.14435558297446813,-0.676103566125386,1.538722171637895,9.79040621448766,7.815898442893669
weighted_tilt_05,11,8.413415760516763,0.14435558297446813,-0.6294483712994277,1.3393577565791057,7.626594453879864,5.30376660513771
weighted_tilt_05,12,8.413415760516763,0.14435558297446813,-0.6790440802501423,1.5782205721707787,10.235213968672397,8.425356843354592
weighted_tilt_05,13,8.413415760516763,0.14435558297446813,-0.6686601035101774,1.5246618341431013,9.619736123448451,7.658468790474743
weighted_tilt_05,15,8.413415760516763,0.14435558297446813,-0.7322114900485475,1.5255205506099068,9.715939539494478,7.192044604911757
weighted_tilt_05,16,8.413415760516763,0.14435558297446813,-0.6661479556446315,1.520196871986271,9.559411912355678,7.6278502554391565
weighted_tilt_05,17,8.413415760516763,0.14435558297446813,-0.6737023248339256,1.4656731931502183,8.983593630234218,6.751882018351608
weighted_tilt_05,18,8.413415760516763,0.14435558297446813,-0.6625486315115925,1.539073641673017,9.763326895605907,7.9409142595071955
weighted_tilt_05,19,8.413415760516763,0.14435558297446813,-0.6582419576750942,1.5114272307346548,9.457896492992308,7.539784938770197
weighted_tilt_05,20,8.413415760516763,0.14435558297446813,-0.6834799415145332,1.5455368943997323,9.873654955593114,7.869491390592927
weighted_tilt_05,22,8.413415760516763,0.14435558297446813,-0.6267357490505785,1.6035687987531557,10.455313592608842,9.163330266986833
weighted_tilt_05,23,8.413415760516763,0.14435558297446813,-0.6346058488551125,1.5633703970774557,10.001376757059742,8.497853475953562
weighted_tilt_05,24,8.413415760516763,0.14435558297446813,-0.6887815868161238,1.4639439413093922,8.989096521530243,6.593753954083809
weighted_tilt_05,25,8.413415760516763,0.14435558297446813,-0.6661658870199583,1.4661637465252104,8.968995211597534,6.832144727004703
weighted_tilt_05,26,8.413415760516763,0.14435558297446813,-0.6156660750522263,1.5470005199371584,9.78661945667211,8.371278051257917
weighted_tilt_05,27,8.413415760516763,0.14435558297446813,-0.6704142522726002,1.462982845195599,8.944311583162037,6.7451269212494225
weighted_tilt_05,28,8.413415760516763,0.14435558297446813,-0.6823707593839532,1.56052856589463,10.049629891042791,8.09186077915409
weighted_tilt_05,29,8.413415760516763,0.14435558297446813,-0.6483779138283929,1.5840069551731877,10.256894048713473,8.728205067231755
weighted_tilt_05,30,8.413415760516763,0.14435558297446813,-0.6069064921685197,1.5625566797067805,9.941636830542606,8.688395347753172
weighted_tilt_05,31,8.413415760516763,0.14435558297446813,-0.7130070079161039,1.4721059682012636,9.10004551350827,6.558352335363423
weighted_tilt_05,32,8.413415760516763,0.14435558297446813,-0.6037542163347442,1.639754274085485,10.848392022724731,9.878731160502937
weighted_tilt_05,33,8.413415760516763,0.14435558297446813,-0.6812513442819985,1.4983282951141246,9.340610345029226,7.180420409758099
weighted_tilt_05,34,8.413415760516763,0.14435558297446813,-0.6889015380864261,1.4497190880121713,8.822972589467327,6.4314446945671335
weighted_tilt_05,35,8.413415760516763,0.14435558297446813,-0.6492060294908102,1.4537456431773856,8.836206905430263,6.728217051381819
weighted_tilt_05,36,8.413415760516763,0.14435558297446813,-0.6844224474725444,1.4636519121329106,8.97022464034304,6.653250465872958
weighted_tilt_05,37,8.413415760516763,0.14435558297446813,-0.6653585232151005,1.488770743518797,9.211338369317744,7.172477888304385
weighted_tilt_05,38,8.413415760516763,0.14435558297446813,-0.7033153563504526,1.4699211730408144,9.060315597284568,6.608622740433248
weighted_tilt_05,39,8.413415760516763,0.14435558297446813,-0.6348860381267181,1.527021937543259,9.592412974186423,7.94294762237304
weighted_tilt_05,40,8.413415760516763,0.14435558297446813,-0.667424014526282,1.559525289343381,10.010551441554288,8.19726046158705
weighted_tilt_05,41,8.413415760516763,0.14435558297446813,-0.6017257048346956,1.5043776460917382,9.291254714421278,7.8297121791686095
weighted_tilt_05,44,8.413415760516763,0.14435558297446813,-0.6717473940131322,1.4944003655464426,9.290291679357509,7.186402988442893
weighted_tilt_05,45,8.413415760516763,0.14435558297446813,-0.6656485441091373,1.5671021425865508,10.090599037782361,8.34139678208922
weighted_tilt_05,46,8.413415760516763,0.14435558297446813,-0.6532817818809171,1.4894108280699125,9.199657264136924,7.2792212649374335
weighted_tilt_05,48,8.413415760516763,0.14435558297446813,-0.6590124179935137,1.5397808893696623,9.768134138552973,7.975349421682367
weighted_tilt_05,49,8.413415760516763,0.14435558297446813,-0.6294244074490845,1.494918364758492,9.231021040273124,7.5002097555695
weighted_tilt_05,50,8.413415760516763,0.14435558297446813,-0.6428586253829756,1.516214592337961,9.477952030180354,7.742212599049779
weighted_tilt_05,51,8.413415760516763,0.14435558297446813,-0.6902768401748869,1.51627793530049,9.569049479232106,7.3347952082279875
weighted_tilt_05,53,8.413415760516763,0.14435558297446813,-0.6271735443070257,1.4772209174913713,9.035048327760226,7.261921276467689
weighted_tilt_05,54,8.413415760516763,0.14435558297446813,-0.576164513790788,1.6527782171696295,10.941917913809363,10.305336989824056
weighted_tilt_05,55,8.413415760516763,0.14435558297446813,-0.6593927454715001,1.5205914835876975,9.553308624944979,7.6825627373224705
weighted_tilt_05,56,8.413415760516763,0.14435558297446813,-0.6844642859300913,1.5073591632770453,9.456752780495297,7.2626196466497674
validation_tilt_025,01,8.556928566324567,0.13881606594281007,-0.6936913892329226,1.5074409754470608,9.466141371874638,7.211777069245414
validation_tilt_025,02,8.556928566324567,0.13881606594281007,-0.7190189288388047,1.4804131776942948,9.193986049468261,6.631396891532859
validation_tilt_025,04,8.556928566324567,0.13881606594281007,-0.7057289704329204,1.4904110427922816,9.291141800358922,6.878642521537017
validation_tilt_025,05,8.556928566324567,0.13881606594281007,-0.6619077772087127,1.551600523764673,9.91053062288719,8.122828872153974
validation_tilt_025,06,8.556928566324567,0.13881606594281007,-0.6833704375605696,1.4959728401479855,9.317695521554274,7.135161343624645
validation_tilt_025,08,8.556928566324567,0.13881606594281007,-0.6462090620882579,1.4624478091825965,8.902489411767114,6.915897088915443
validation_tilt_025,09,8.556928566324567,0.13881606594281007,-0.704934485578554,1.4858898364776083,9.237877901537129,6.822149469553381
validation_tilt_025,10,8.556928566324567,0.13881606594281007,-0.69746663826658,1.4977145235553508,9.366216376958405,7.038381613865994
validation_tilt_025,11,8.556928566324567,0.13881606594281007,-0.7063721338028515,1.3556827355532501,7.869827052514385,4.957616680155681
validation_tilt_025,12,8.556928566324567,0.13881606594281007,-0.6873795578795612,1.5628598001489156,10.073802685744873,8.11878594945901
validation_tilt_025,13,8.556928566324567,0.13881606594281007,-0.711507010024178,1.5076088522601125,9.4879414847365,7.083630360227119
validation_tilt_025,15,8.556928566324567,0.13881606594281007,-0.7265856362133549,1.5094496146321008,9.528391349275967,6.997678868398481
validation_tilt_025,16,8.556928566324567,0.13881606594281007,-0.6897604194811349,1.524774399290961,9.644868018318963,7.52205820463297
validation_tilt_025,17,8.556928566324567,0.13881606594281007,-0.6857181348831136,1.4847319647198503,9.204303585367011,6.942231764120507
validation_tilt_025,18,8.556928566324567,0.13881606594281007,-0.695271898818774,1.5063058991356542,9.447556424689903,7.201884131103412
validation_tilt_025,19,8.556928566324567,0.13881606594281007,-0.6819891619556993,1.5130207766749484,9.50744557396489,7.395264091489338
validation_tilt_025,20,8.556928566324567,0.13881606594281007,-0.7227606847307975,1.5147866842991746,9.579108847299295,7.1159090415856525
validation_tilt_025,22,8.556928566324567,0.13881606594281007,-0.6631346107379157,1.5669270382769112,10.09137171537968,8.33522443258525
validation_tilt_025,23,8.556928566324567,0.13881606594281007,-0.7001581534826844,1.509669095300028,9.492451948065824,7.21604759480195
validation_tilt_025,24,8.556928566324567,0.13881606594281007,-0.7185144318702341,1.4671775374774305,9.057062867342193,6.426272431673979
validation_tilt_025,25,8.556928566324567,0.13881606594281007,-0.6727109970833585,1.451104117733303,8.817311871129618,6.56445906904662
validation_tilt_025,26,8.556928566324567,0.13881606594281007,-0.6653839523424101,1.5081664329548183,9.424169454890198,7.454823065601275
validation_tilt_025,27,8.556928566324567,0.13881606594281007,-0.7090830595213644,1.4360870999679323,8.703171738238943,6.075030439049215
validation_tilt_025,28,8.556928566324567,0.13881606594281007,-0.6934410160088649,1.5420886763268853,9.851095246247215,7.740407597659029
validation_tilt_025,29,8.556928566324567,0.13881606594281007,-0.6728105837557661,1.5583299224597718,10.003340427706966,8.149778242295113
validation_tilt_025,30,8.556928566324567,0.13881606594281007,-0.6796521184816755,1.5010726231733522,9.370353211265986,7.240121216166884
validation_tilt_025,31,8.556928566324567,0.13881606594281007,-0.7614449791694047,1.4553395558687012,8.964891009686554,5.941771379933272
validation_tilt_025,32,8.556928566324567,0.13881606594281007,-0.6343121522836115,1.5596110528810194,9.961848802823202,8.4308721042772
validation_tilt_025,33,8.556928566324567,0.13881606594281007,-0.7585180026268121,1.477027142917298,9.196645300464635,6.278964619650935
validation_tilt_025,34,8.556928566324567,0.13881606594281007,-0.7257446186593546,1.457474538762619,8.947092178576877,6.263033817172314
validation_tilt_025,35,8.556928566324567,0.13881606594281007,-0.7221925850401574,1.4865984339255318,9.275460540779271,6.680605005718917
validation_tilt_025,36,8.556928566324567,0.13881606594281007,-0.6885721112729906,1.4491107083921841,8.818422891825865,6.414111538688218
validation_tilt_025,37,8.556928566324567,0.13881606594281007,-0.6791664090070171,1.5023313128900888,9.386317361234816,7.254960441309564
validation_tilt_025,38,8.556928566324567,0.13881606594281007,-0.7774454862338636,1.4359905972753118,8.769437333834617,5.521133894563704
validation_tilt_025,39,8.556928566324567,0.13881606594281007,-0.6723896568672632,1.4836055387326428,9.172005099770587,7.028820791020252
validation_tilt_025,40,8.556928566324567,0.13881606594281007,-0.7006619220300854,1.5314127197279275,9.740734116886898,7.524834259579478
validation_tilt_025,41,8.556928566324567,0.13881606594281007,-0.6258060631096631,1.4953913056588393,9.231794079786074,7.527030730189679
validation_tilt_025,44,8.556928566324567,0.13881606594281007,-0.7353255781172856,1.4615469119601632,9.009800765685135,6.226844553551885
validation_tilt_025,45,8.556928566324567,0.13881606594281007,-0.7354726673118437,1.5039706687780603,9.474309849632473,6.860338757412052
validation_tilt_025,46,8.556928566324567,0.13881606594281007,-0.7317685018720987,1.4772457956345826,9.170191952349615,6.508410931540112
validation_tilt_025,48,8.556928566324567,0.13881606594281007,-0.6779760876555354,1.4940853398376017,9.289811407414064,7.153034940612713
validation_tilt_025,49,8.556928566324567,0.13881606594281007,-0.6642478885720795,1.495512663151917,9.285942440229956,7.270210785214289
validation_tilt_025,50,8.556928566324567,0.13881606594281007,-0.7165451655699924,1.4581999004735886,8.949393691210702,6.328850284984853
validation_tilt_025,51,8.556928566324567,0.13881606594281007,-0.7123553263722995,1.4859200823889394,9.257386907686278,6.733616387809121
validation_tilt_025,53,8.556928566324567,0.13881606594281007,-0.648768711606797,1.441368553765292,8.680751308586999,6.6035220836434405
validation_tilt_025,54,8.556928566324567,0.13881606594281007,-0.6135607529306819,1.6369953656255456,10.817716094323568,9.805194538428907
validation_tilt_025,55,8.556928566324567,0.13881606594281007,-0.7167362823265533,1.4972566602603168,9.375875525765657,6.904369494329558
validation_tilt_025,56,8.556928566324567,0.13881606594281007,-0.7544258399712849,1.4908913950180498,9.356546477058277,6.489012813065443
