seed,policy,coeff0,coeff1,utility,min_margin,feasible
1701,scalar,0.0,0.0,0.9546143286143286,0.03,True
1701,scalar,0.008333333333333333,0.008333333333333333,0.9557571857571858,0.03,True
1701,scalar,0.016666666666666666,0.016666666666666666,0.9557571857571858,0.03,True
1701,scalar,0.025,0.025,0.9557571857571858,0.03,True
1701,scalar,0.03333333333333333,0.03333333333333333,0.9557571857571858,0.03,True
1701,scalar,0.041666666666666664,0.041666666666666664,0.9557571857571858,0.03,True
1701,scalar,0.05,0.05,0.9557571857571858,0.03,True
1701,scalar,0.058333333333333334,0.058333333333333334,0.9557571857571858,0.03,True
1701,scalar,0.06666666666666667,0.06666666666666667,0.9557571857571858,0.03,True
1701,scalar,0.075,0.075,0.9557571857571858,0.03,True
1701,scalar,0.08333333333333333,0.08333333333333333,0.9557571857571858,0.03,True
1701,scalar,0.09166666666666666,0.09166666666666666,0.9557571857571858,0.03,True
1701,scalar,0.1,0.1,0.9557571857571858,0.03,True
1701,scalar,0.10833333333333334,0.10833333333333334,0.9557571857571858,0.03,True
1701,scalar,0.11666666666666667,0.11666666666666667,0.9557571857571858,0.03,True
1701,scalar,0.125,0.125,0.9557571857571858,0.03,True
1701,scalar,0.13333333333333333,0.13333333333333333,0.9557571857571858,0.03,True
1701,scalar,0.14166666666666666,0.14166666666666666,0.9557571857571858,0.03,True
1701,scalar,0.15,0.15,0.9557571857571858,0.03,True
1701,scalar,0.15833333333333333,0.15833333333333333,0.9557571857571858,0.03,True
1701,scalar,0.16666666666666666,0.16666666666666666,0.9557571857571858,0.03,True
1701,scalar,0.175,0.175,0.9557571857571858,0.03,True
1701,scalar,0.18333333333333332,0.18333333333333332,0.9557571857571858,0.03,True
1701,scalar,0.19166666666666665,0.19166666666666665,0.9557571857571858,0.03,True
1701,scalar,0.2,0.2,0.9557571857571858,0.03,True
1701,scalar,0.20833333333333334,0.20833333333333334,0.9557571857571858,0.03,True
1701,scalar,0.21666666666666667,0.21666666666666667,0.9557571857571858,0.03,True
1701,scalar,0.225,0.225,0.9557571857571858,0.03,True
1701,scalar,0.23333333333333334,0.23333333333333334,0.9557571857571858,0.03,True
1701,scalar,0.24166666666666667,0.24166666666666667,0.9557571857571858,0.03,True
1701,scalar,0.25,0.25,0.9557571857571858,0.03,True
1701,scalar,0.2583333333333333,0.2583333333333333,0.9557571857571858,0.03,True
1701,scalar,0.26666666666666666,0.26666666666666666,0.9557571857571858,0.03,True
1701,scalar,0.275,0.275,0.9557571857571858,0.03,True
1701,scalar,0.2833333333333333,0.2833333333333333,0.9557571857571858,0.03,True
1701,scalar,0.2916666666666667,0.2916666666666667,0.9557571857571858,0.03,True
1701,scalar,0.3,0.3,0.9557571857571858,0.03,True
1701,scalar,0.30833333333333335,0.30833333333333335,0.9568682968682969,0.03,True
1701,scalar,0.31666666666666665,0.31666666666666665,0.9568682968682969,0.03,True
1701,scalar,0.325,0.325,0.9557571857571858,0.0022222222222222088,True
1701,scalar,0.3333333333333333,0.3333333333333333,0.9557571857571858,0.0022222222222222088,True
1701,scalar,0.3416666666666667,0.3416666666666667,0.9557571857571858,0.0022222222222222088,True
1701,scalar,0.35,0.35,0.9557571857571858,0.0022222222222222088,True
1701,scalar,0.35833333333333334,0.35833333333333334,0.9557571857571858,0.0022222222222222088,True
1701,scalar,0.36666666666666664,0.36666666666666664,0.9557571857571858,0.0022222222222222088,True
1701,scalar,0.375,0.375,0.9557571857571858,0.0022222222222222088,True
1701,scalar,0.3833333333333333,0.3833333333333333,0.9557571857571858,0.0022222222222222088,True
1701,scalar,0.39166666666666666,0.39166666666666666,0.9557571857571858,0.0022222222222222088,True
1701,scalar,0.4,0.4,0.9557571857571858,0.0022222222222222088,True
1701,scalar,0.4083333333333333,0.4083333333333333,0.9557571857571858,0.0022222222222222088,True
1701,scalar,0.4166666666666667,0.4166666666666667,0.9557571857571858,0.0022222222222222088,True
1701,scalar,0.425,0.425,0.9557571857571858,0.0022222222222222088,True
1701,scalar,0.43333333333333335,0.43333333333333335,0.9557571857571858,0.0022222222222222088,True
1701,scalar,0.44166666666666665,0.44166666666666665,0.9557571857571858,0.0022222222222222088,True
1701,scalar,0.45,0.45,0.9557571857571858,0.0022222222222222088,True
1701,scalar,0.4583333333333333,0.4583333333333333,0.9546143286143285,0.0022222222222222088,True
1701,scalar,0.4666666666666667,0.4666666666666667,0.9546143286143285,0.0022222222222222088,True
1701,scalar,0.475,0.475,0.9546143286143285,0.0022222222222222088,True
1701,scalar,0.48333333333333334,0.48333333333333334,0.9546143286143285,0.0022222222222222088,True
1701,scalar,0.49166666666666664,0.49166666666666664,0.9546143286143285,0.0022222222222222088,True
1701,scalar,0.5,0.5,0.9546143286143285,0.0022222222222222088,True
1701,scalar,0.5083333333333333,0.5083333333333333,0.9546143286143285,0.0022222222222222088,True
1701,scalar,0.5166666666666666,0.5166666666666666,0.9546143286143285,0.0022222222222222088,True
1701,scalar,0.525,0.525,0.9546143286143285,0.0022222222222222088,True
1701,scalar,0.5333333333333333,0.5333333333333333,0.9546143286143285,0.0022222222222222088,True
1701,scalar,0.5416666666666666,0.5416666666666666,0.9546143286143285,0.0022222222222222088,True
1701,scalar,0.55,0.55,0.9546143286143285,0.0022222222222222088,True
1701,scalar,0.5583333333333333,0.5583333333333333,0.9546143286143285,0.0022222222222222088,True
1701,scalar,0.5666666666666667,0.5666666666666667,0.9546143286143285,0.0022222222222222088,True
1701,scalar,0.575,0.575,0.9546143286143285,0.0022222222222222088,True
1701,scalar,0.5833333333333334,0.5833333333333334,0.9546143286143285,0.0022222222222222088,True
1701,scalar,0.5916666666666667,0.5916666666666667,0.9543672243672243,0.001428571428571418,True
1701,scalar,0.6,0.6,0.9543672243672243,0.001428571428571418,True
1701,scalar,0.6083333333333333,0.6083333333333333,0.9543672243672243,0.001428571428571418,True
1701,scalar,0.6166666666666667,0.6166666666666667,0.9588116688116688,0.001428571428571418,True
1701,scalar,0.625,0.625,0.9588116688116688,0.001428571428571418,True
1701,scalar,0.6333333333333333,0.6333333333333333,0.9588116688116688,0.001428571428571418,True
1701,scalar,0.6416666666666666,0.6416666666666666,0.9588116688116688,0.001428571428571418,True
1701,scalar,0.65,0.65,0.9588116688116688,0.001428571428571418,True
1701,scalar,0.6583333333333333,0.6583333333333333,0.9588116688116688,0.001428571428571418,True
1701,scalar,0.6666666666666666,0.6666666666666666,0.9588116688116688,0.001428571428571418,True
1701,scalar,0.675,0.675,0.9588116688116688,0.001428571428571418,True
1701,scalar,0.6833333333333333,0.6833333333333333,0.963256113256113,0.001428571428571418,True
1701,scalar,0.6916666666666667,0.6916666666666667,0.963256113256113,0.001428571428571418,True
1701,scalar,0.7,0.7,0.963256113256113,0.001428571428571418,True
1701,scalar,0.7083333333333334,0.7083333333333334,0.963256113256113,0.001428571428571418,True
1701,scalar,0.7166666666666667,0.7166666666666667,0.963256113256113,0.001428571428571418,True
1701,scalar,0.725,0.725,0.963256113256113,0.001428571428571418,True
1701,scalar,0.7333333333333333,0.7333333333333333,0.963256113256113,0.001428571428571418,True
1701,scalar,0.7416666666666667,0.7416666666666667,0.963256113256113,0.001428571428571418,True
1701,scalar,0.75,0.75,0.9675804375804374,0.001428571428571418,True
1701,scalar,0.7583333333333333,0.7583333333333333,0.9675804375804374,0.001428571428571418,True
1701,scalar,0.7666666666666666,0.7666666666666666,0.9675804375804374,0.001428571428571418,True
1701,scalar,0.775,0.775,0.9675804375804374,0.001428571428571418,True
1701,scalar,0.7833333333333333,0.7833333333333333,0.9675804375804374,0.001428571428571418,True
1701,scalar,0.7916666666666666,0.7916666666666666,0.9675804375804374,0.001428571428571418,True
1701,scalar,0.8,0.8,0.9675804375804374,0.001428571428571418,True
1701,scalar,0.8083333333333333,0.8083333333333333,0.9675804375804374,0.001428571428571418,True
1701,scalar,0.8166666666666667,0.8166666666666667,0.9675804375804374,0.001428571428571418,True
1701,scalar,0.825,0.825,0.9675804375804374,0.001428571428571418,True
1701,scalar,0.8333333333333334,0.8333333333333334,0.9675804375804374,0.001428571428571418,True
1701,scalar,0.8416666666666667,0.8416666666666667,0.9675804375804374,0.001428571428571418,True
1701,scalar,0.85,0.85,0.9675804375804374,0.001428571428571418,True
1701,scalar,0.8583333333333333,0.8583333333333333,0.9675804375804374,0.001428571428571418,True
1701,scalar,0.8666666666666667,0.8666666666666667,0.9675804375804374,0.001428571428571418,True
1701,scalar,0.875,0.875,0.9675804375804374,0.001428571428571418,True
1701,scalar,0.8833333333333333,0.8833333333333333,0.9675804375804374,0.001428571428571418,True
1701,scalar,0.8916666666666666,0.8916666666666666,0.9675804375804374,0.001428571428571418,True
1701,scalar,0.9,0.9,0.9675804375804374,0.001428571428571418,True
1701,scalar,0.9083333333333333,0.9083333333333333,0.9675804375804374,0.001428571428571418,True
1701,scalar,0.9166666666666666,0.9166666666666666,0.9675804375804374,0.001428571428571418,True
1701,scalar,0.9249999999999999,0.9249999999999999,0.9675804375804374,0.001428571428571418,True
1701,scalar,0.9333333333333333,0.9333333333333333,0.9675804375804374,0.001428571428571418,True
1701,scalar,0.9416666666666667,0.9416666666666667,0.9675804375804374,0.001428571428571418,True
1701,scalar,0.95,0.95,0.9675804375804374,0.001428571428571418,True
1701,scalar,0.9583333333333334,0.9583333333333334,0.9675804375804374,0.001428571428571418,True
1701,scalar,0.9666666666666667,0.9666666666666667,0.9675804375804374,0.001428571428571418,True
1701,scalar,0.975,0.975,0.9675804375804374,0.001428571428571418,True
1701,scalar,0.9833333333333333,0.9833333333333333,0.9675804375804374,0.001428571428571418,True
1701,scalar,0.9916666666666667,0.9916666666666667,0.9675804375804374,0.001428571428571418,True
1701,scalar,1.0,1.0,0.9675804375804374,0.001428571428571418,True
1701,layer,0.0,0.0,0.9546143286143286,0.03,True
1701,layer,0.0,0.1,0.9557571857571858,0.03,True
1701,layer,0.0,0.2,0.9557571857571858,0.03,True
1701,layer,0.0,0.30000000000000004,0.9557571857571858,0.03,True
1701,layer,0.0,0.4,0.9557571857571858,0.03,True
1701,layer,0.0,0.5,0.9557571857571858,0.03,True
1701,layer,0.0,0.6000000000000001,0.9546460746460748,0.0022222222222222088,True
1701,layer,0.0,0.7000000000000001,0.9557571857571858,0.0022222222222222088,True
1701,layer,0.0,0.8,0.9600815100815101,0.0022222222222222088,True
1701,layer,0.0,0.9,0.9645259545259545,0.0022222222222222088,True
1701,layer,0.0,1.0,0.9688502788502789,0.0022222222222222088,True
1701,layer,0.1,0.0,0.9557571857571858,0.03,True
1701,layer,0.1,0.1,0.9557571857571858,0.03,True
1701,layer,0.1,0.2,0.9557571857571858,0.03,True
1701,layer,0.1,0.30000000000000004,0.9557571857571858,0.03,True
1701,layer,0.1,0.4,0.9557571857571858,0.03,True
1701,layer,0.1,0.5,0.9557571857571858,0.03,True
1701,layer,0.1,0.6000000000000001,0.9568682968682969,0.03,True
1701,layer,0.1,0.7000000000000001,0.9557571857571858,0.0022222222222222088,True
1701,layer,0.1,0.8,0.9600815100815101,0.0022222222222222088,True
1701,layer,0.1,0.9,0.9677391677391677,0.0022222222222222088,True
1701,layer,0.1,1.0,0.9677391677391677,0.0022222222222222088,True
1701,layer,0.2,0.0,0.9557571857571858,0.03,True
1701,layer,0.2,0.1,0.9557571857571858,0.03,True
1701,layer,0.2,0.2,0.9557571857571858,0.03,True
1701,layer,0.2,0.30000000000000004,0.9557571857571858,0.03,True
1701,layer,0.2,0.4,0.9557571857571858,0.03,True
1701,layer,0.2,0.5,0.9568682968682969,0.03,True
1701,layer,0.2,0.6000000000000001,0.9568682968682969,0.03,True
1701,layer,0.2,0.7000000000000001,0.9557571857571858,0.0022222222222222088,True
1701,layer,0.2,0.8,0.958970398970399,0.0022222222222222088,True
1701,layer,0.2,0.9,0.9665963105963106,0.0022222222222222088,True
1701,layer,0.2,1.0,0.962024882024882,0.001428571428571418,True
1701,layer,0.30000000000000004,0.0,0.9557571857571858,0.03,True
1701,layer,0.30000000000000004,0.1,0.9557571857571858,0.03,True
1701,layer,0.30000000000000004,0.2,0.9557571857571858,0.03,True
1701,layer,0.30000000000000004,0.30000000000000004,0.9557571857571858,0.03,True
1701,layer,0.30000000000000004,0.4,0.9557571857571858,0.0022222222222222088,True
1701,layer,0.30000000000000004,0.5,0.9557571857571858,0.0022222222222222088,True
1701,layer,0.30000000000000004,0.6000000000000001,0.9557571857571858,0.0022222222222222088,True
1701,layer,0.30000000000000004,0.7000000000000001,0.9546143286143285,0.0022222222222222088,True
1701,layer,0.30000000000000004,0.8,0.9632629772629772,0.0022222222222222088,True
1701,layer,0.30000000000000004,0.9,0.9631359931359931,0.001428571428571418,True
1701,layer,0.30000000000000004,1.0,0.962024882024882,0.001428571428571418,True
1701,layer,0.4,0.0,0.9557571857571858,0.03,True
1701,layer,0.4,0.1,0.9557571857571858,0.03,True
1701,layer,0.4,0.2,0.9546460746460748,0.0022222222222222088,True
1701,layer,0.4,0.30000000000000004,0.9557571857571858,0.0022222222222222088,True
1701,layer,0.4,0.4,0.9557571857571858,0.0022222222222222088,True
1701,layer,0.4,0.5,0.9557571857571858,0.0022222222222222088,True
1701,layer,0.4,0.6000000000000001,0.9546143286143285,0.0022222222222222088,True
1701,layer,0.4,0.7000000000000001,0.9589386529386528,0.0022222222222222088,True
1701,layer,0.4,0.8,0.9631359931359931,0.001428571428571418,True
1701,layer,0.4,0.9,0.9631359931359931,0.001428571428571418,True
1701,layer,0.4,1.0,0.9631359931359931,0.001428571428571418,True
1701,layer,0.5,0.0,0.9546460746460748,0.0022222222222222088,True
1701,layer,0.5,0.1,0.9546460746460748,0.0022222222222222088,True
1701,layer,0.5,0.2,0.9557571857571858,0.0022222222222222088,True
1701,layer,0.5,0.30000000000000004,0.9557571857571858,0.0022222222222222088,True
1701,layer,0.5,0.4,0.9557571857571858,0.0022222222222222088,True
1701,layer,0.5,0.5,0.9546143286143285,0.0022222222222222088,True
1701,layer,0.5,0.6000000000000001,0.9546143286143285,0.0022222222222222088,True
1701,layer,0.5,0.7000000000000001,0.9543672243672243,0.001428571428571418,True
1701,layer,0.5,0.8,0.9631359931359931,0.001428571428571418,True
1701,layer,0.5,0.9,0.9631359931359931,0.001428571428571418,True
1701,layer,0.5,1.0,0.9631359931359931,0.001428571428571418,True
1701,layer,0.6000000000000001,0.0,0.9546460746460748,0.0022222222222222088,True
1701,layer,0.6000000000000001,0.1,0.9557571857571858,0.0022222222222222088,True
1701,layer,0.6000000000000001,0.2,0.9557571857571858,0.0022222222222222088,True
1701,layer,0.6000000000000001,0.30000000000000004,0.9546143286143285,0.0022222222222222088,True
1701,layer,0.6000000000000001,0.4,0.9546143286143285,0.0022222222222222088,True
1701,layer,0.6000000000000001,0.5,0.9546143286143285,0.0022222222222222088,True
1701,layer,0.6000000000000001,0.6000000000000001,0.9543672243672243,0.001428571428571418,True
1701,layer,0.6000000000000001,0.7000000000000001,0.9588116688116688,0.001428571428571418,True
1701,layer,0.6000000000000001,0.8,0.9675804375804374,0.001428571428571418,True
1701,layer,0.6000000000000001,0.9,0.9675804375804374,0.001428571428571418,True
1701,layer,0.6000000000000001,1.0,0.9675804375804374,0.001428571428571418,True
1701,layer,0.7000000000000001,0.0,0.9557571857571858,0.0022222222222222088,True
1701,layer,0.7000000000000001,0.1,0.9602016302016301,0.0022222222222222088,True
1701,layer,0.7000000000000001,0.2,0.9602016302016301,0.0022222222222222088,True
1701,layer,0.7000000000000001,0.30000000000000004,0.959058773058773,0.0022222222222222088,True
1701,layer,0.7000000000000001,0.4,0.959058773058773,0.0022222222222222088,True
1701,layer,0.7000000000000001,0.5,0.9544873444873445,0.001428571428571418,True
1701,layer,0.7000000000000001,0.6000000000000001,0.9588116688116688,0.001428571428571418,True
1701,layer,0.7000000000000001,0.7000000000000001,0.963256113256113,0.001428571428571418,True
1701,layer,0.7000000000000001,0.8,0.9675804375804374,0.001428571428571418,True
1701,layer,0.7000000000000001,0.9,0.9675804375804374,0.001428571428571418,True
1701,layer,0.7000000000000001,1.0,0.9675804375804374,0.001428571428571418,True
1701,layer,0.8,0.0,0.9602016302016301,0.0022222222222222088,True
1701,layer,0.8,0.1,0.9602016302016301,0.0022222222222222088,True
1701,layer,0.8,0.2,0.959058773058773,0.0022222222222222088,True
1701,layer,0.8,0.30000000000000004,0.959058773058773,0.0022222222222222088,True
1701,layer,0.8,0.4,0.9544873444873445,0.001428571428571418,True
1701,layer,0.8,0.5,0.9588116688116688,0.001428571428571418,True
1701,layer,0.8,0.6000000000000001,0.963256113256113,0.001428571428571418,True
1701,layer,0.8,0.7000000000000001,0.963256113256113,0.001428571428571418,True
1701,layer,0.8,0.8,0.9675804375804374,0.001428571428571418,True
1701,layer,0.8,0.9,0.9675804375804374,0.001428571428571418,True
1701,layer,0.8,1.0,0.9675804375804374,0.001428571428571418,True
1701,layer,0.9,0.0,0.9602016302016301,0.0022222222222222088,True
1701,layer,0.9,0.1,0.959058773058773,0.0022222222222222088,True
1701,layer,0.9,0.2,0.959058773058773,0.0022222222222222088,True
1701,layer,0.9,0.30000000000000004,0.959058773058773,0.0022222222222222088,True
1701,layer,0.9,0.4,0.9544873444873445,0.001428571428571418,True
1701,layer,0.9,0.5,0.963256113256113,0.001428571428571418,True
1701,layer,0.9,0.6000000000000001,0.963256113256113,0.001428571428571418,True
1701,layer,0.9,0.7000000000000001,0.963256113256113,0.001428571428571418,True
1701,layer,0.9,0.8,0.9675804375804374,0.001428571428571418,True
1701,layer,0.9,0.9,0.9675804375804374,0.001428571428571418,True
1701,layer,0.9,1.0,0.9675804375804374,0.001428571428571418,True
1701,layer,1.0,0.0,0.959058773058773,0.0022222222222222088,True
1701,layer,1.0,0.1,0.959058773058773,0.0022222222222222088,True
1701,layer,1.0,0.2,0.959058773058773,0.0022222222222222088,True
1701,layer,1.0,0.30000000000000004,0.9589317889317888,0.001428571428571418,True
1701,layer,1.0,0.4,0.963256113256113,0.001428571428571418,True
1701,layer,1.0,0.5,0.963256113256113,0.001428571428571418,True
1701,layer,1.0,0.6000000000000001,0.963256113256113,0.001428571428571418,True
1701,layer,1.0,0.7000000000000001,0.963256113256113,0.001428571428571418,True
1701,layer,1.0,0.8,0.9675804375804374,0.001428571428571418,True
1701,layer,1.0,0.9,0.9675804375804374,0.001428571428571418,True
1701,layer,1.0,1.0,0.9675804375804374,0.001428571428571418,True
1702,scalar,0.0,0.0,0.9602016302016302,0.03,True
1702,scalar,0.008333333333333333,0.008333333333333333,0.9602016302016302,0.03,True
1702,scalar,0.016666666666666666,0.016666666666666666,0.9602016302016302,0.03,True
1702,scalar,0.025,0.025,0.9602016302016302,0.03,True
1702,scalar,0.03333333333333333,0.03333333333333333,0.9602016302016302,0.03,True
1702,scalar,0.041666666666666664,0.041666666666666664,0.9602016302016302,0.03,True
1702,scalar,0.05,0.05,0.9602016302016302,0.03,True
1702,scalar,0.058333333333333334,0.058333333333333334,0.9602016302016302,0.03,True
1702,scalar,0.06666666666666667,0.06666666666666667,0.9602016302016302,0.03,True
1702,scalar,0.075,0.075,0.9602016302016302,0.03,True
1702,scalar,0.08333333333333333,0.08333333333333333,0.9602016302016302,0.03,True
1702,scalar,0.09166666666666666,0.09166666666666666,0.9602016302016302,0.03,True
1702,scalar,0.1,0.1,0.9602016302016302,0.03,True
1702,scalar,0.10833333333333334,0.10833333333333334,0.9602016302016302,0.03,True
1702,scalar,0.11666666666666667,0.11666666666666667,0.9602016302016302,0.03,True
1702,scalar,0.125,0.125,0.9602016302016302,0.03,True
1702,scalar,0.13333333333333333,0.13333333333333333,0.9602016302016302,0.03,True
1702,scalar,0.14166666666666666,0.14166666666666666,0.9602016302016302,0.03,True
1702,scalar,0.15,0.15,0.9602016302016302,0.03,True
1702,scalar,0.15833333333333333,0.15833333333333333,0.9602016302016302,0.03,True
1702,scalar,0.16666666666666666,0.16666666666666666,0.9602016302016302,0.03,True
1702,scalar,0.175,0.175,0.9602016302016302,0.03,True
1702,scalar,0.18333333333333332,0.18333333333333332,0.9602016302016302,0.03,True
1702,scalar,0.19166666666666665,0.19166666666666665,0.959090519090519,0.0022222222222222088,True
1702,scalar,0.2,0.2,0.959090519090519,0.0022222222222222088,True
1702,scalar,0.20833333333333334,0.20833333333333334,0.959090519090519,0.0022222222222222088,True
1702,scalar,0.21666666666666667,0.21666666666666667,0.959090519090519,0.0022222222222222088,True
1702,scalar,0.225,0.225,0.959090519090519,0.0022222222222222088,True
1702,scalar,0.23333333333333334,0.23333333333333334,0.959090519090519,0.0022222222222222088,True
1702,scalar,0.24166666666666667,0.24166666666666667,0.959090519090519,0.0022222222222222088,True
1702,scalar,0.25,0.25,0.959090519090519,0.0022222222222222088,True
1702,scalar,0.2583333333333333,0.2583333333333333,0.959090519090519,0.0022222222222222088,True
1702,scalar,0.26666666666666666,0.26666666666666666,0.959090519090519,0.0022222222222222088,True
1702,scalar,0.275,0.275,0.959090519090519,0.0022222222222222088,True
1702,scalar,0.2833333333333333,0.2833333333333333,0.959090519090519,0.0022222222222222088,True
1702,scalar,0.2916666666666667,0.2916666666666667,0.959090519090519,0.0022222222222222088,True
1702,scalar,0.3,0.3,0.959090519090519,0.0022222222222222088,True
1702,scalar,0.30833333333333335,0.30833333333333335,0.959090519090519,0.0022222222222222088,True
1702,scalar,0.31666666666666665,0.31666666666666665,0.959090519090519,0.0022222222222222088,True
1702,scalar,0.325,0.325,0.959090519090519,0.0022222222222222088,True
1702,scalar,0.3333333333333333,0.3333333333333333,0.959090519090519,0.0022222222222222088,True
1702,scalar,0.3416666666666667,0.3416666666666667,0.959090519090519,0.0022222222222222088,True
1702,scalar,0.35,0.35,0.959090519090519,0.0022222222222222088,True
1702,scalar,0.35833333333333334,0.35833333333333334,0.9602333762333761,0.0022222222222222088,True
1702,scalar,0.36666666666666664,0.36666666666666664,0.9602333762333761,0.0022222222222222088,True
1702,scalar,0.375,0.375,0.9602333762333761,0.0022222222222222088,True
1702,scalar,0.3833333333333333,0.3833333333333333,0.9602333762333761,0.0022222222222222088,True
1702,scalar,0.39166666666666666,0.39166666666666666,0.9602333762333761,0.0022222222222222088,True
1702,scalar,0.4,0.4,0.9602333762333761,0.0022222222222222088,True
1702,scalar,0.4083333333333333,0.4083333333333333,0.9602333762333761,0.0022222222222222088,True
1702,scalar,0.4166666666666667,0.4166666666666667,0.9602333762333761,0.0022222222222222088,True
1702,scalar,0.425,0.425,0.9602333762333761,0.0022222222222222088,True
1702,scalar,0.43333333333333335,0.43333333333333335,0.9602333762333761,0.0022222222222222088,True
1702,scalar,0.44166666666666665,0.44166666666666665,0.9602333762333761,0.0022222222222222088,True
1702,scalar,0.45,0.45,0.9646778206778206,0.0022222222222222088,True
1702,scalar,0.4583333333333333,0.4583333333333333,0.9646778206778206,0.0022222222222222088,True
1702,scalar,0.4666666666666667,0.4666666666666667,0.9646778206778206,0.0022222222222222088,True
1702,scalar,0.475,0.475,0.9646778206778206,0.0022222222222222088,True
1702,scalar,0.48333333333333334,0.48333333333333334,0.9646778206778206,0.0022222222222222088,True
1702,scalar,0.49166666666666664,0.49166666666666664,0.9646778206778206,0.0022222222222222088,True
1702,scalar,0.5,0.5,0.9646778206778206,0.0022222222222222088,True
1702,scalar,0.5083333333333333,0.5083333333333333,0.9646778206778206,0.0022222222222222088,True
1702,scalar,0.5166666666666666,0.5166666666666666,0.9646778206778206,0.0022222222222222088,True
1702,scalar,0.525,0.525,0.9646778206778206,0.0022222222222222088,True
1702,scalar,0.5333333333333333,0.5333333333333333,0.9646778206778206,0.0022222222222222088,True
1702,scalar,0.5416666666666666,0.5416666666666666,0.9646778206778206,0.0022222222222222088,True
1702,scalar,0.55,0.55,0.9646778206778206,0.0022222222222222088,True
1702,scalar,0.5583333333333333,0.5583333333333333,0.9646778206778206,0.0022222222222222088,True
1702,scalar,0.5666666666666667,0.5666666666666667,0.9646778206778206,0.0022222222222222088,True
1702,scalar,0.575,0.575,0.9646778206778206,0.0022222222222222088,True
1702,scalar,0.5833333333333334,0.5833333333333334,0.9646778206778206,0.0022222222222222088,True
1702,scalar,0.5916666666666667,0.5916666666666667,0.9646778206778206,0.0022222222222222088,True
1702,scalar,0.6,0.6,0.9646778206778206,0.0022222222222222088,True
1702,scalar,0.6083333333333333,0.6083333333333333,0.9646778206778206,0.0022222222222222088,True
1702,scalar,0.6166666666666667,0.6166666666666667,0.9646778206778206,0.0022222222222222088,True
1702,scalar,0.625,0.625,0.9646778206778206,0.0022222222222222088,True
1702,scalar,0.6333333333333333,0.6333333333333333,0.9646778206778206,0.0022222222222222088,True
1702,scalar,0.6416666666666666,0.6416666666666666,0.9646778206778206,0.0022222222222222088,True
1702,scalar,0.65,0.65,0.9646778206778206,0.0022222222222222088,True
1702,scalar,0.6583333333333333,0.6583333333333333,0.9690021450021449,0.0022222222222222088,True
1702,scalar,0.6666666666666666,0.6666666666666666,0.9690021450021449,0.0022222222222222088,True
1702,scalar,0.675,0.675,0.9645577005577006,0.0022222222222222088,True
1702,scalar,0.6833333333333333,0.6833333333333333,0.9645577005577006,0.0022222222222222088,True
1702,scalar,0.6916666666666667,0.6916666666666667,0.9645577005577006,0.0022222222222222088,True
1702,scalar,0.7,0.7,0.9645577005577006,0.0022222222222222088,True
1702,scalar,0.7083333333333334,0.7083333333333334,0.9645577005577006,0.0022222222222222088,True
1702,scalar,0.7166666666666667,0.7166666666666667,0.9645577005577006,0.0022222222222222088,True
1702,scalar,0.725,0.725,0.9645577005577006,0.0022222222222222088,True
1702,scalar,0.7333333333333333,0.7333333333333333,0.9645577005577006,0.0022222222222222088,True
1702,scalar,0.7416666666666667,0.7416666666666667,0.9645577005577006,0.0022222222222222088,True
1702,scalar,0.75,0.75,0.9645577005577006,0.0022222222222222088,True
1702,scalar,0.7583333333333333,0.7583333333333333,0.9645577005577006,0.0022222222222222088,True
1702,scalar,0.7666666666666666,0.7666666666666666,0.9645577005577006,0.0022222222222222088,True
1702,scalar,0.775,0.775,0.9645577005577006,0.0022222222222222088,True
1702,scalar,0.7833333333333333,0.7833333333333333,0.9645577005577006,0.0022222222222222088,True
1702,scalar,0.7916666666666666,0.7916666666666666,0.9645577005577006,0.0022222222222222088,True
1702,scalar,0.8,0.8,0.9645577005577006,0.0022222222222222088,True
1702,scalar,0.8083333333333333,0.8083333333333333,0.9645577005577006,0.0022222222222222088,True
1702,scalar,0.8166666666666667,0.8166666666666667,0.9645577005577006,0.0022222222222222088,True
1702,scalar,0.825,0.825,0.9645577005577006,0.0022222222222222088,True
1702,scalar,0.8333333333333334,0.8333333333333334,0.9645577005577006,0.0022222222222222088,True
1702,scalar,0.8416666666666667,0.8416666666666667,0.9645577005577006,0.0022222222222222088,True
1702,scalar,0.85,0.85,0.9645577005577006,0.0022222222222222088,True
1702,scalar,0.8583333333333333,0.8583333333333333,0.9645577005577006,0.0022222222222222088,True
1702,scalar,0.8666666666666667,0.8666666666666667,0.9645577005577006,0.0022222222222222088,True
1702,scalar,0.875,0.875,0.9645577005577006,0.0022222222222222088,True
1702,scalar,0.8833333333333333,0.8833333333333333,0.9645577005577006,0.0022222222222222088,True
1702,scalar,0.8916666666666666,0.8916666666666666,0.9657005577005577,0.0022222222222222088,True
1702,scalar,0.9,0.9,0.9657005577005577,0.0022222222222222088,True
1702,scalar,0.9083333333333333,0.9083333333333333,0.9657005577005577,0.0022222222222222088,True
1702,scalar,0.9166666666666666,0.9166666666666666,0.970024882024882,0.0022222222222222088,True
1702,scalar,0.9249999999999999,0.9249999999999999,0.970024882024882,0.0022222222222222088,True
1702,scalar,0.9333333333333333,0.9333333333333333,0.970024882024882,0.0022222222222222088,True
1702,scalar,0.9416666666666667,0.9416666666666667,0.970024882024882,0.0022222222222222088,True
1702,scalar,0.95,0.95,0.970024882024882,0.0022222222222222088,True
1702,scalar,0.9583333333333334,0.9583333333333334,0.970024882024882,0.0022222222222222088,True
1702,scalar,0.9666666666666667,0.9666666666666667,0.970024882024882,0.0022222222222222088,True
1702,scalar,0.975,0.975,0.970024882024882,0.0022222222222222088,True
1702,scalar,0.9833333333333333,0.9833333333333333,0.970024882024882,0.0022222222222222088,True
1702,scalar,0.9916666666666667,0.9916666666666667,0.970024882024882,0.0022222222222222088,True
1702,scalar,1.0,1.0,0.970024882024882,0.0022222222222222088,True
1702,layer,0.0,0.0,0.9602016302016302,0.03,True
1702,layer,0.0,0.1,0.9602016302016302,0.03,True
1702,layer,0.0,0.2,0.959090519090519,0.0022222222222222088,True
1702,layer,0.0,0.30000000000000004,0.959090519090519,0.0022222222222222088,True
1702,layer,0.0,0.4,0.959090519090519,0.0022222222222222088,True
1702,layer,0.0,0.5,0.959090519090519,0.0022222222222222088,True
1702,layer,0.0,0.6000000000000001,0.959090519090519,0.0022222222222222088,True
1702,layer,0.0,0.7000000000000001,0.9602333762333761,0.0022222222222222088,True
1702,layer,0.0,0.8,0.9602333762333761,0.0022222222222222088,True
1702,layer,0.0,0.9,0.9602333762333761,0.0022222222222222088,True
1702,layer,0.0,1.0,0.9602333762333761,0.0022222222222222088,True
1702,layer,0.1,0.0,0.9602016302016302,0.03,True
1702,layer,0.1,0.1,0.9602016302016302,0.03,True
1702,layer,0.1,0.2,0.9602016302016302,0.03,True
1702,layer,0.1,0.30000000000000004,0.9602016302016302,0.03,True
1702,layer,0.1,0.4,0.9602016302016302,0.03,True
1702,layer,0.1,0.5,0.959090519090519,0.0022222222222222088,True
1702,layer,0.1,0.6000000000000001,0.9602333762333761,0.0022222222222222088,True
1702,layer,0.1,0.7000000000000001,0.9602333762333761,0.0022222222222222088,True
1702,layer,0.1,0.8,0.9602333762333761,0.0022222222222222088,True
1702,layer,0.1,0.9,0.9602333762333761,0.0022222222222222088,True
1702,layer,0.1,1.0,0.9602333762333761,0.0022222222222222088,True
1702,layer,0.2,0.0,0.959090519090519,0.0022222222222222088,True
1702,layer,0.2,0.1,0.959090519090519,0.0022222222222222088,True
1702,layer,0.2,0.2,0.959090519090519,0.0022222222222222088,True
1702,layer,0.2,0.30000000000000004,0.9602016302016302,0.03,True
1702,layer,0.2,0.4,0.9602016302016302,0.03,True
1702,layer,0.2,0.5,0.9613444873444873,0.03,True
1702,layer,0.2,0.6000000000000001,0.9613444873444873,0.03,True
1702,layer,0.2,0.7000000000000001,0.9613444873444873,0.03,True
1702,layer,0.2,0.8,0.9602333762333761,0.0022222222222222088,True
1702,layer,0.2,0.9,0.9602333762333761,0.0022222222222222088,True
1702,layer,0.2,1.0,0.9602333762333761,0.0022222222222222088,True
1702,layer,0.30000000000000004,0.0,0.9634148434148434,0.0022222222222222088,True
1702,layer,0.30000000000000004,0.1,0.959090519090519,0.0022222222222222088,True
1702,layer,0.30000000000000004,0.2,0.959090519090519,0.0022222222222222088,True
1702,layer,0.30000000000000004,0.30000000000000004,0.959090519090519,0.0022222222222222088,True
1702,layer,0.30000000000000004,0.4,0.9602333762333761,0.0022222222222222088,True
1702,layer,0.30000000000000004,0.5,0.9602333762333761,0.0022222222222222088,True
1702,layer,0.30000000000000004,0.6000000000000001,0.9602333762333761,0.0022222222222222088,True
1702,layer,0.30000000000000004,0.7000000000000001,0.9602333762333761,0.0022222222222222088,True
1702,layer,0.30000000000000004,0.8,0.9602333762333761,0.0022222222222222088,True
1702,layer,0.30000000000000004,0.9,0.9646778206778206,0.0022222222222222088,True
1702,layer,0.30000000000000004,1.0,0.9646778206778206,0.0022222222222222088,True
1702,layer,0.4,0.0,0.9589703989703989,0.0022222222222222088,True
1702,layer,0.4,0.1,0.9589703989703989,0.0022222222222222088,True
1702,layer,0.4,0.2,0.9634148434148434,0.0022222222222222088,True
1702,layer,0.4,0.30000000000000004,0.959090519090519,0.0022222222222222088,True
1702,layer,0.4,0.4,0.9602333762333761,0.0022222222222222088,True
1702,layer,0.4,0.5,0.9602333762333761,0.0022222222222222088,True
1702,layer,0.4,0.6000000000000001,0.9646778206778206,0.0022222222222222088,True
1702,layer,0.4,0.7000000000000001,0.9646778206778206,0.0022222222222222088,True
1702,layer,0.4,0.8,0.9646778206778206,0.0022222222222222088,True
1702,layer,0.4,0.9,0.9646778206778206,0.0022222222222222088,True
1702,layer,0.4,1.0,0.9646778206778206,0.0022222222222222088,True
1702,layer,0.5,0.0,0.9589703989703989,0.0022222222222222088,True
1702,layer,0.5,0.1,0.9589703989703989,0.0022222222222222088,True
1702,layer,0.5,0.2,0.9589703989703989,0.0022222222222222088,True
1702,layer,0.5,0.30000000000000004,0.9645577005577006,0.0022222222222222088,True
1702,layer,0.5,0.4,0.9646778206778206,0.0022222222222222088,True
1702,layer,0.5,0.5,0.9646778206778206,0.0022222222222222088,True
1702,layer,0.5,0.6000000000000001,0.9646778206778206,0.0022222222222222088,True
1702,layer,0.5,0.7000000000000001,0.9646778206778206,0.0022222222222222088,True
1702,layer,0.5,0.8,0.9646778206778206,0.0022222222222222088,True
1702,layer,0.5,0.9,0.9646778206778206,0.0022222222222222088,True
1702,layer,0.5,1.0,0.9646778206778206,0.0022222222222222088,True
1702,layer,0.6000000000000001,0.0,0.9634148434148433,0.0022222222222222088,True
1702,layer,0.6000000000000001,0.1,0.9634148434148433,0.0022222222222222088,True
1702,layer,0.6000000000000001,0.2,0.9645577005577006,0.0022222222222222088,True
1702,layer,0.6000000000000001,0.30000000000000004,0.9645577005577006,0.0022222222222222088,True
1702,layer,0.6000000000000001,0.4,0.9645577005577006,0.0022222222222222088,True
1702,layer,0.6000000000000001,0.5,0.9645577005577006,0.0022222222222222088,True
1702,layer,0.6000000000000001,0.6000000000000001,0.9646778206778206,0.0022222222222222088,True
1702,layer,0.6000000000000001,0.7000000000000001,0.9646778206778206,0.0022222222222222088,True
1702,layer,0.6000000000000001,0.8,0.9646778206778206,0.0022222222222222088,True
1702,layer,0.6000000000000001,0.9,0.9646778206778206,0.0022222222222222088,True
1702,layer,0.6000000000000001,1.0,0.9646778206778206,0.0022222222222222088,True
1702,layer,0.7000000000000001,0.0,0.9634148434148433,0.0022222222222222088,True
1702,layer,0.7000000000000001,0.1,0.9645577005577006,0.0022222222222222088,True
1702,layer,0.7000000000000001,0.2,0.9645577005577006,0.0022222222222222088,True
1702,layer,0.7000000000000001,0.30000000000000004,0.9645577005577006,0.0022222222222222088,True
1702,layer,0.7000000000000001,0.4,0.9645577005577006,0.0022222222222222088,True
1702,layer,0.7000000000000001,0.5,0.9645577005577006,0.0022222222222222088,True
1702,layer,0.7000000000000001,0.6000000000000001,0.9645577005577006,0.0022222222222222088,True
1702,layer,0.7000000000000001,0.7000000000000001,0.9645577005577006,0.0022222222222222088,True
1702,layer,0.7000000000000001,0.8,0.9646778206778206,0.0022222222222222088,True
1702,layer,0.7000000000000001,0.9,0.9646778206778206,0.0022222222222222088,True
1702,layer,0.7000000000000001,1.0,0.9646778206778206,0.0022222222222222088,True
1702,layer,0.8,0.0,0.9634148434148433,0.0022222222222222088,True
1702,layer,0.8,0.1,0.9645577005577006,0.0022222222222222088,True
1702,layer,0.8,0.2,0.9645577005577006,0.0022222222222222088,True
1702,layer,0.8,0.30000000000000004,0.9645577005577006,0.0022222222222222088,True
1702,layer,0.8,0.4,0.9645577005577006,0.0022222222222222088,True
1702,layer,0.8,0.5,0.9645577005577006,0.0022222222222222088,True
1702,layer,0.8,0.6000000000000001,0.9645577005577006,0.0022222222222222088,True
1702,layer,0.8,0.7000000000000001,0.9645577005577006,0.0022222222222222088,True
1702,layer,0.8,0.8,0.9645577005577006,0.0022222222222222088,True
1702,layer,0.8,0.9,0.9645577005577006,0.0022222222222222088,True
1702,layer,0.8,1.0,0.9690021450021449,0.0022222222222222088,True
1702,layer,0.9,0.0,0.9645577005577006,0.0022222222222222088,True
1702,layer,0.9,0.1,0.9645577005577006,0.0022222222222222088,True
1702,layer,0.9,0.2,0.9645577005577006,0.0022222222222222088,True
1702,layer,0.9,0.30000000000000004,0.9645577005577006,0.0022222222222222088,True
1702,layer,0.9,0.4,0.9645577005577006,0.0022222222222222088,True
1702,layer,0.9,0.5,0.9645577005577006,0.0022222222222222088,True
1702,layer,0.9,0.6000000000000001,0.9645577005577006,0.0022222222222222088,True
1702,layer,0.9,0.7000000000000001,0.9645577005577006,0.0022222222222222088,True
1702,layer,0.9,0.8,0.9645577005577006,0.0022222222222222088,True
1702,layer,0.9,0.9,0.9657005577005577,0.0022222222222222088,True
1702,layer,0.9,1.0,0.970024882024882,0.0022222222222222088,True
1702,layer,1.0,0.0,0.9645577005577006,0.0022222222222222088,True
1702,layer,1.0,0.1,0.9645577005577006,0.0022222222222222088,True
1702,layer,1.0,0.2,0.9645577005577006,0.0022222222222222088,True
1702,layer,1.0,0.30000000000000004,0.9645577005577006,0.0022222222222222088,True
1702,layer,1.0,0.4,0.9657005577005577,0.0022222222222222088,True
1702,layer,1.0,0.5,0.9657005577005577,0.0022222222222222088,True
1702,layer,1.0,0.6000000000000001,0.9657005577005577,0.0022222222222222088,True
1702,layer,1.0,0.7000000000000001,0.9657005577005577,0.0022222222222222088,True
1702,layer,1.0,0.8,0.9657005577005577,0.0022222222222222088,True
1702,layer,1.0,0.9,0.970024882024882,0.0022222222222222088,True
1702,layer,1.0,1.0,0.970024882024882,0.0022222222222222088,True
1703,scalar,0.0,0.0,0.9297571857571858,0.03,True
1703,scalar,0.008333333333333333,0.008333333333333333,0.9297571857571858,0.03,True
1703,scalar,0.016666666666666666,0.016666666666666666,0.9297571857571858,0.03,True
1703,scalar,0.025,0.025,0.9297571857571858,0.03,True
1703,scalar,0.03333333333333333,0.03333333333333333,0.9342016302016302,0.03,True
1703,scalar,0.041666666666666664,0.041666666666666664,0.9353444873444873,0.03,True
1703,scalar,0.05,0.05,0.9353444873444873,0.03,True
1703,scalar,0.058333333333333334,0.058333333333333334,0.9353444873444873,0.03,True
1703,scalar,0.06666666666666667,0.06666666666666667,0.9353444873444873,0.03,True
1703,scalar,0.075,0.075,0.9353444873444873,0.03,True
1703,scalar,0.08333333333333333,0.08333333333333333,0.9353444873444873,0.03,True
1703,scalar,0.09166666666666666,0.09166666666666666,0.9353444873444873,0.03,True
1703,scalar,0.1,0.1,0.9353444873444873,0.03,True
1703,scalar,0.10833333333333334,0.10833333333333334,0.9353444873444873,0.03,True
1703,scalar,0.11666666666666667,0.11666666666666667,0.9353444873444873,0.03,True
1703,scalar,0.125,0.125,0.9353444873444873,0.03,True
1703,scalar,0.13333333333333333,0.13333333333333333,0.9353444873444873,0.03,True
1703,scalar,0.14166666666666666,0.14166666666666666,0.9342333762333761,0.0022222222222222088,True
1703,scalar,0.15,0.15,0.9342333762333761,0.0022222222222222088,True
1703,scalar,0.15833333333333333,0.15833333333333333,0.9342333762333761,0.0022222222222222088,True
1703,scalar,0.16666666666666666,0.16666666666666666,0.9342333762333761,0.0022222222222222088,True
1703,scalar,0.175,0.175,0.9299090519090518,0.0022222222222222088,True
1703,scalar,0.18333333333333332,0.18333333333333332,0.9299090519090518,0.0022222222222222088,True
1703,scalar,0.19166666666666665,0.19166666666666665,0.9299090519090518,0.0022222222222222088,True
1703,scalar,0.2,0.2,0.9299090519090518,0.0022222222222222088,True
1703,scalar,0.20833333333333334,0.20833333333333334,0.9299090519090518,0.0022222222222222088,True
1703,scalar,0.21666666666666667,0.21666666666666667,0.9299090519090518,0.0022222222222222088,True
1703,scalar,0.225,0.225,0.9299090519090518,0.0022222222222222088,True
1703,scalar,0.23333333333333334,0.23333333333333334,0.9299090519090518,0.0022222222222222088,True
1703,scalar,0.24166666666666667,0.24166666666666667,0.9299090519090518,0.0022222222222222088,True
1703,scalar,0.25,0.25,0.9299090519090518,0.0022222222222222088,True
1703,scalar,0.2583333333333333,0.2583333333333333,0.9299090519090518,0.0022222222222222088,True
1703,scalar,0.26666666666666666,0.26666666666666666,0.9299090519090518,0.0022222222222222088,True
1703,scalar,0.275,0.275,0.9343534963534963,0.0022222222222222088,True
1703,scalar,0.2833333333333333,0.2833333333333333,0.9343534963534963,0.0022222222222222088,True
1703,scalar,0.2916666666666667,0.2916666666666667,0.9343534963534963,0.0022222222222222088,True
1703,scalar,0.3,0.3,0.9343534963534963,0.0022222222222222088,True
1703,scalar,0.30833333333333335,0.30833333333333335,0.9343534963534963,0.0022222222222222088,True
1703,scalar,0.31666666666666665,0.31666666666666665,0.9343534963534963,0.0022222222222222088,True
1703,scalar,0.325,0.325,0.9343534963534963,0.0022222222222222088,True
1703,scalar,0.3333333333333333,0.3333333333333333,0.9343534963534963,0.0022222222222222088,True
1703,scalar,0.3416666666666667,0.3416666666666667,0.9343534963534963,0.0022222222222222088,True
1703,scalar,0.35,0.35,0.9343534963534963,0.0022222222222222088,True
1703,scalar,0.35833333333333334,0.35833333333333334,0.9343534963534963,0.0022222222222222088,True
1703,scalar,0.36666666666666664,0.36666666666666664,0.9343534963534963,0.0022222222222222088,True
1703,scalar,0.375,0.375,0.9366074646074645,0.0022222222222222088,True
1703,scalar,0.3833333333333333,0.3833333333333333,0.9366074646074645,0.0022222222222222088,True
1703,scalar,0.39166666666666666,0.39166666666666666,0.9366074646074645,0.0022222222222222088,True
1703,scalar,0.4,0.4,0.9366074646074645,0.0022222222222222088,True
1703,scalar,0.4083333333333333,0.4083333333333333,0.9366074646074645,0.0022222222222222088,True
1703,scalar,0.4166666666666667,0.4166666666666667,0.9366074646074645,0.0022222222222222088,True
1703,scalar,0.425,0.425,0.9366074646074645,0.0022222222222222088,True
1703,scalar,0.43333333333333335,0.43333333333333335,0.9366074646074645,0.0022222222222222088,True
1703,scalar,0.44166666666666665,0.44166666666666665,0.9366074646074645,0.0022222222222222088,True
1703,scalar,0.45,0.45,0.9366074646074645,0.0022222222222222088,True
1703,scalar,0.4583333333333333,0.4583333333333333,0.9366074646074645,0.0022222222222222088,True
1703,scalar,0.4666666666666667,0.4666666666666667,0.9366074646074645,0.0022222222222222088,True
1703,scalar,0.475,0.475,0.9377185757185756,0.0022222222222222088,True
1703,scalar,0.48333333333333334,0.48333333333333334,0.9377185757185756,0.0022222222222222088,True
1703,scalar,0.49166666666666664,0.49166666666666664,0.9377185757185756,0.0022222222222222088,True
1703,scalar,0.5,0.5,0.9377185757185756,0.0022222222222222088,True
1703,scalar,0.5083333333333333,0.5083333333333333,0.9377185757185756,0.0022222222222222088,True
1703,scalar,0.5166666666666666,0.5166666666666666,0.9377185757185756,0.0022222222222222088,True
1703,scalar,0.525,0.525,0.9377185757185756,0.0022222222222222088,True
1703,scalar,0.5333333333333333,0.5333333333333333,0.9377185757185756,0.0022222222222222088,True
1703,scalar,0.5416666666666666,0.5416666666666666,0.9377185757185756,0.0022222222222222088,True
1703,scalar,0.55,0.55,0.9377185757185756,0.0022222222222222088,True
1703,scalar,0.5583333333333333,0.5583333333333333,0.9377185757185756,0.0022222222222222088,True
1703,scalar,0.5666666666666667,0.5666666666666667,0.9377185757185756,0.0022222222222222088,True
1703,scalar,0.575,0.575,0.94216302016302,0.0022222222222222088,True
1703,scalar,0.5833333333333334,0.5833333333333334,0.94216302016302,0.0022222222222222088,True
1703,scalar,0.5916666666666667,0.5916666666666667,0.9466074646074645,0.0022222222222222088,True
1703,scalar,0.6,0.6,0.9466074646074645,0.0022222222222222088,True
1703,scalar,0.6083333333333333,0.6083333333333333,0.9466074646074645,0.0022222222222222088,True
1703,scalar,0.6166666666666667,0.6166666666666667,0.9466074646074645,0.0022222222222222088,True
1703,scalar,0.625,0.625,0.9466074646074645,0.0022222222222222088,True
1703,scalar,0.6333333333333333,0.6333333333333333,0.9466074646074645,0.0022222222222222088,True
1703,scalar,0.6416666666666666,0.6416666666666666,0.9466074646074645,0.0022222222222222088,True
1703,scalar,0.65,0.65,0.9466074646074645,0.0022222222222222088,True
1703,scalar,0.6583333333333333,0.6583333333333333,0.9466074646074645,0.0022222222222222088,True
1703,scalar,0.6666666666666666,0.6666666666666666,0.9466074646074645,0.0022222222222222088,True
1703,scalar,0.675,0.675,0.9466074646074645,0.0022222222222222088,True
1703,scalar,0.6833333333333333,0.6833333333333333,0.9466074646074645,0.0022222222222222088,True
1703,scalar,0.6916666666666667,0.6916666666666667,0.9466074646074645,0.0022222222222222088,True
1703,scalar,0.7,0.7,0.9466074646074645,0.0022222222222222088,True
1703,scalar,0.7083333333333334,0.7083333333333334,0.9466074646074645,0.0022222222222222088,True
1703,scalar,0.7166666666666667,0.7166666666666667,0.9466074646074645,0.0022222222222222088,True
1703,scalar,0.725,0.725,0.9466074646074645,0.0022222222222222088,True
1703,scalar,0.7333333333333333,0.7333333333333333,0.9466074646074645,0.0022222222222222088,True
1703,scalar,0.7416666666666667,0.7416666666666667,0.9466074646074645,0.0022222222222222088,True
1703,scalar,0.75,0.75,0.9466074646074645,0.0022222222222222088,True
1703,scalar,0.7583333333333333,0.7583333333333333,0.9466074646074645,0.0022222222222222088,True
1703,scalar,0.7666666666666666,0.7666666666666666,0.9466074646074645,0.0022222222222222088,True
1703,scalar,0.775,0.775,0.9466074646074645,0.0022222222222222088,True
1703,scalar,0.7833333333333333,0.7833333333333333,0.9466074646074645,0.0022222222222222088,True
1703,scalar,0.7916666666666666,0.7916666666666666,0.9466074646074645,0.0022222222222222088,True
1703,scalar,0.8,0.8,0.9466074646074645,0.0022222222222222088,True
1703,scalar,0.8083333333333333,0.8083333333333333,0.9466074646074645,0.0022222222222222088,True
1703,scalar,0.8166666666666667,0.8166666666666667,0.9466074646074645,0.0022222222222222088,True
1703,scalar,0.825,0.825,0.9466074646074645,0.0022222222222222088,True
1703,scalar,0.8333333333333334,0.8333333333333334,0.9466074646074645,0.0022222222222222088,True
1703,scalar,0.8416666666666667,0.8416666666666667,0.9466074646074645,0.0022222222222222088,True
1703,scalar,0.85,0.85,0.9466074646074645,0.0022222222222222088,True
1703,scalar,0.8583333333333333,0.8583333333333333,0.9466074646074645,0.0022222222222222088,True
1703,scalar,0.8666666666666667,0.8666666666666667,0.9466074646074645,0.0022222222222222088,True
1703,scalar,0.875,0.875,0.9466074646074645,0.0022222222222222088,True
1703,scalar,0.8833333333333333,0.8833333333333333,0.9466074646074645,0.0022222222222222088,True
1703,scalar,0.8916666666666666,0.8916666666666666,0.9466074646074645,0.0022222222222222088,True
1703,scalar,0.9,0.9,0.9466074646074645,0.0022222222222222088,True
1703,scalar,0.9083333333333333,0.9083333333333333,0.9466074646074645,0.0022222222222222088,True
1703,scalar,0.9166666666666666,0.9166666666666666,0.9466074646074645,0.0022222222222222088,True
1703,scalar,0.9249999999999999,0.9249999999999999,0.9466074646074645,0.0022222222222222088,True
1703,scalar,0.9333333333333333,0.9333333333333333,0.9466074646074645,0.0022222222222222088,True
1703,scalar,0.9416666666666667,0.9416666666666667,0.9466074646074645,0.0022222222222222088,True
1703,scalar,0.95,0.95,0.9466074646074645,0.0022222222222222088,True
1703,scalar,0.9583333333333334,0.9583333333333334,0.9466074646074645,0.0022222222222222088,True
1703,scalar,0.9666666666666667,0.9666666666666667,0.9466074646074645,0.0022222222222222088,True
1703,scalar,0.975,0.975,0.9466074646074645,0.0022222222222222088,True
1703,scalar,0.9833333333333333,0.9833333333333333,0.9466074646074645,0.0022222222222222088,True
1703,scalar,0.9916666666666667,0.9916666666666667,0.9466074646074645,0.0022222222222222088,True
1703,scalar,1.0,1.0,0.9466074646074645,0.0022222222222222088,True
1703,layer,0.0,0.0,0.9297571857571858,0.03,True
1703,layer,0.0,0.1,0.9297571857571858,0.03,True
1703,layer,0.0,0.2,0.9297571857571858,0.03,True
1703,layer,0.0,0.30000000000000004,0.9286460746460746,0.0022222222222222088,True
1703,layer,0.0,0.4,0.9243217503217502,0.0022222222222222088,True
1703,layer,0.0,0.5,0.9254646074646073,0.0022222222222222088,True
1703,layer,0.0,0.6000000000000001,0.9299090519090518,0.0022222222222222088,True
1703,layer,0.0,0.7000000000000001,0.9299090519090518,0.0022222222222222088,True
1703,layer,0.0,0.8,0.9310201630201629,0.0022222222222222088,True
1703,layer,0.0,0.9,0.93216302016302,0.0022222222222222088,True
1703,layer,0.0,1.0,0.9332741312741312,0.0022222222222222088,True
1703,layer,0.1,0.0,0.9353444873444873,0.03,True
1703,layer,0.1,0.1,0.9353444873444873,0.03,True
1703,layer,0.1,0.2,0.9342333762333761,0.0022222222222222088,True
1703,layer,0.1,0.30000000000000004,0.9299090519090518,0.0022222222222222088,True
1703,layer,0.1,0.4,0.9299090519090518,0.0022222222222222088,True
1703,layer,0.1,0.5,0.9343534963534963,0.0022222222222222088,True
1703,layer,0.1,0.6000000000000001,0.9299090519090518,0.0022222222222222088,True
1703,layer,0.1,0.7000000000000001,0.93216302016302,0.0022222222222222088,True
1703,layer,0.1,0.8,0.9332741312741312,0.0022222222222222088,True
1703,layer,0.1,0.9,0.9332741312741312,0.0022222222222222088,True
1703,layer,0.1,1.0,0.9332741312741312,0.0022222222222222088,True
1703,layer,0.2,0.0,0.9353444873444873,0.03,True
1703,layer,0.2,0.1,0.9342333762333761,0.0022222222222222088,True
1703,layer,0.2,0.2,0.9299090519090518,0.0022222222222222088,True
1703,layer,0.2,0.30000000000000004,0.9299090519090518,0.0022222222222222088,True
1703,layer,0.2,0.4,0.9343534963534963,0.0022222222222222088,True
1703,layer,0.2,0.5,0.9343534963534963,0.0022222222222222088,True
1703,layer,0.2,0.6000000000000001,0.9366074646074645,0.0022222222222222088,True
1703,layer,0.2,0.7000000000000001,0.9377185757185756,0.0022222222222222088,True
1703,layer,0.2,0.8,0.9377185757185756,0.0022222222222222088,True
1703,layer,0.2,0.9,0.9377185757185756,0.0022222222222222088,True
1703,layer,0.2,1.0,0.94216302016302,0.0022222222222222088,True
1703,layer,0.30000000000000004,0.0,0.9309000429000428,0.0022222222222222088,True
1703,layer,0.30000000000000004,0.1,0.9299090519090518,0.0022222222222222088,True
1703,layer,0.30000000000000004,0.2,0.9299090519090518,0.0022222222222222088,True
1703,layer,0.30000000000000004,0.30000000000000004,0.9343534963534963,0.0022222222222222088,True
1703,layer,0.30000000000000004,0.4,0.9343534963534963,0.0022222222222222088,True
1703,layer,0.30000000000000004,0.5,0.9366074646074645,0.0022222222222222088,True
1703,layer,0.30000000000000004,0.6000000000000001,0.9366074646074645,0.0022222222222222088,True
1703,layer,0.30000000000000004,0.7000000000000001,0.9377185757185756,0.0022222222222222088,True
1703,layer,0.30000000000000004,0.8,0.9377185757185756,0.0022222222222222088,True
1703,layer,0.30000000000000004,0.9,0.94216302016302,0.0022222222222222088,True
1703,layer,0.30000000000000004,1.0,0.94216302016302,0.0022222222222222088,True
1703,layer,0.4,0.0,0.9254646074646073,0.0022222222222222088,True
1703,layer,0.4,0.1,0.9299090519090518,0.0022222222222222088,True
1703,layer,0.4,0.2,0.9343534963534963,0.0022222222222222088,True
1703,layer,0.4,0.30000000000000004,0.9343534963534963,0.0022222222222222088,True
1703,layer,0.4,0.4,0.9366074646074645,0.0022222222222222088,True
1703,layer,0.4,0.5,0.9366074646074645,0.0022222222222222088,True
1703,layer,0.4,0.6000000000000001,0.9377185757185756,0.0022222222222222088,True
1703,layer,0.4,0.7000000000000001,0.9377185757185756,0.0022222222222222088,True
1703,layer,0.4,0.8,0.94216302016302,0.0022222222222222088,True
1703,layer,0.4,0.9,0.94216302016302,0.0022222222222222088,True
1703,layer,0.4,1.0,0.94216302016302,0.0022222222222222088,True
1703,layer,0.5,0.0,0.9254646074646073,0.0022222222222222088,True
1703,layer,0.5,0.1,0.9343534963534963,0.0022222222222222088,True
1703,layer,0.5,0.2,0.9343534963534963,0.0022222222222222088,True
1703,layer,0.5,0.30000000000000004,0.9366074646074645,0.0022222222222222088,True
1703,layer,0.5,0.4,0.9366074646074645,0.0022222222222222088,True
1703,layer,0.5,0.5,0.9377185757185756,0.0022222222222222088,True
1703,layer,0.5,0.6000000000000001,0.9377185757185756,0.0022222222222222088,True
1703,layer,0.5,0.7000000000000001,0.94216302016302,0.0022222222222222088,True
1703,layer,0.5,0.8,0.94216302016302,0.0022222222222222088,True
1703,layer,0.5,0.9,0.94216302016302,0.0022222222222222088,True
1703,layer,0.5,1.0,0.94216302016302,0.0022222222222222088,True
1703,layer,0.6000000000000001,0.0,0.9299090519090518,0.0022222222222222088,True
1703,layer,0.6000000000000001,0.1,0.9387979407979408,0.0022222222222222088,True
1703,layer,0.6000000000000001,0.2,0.9410519090519089,0.0022222222222222088,True
1703,layer,0.6000000000000001,0.30000000000000004,0.9410519090519089,0.0022222222222222088,True
1703,layer,0.6000000000000001,0.4,0.94216302016302,0.0022222222222222088,True
1703,layer,0.6000000000000001,0.5,0.94216302016302,0.0022222222222222088,True
1703,layer,0.6000000000000001,0.6000000000000001,0.9466074646074645,0.0022222222222222088,True
1703,layer,0.6000000000000001,0.7000000000000001,0.9466074646074645,0.0022222222222222088,True
1703,layer,0.6000000000000001,0.8,0.9466074646074645,0.0022222222222222088,True
1703,layer,0.6000000000000001,0.9,0.9466074646074645,0.0022222222222222088,True
1703,layer,0.6000000000000001,1.0,0.9466074646074645,0.0022222222222222088,True
1703,layer,0.7000000000000001,0.0,0.9354963534963534,0.0022222222222222088,True
1703,layer,0.7000000000000001,0.1,0.9366074646074646,0.0022222222222222088,True
1703,layer,0.7000000000000001,0.2,0.9410519090519089,0.0022222222222222088,True
1703,layer,0.7000000000000001,0.30000000000000004,0.94216302016302,0.0022222222222222088,True
1703,layer,0.7000000000000001,0.4,0.94216302016302,0.0022222222222222088,True
1703,layer,0.7000000000000001,0.5,0.9466074646074645,0.0022222222222222088,True
1703,layer,0.7000000000000001,0.6000000000000001,0.9466074646074645,0.0022222222222222088,True
1703,layer,0.7000000000000001,0.7000000000000001,0.9466074646074645,0.0022222222222222088,True
1703,layer,0.7000000000000001,0.8,0.9466074646074645,0.0022222222222222088,True
1703,layer,0.7000000000000001,0.9,0.9466074646074645,0.0022222222222222088,True
1703,layer,0.7000000000000001,1.0,0.9466074646074645,0.0022222222222222088,True
1703,layer,0.8,0.0,0.9366074646074646,0.0022222222222222088,True
1703,layer,0.8,0.1,0.9366074646074646,0.0022222222222222088,True
1703,layer,0.8,0.2,0.9410519090519089,0.0022222222222222088,True
1703,layer,0.8,0.30000000000000004,0.94216302016302,0.0022222222222222088,True
1703,layer,0.8,0.4,0.9466074646074645,0.0022222222222222088,True
1703,layer,0.8,0.5,0.9466074646074645,0.0022222222222222088,True
1703,layer,0.8,0.6000000000000001,0.9466074646074645,0.0022222222222222088,True
1703,layer,0.8,0.7000000000000001,0.9466074646074645,0.0022222222222222088,True
1703,layer,0.8,0.8,0.9466074646074645,0.0022222222222222088,True
1703,layer,0.8,0.9,0.9466074646074645,0.0022222222222222088,True
1703,layer,0.8,1.0,0.9466074646074645,0.0022222222222222088,True
1703,layer,0.9,0.0,0.9321630201630201,-0.02555555555555558,False
1703,layer,0.9,0.1,0.9366074646074646,0.0022222222222222088,True
1703,layer,0.9,0.2,0.94216302016302,0.0022222222222222088,True
1703,layer,0.9,0.30000000000000004,0.94216302016302,0.0022222222222222088,True
1703,layer,0.9,0.4,0.9466074646074645,0.0022222222222222088,True
1703,layer,0.9,0.5,0.9466074646074645,0.0022222222222222088,True
1703,layer,0.9,0.6000000000000001,0.9466074646074645,0.0022222222222222088,True
1703,layer,0.9,0.7000000000000001,0.9466074646074645,0.0022222222222222088,True
1703,layer,0.9,0.8,0.9466074646074645,0.0022222222222222088,True
1703,layer,0.9,0.9,0.9466074646074645,0.0022222222222222088,True
1703,layer,0.9,1.0,0.9466074646074645,0.0022222222222222088,True
1703,layer,1.0,0.0,0.9321630201630201,-0.02555555555555558,False
1703,layer,1.0,0.1,0.9377185757185758,0.0022222222222222088,True
1703,layer,1.0,0.2,0.94216302016302,0.0022222222222222088,True
1703,layer,1.0,0.30000000000000004,0.9466074646074645,0.0022222222222222088,True
1703,layer,1.0,0.4,0.9466074646074645,0.0022222222222222088,True
1703,layer,1.0,0.5,0.9466074646074645,0.0022222222222222088,True
1703,layer,1.0,0.6000000000000001,0.9466074646074645,0.0022222222222222088,True
1703,layer,1.0,0.7000000000000001,0.9466074646074645,0.0022222222222222088,True
1703,layer,1.0,0.8,0.9466074646074645,0.0022222222222222088,True
1703,layer,1.0,0.9,0.9466074646074645,0.0022222222222222088,True
1703,layer,1.0,1.0,0.9466074646074645,0.0022222222222222088,True
1704,scalar,0.0,0.0,0.934942942942943,0.03,True
1704,scalar,0.008333333333333333,0.008333333333333333,0.934942942942943,0.03,True
1704,scalar,0.016666666666666666,0.016666666666666666,0.934942942942943,0.03,True
1704,scalar,0.025,0.025,0.934942942942943,0.03,True
1704,scalar,0.03333333333333333,0.03333333333333333,0.934942942942943,0.03,True
1704,scalar,0.041666666666666664,0.041666666666666664,0.934942942942943,0.03,True
1704,scalar,0.05,0.05,0.934942942942943,0.03,True
1704,scalar,0.058333333333333334,0.058333333333333334,0.934942942942943,0.03,True
1704,scalar,0.06666666666666667,0.06666666666666667,0.934942942942943,0.03,True
1704,scalar,0.075,0.075,0.934942942942943,0.03,True
1704,scalar,0.08333333333333333,0.08333333333333333,0.934942942942943,0.03,True
1704,scalar,0.09166666666666666,0.09166666666666666,0.934942942942943,0.03,True
1704,scalar,0.1,0.1,0.934942942942943,0.03,True
1704,scalar,0.10833333333333334,0.10833333333333334,0.934942942942943,0.03,True
1704,scalar,0.11666666666666667,0.11666666666666667,0.934942942942943,0.03,True
1704,scalar,0.125,0.125,0.934942942942943,0.03,True
1704,scalar,0.13333333333333333,0.13333333333333333,0.9393873873873875,0.03,True
1704,scalar,0.14166666666666666,0.14166666666666666,0.9393873873873875,0.03,True
1704,scalar,0.15,0.15,0.9393873873873875,0.03,True
1704,scalar,0.15833333333333333,0.15833333333333333,0.9437117117117118,0.03,True
1704,scalar,0.16666666666666666,0.16666666666666666,0.9437117117117118,0.03,True
1704,scalar,0.175,0.175,0.9437117117117118,0.03,True
1704,scalar,0.18333333333333332,0.18333333333333332,0.9437117117117118,0.03,True
1704,scalar,0.19166666666666665,0.19166666666666665,0.9437117117117118,0.03,True
1704,scalar,0.2,0.2,0.9437117117117118,0.03,True
1704,scalar,0.20833333333333334,0.20833333333333334,0.9437117117117118,0.03,True
1704,scalar,0.21666666666666667,0.21666666666666667,0.9437117117117118,0.03,True
1704,scalar,0.225,0.225,0.9437117117117118,0.03,True
1704,scalar,0.23333333333333334,0.23333333333333334,0.9437117117117118,0.03,True
1704,scalar,0.24166666666666667,0.24166666666666667,0.9437117117117118,0.03,True
1704,scalar,0.25,0.25,0.9437117117117118,0.03,True
1704,scalar,0.2583333333333333,0.2583333333333333,0.9437117117117118,0.03,True
1704,scalar,0.26666666666666666,0.26666666666666666,0.9437117117117118,0.03,True
1704,scalar,0.275,0.275,0.9437117117117118,0.03,True
1704,scalar,0.2833333333333333,0.2833333333333333,0.9437117117117118,0.03,True
1704,scalar,0.2916666666666667,0.2916666666666667,0.9437117117117118,0.03,True
1704,scalar,0.3,0.3,0.9437117117117118,0.03,True
1704,scalar,0.30833333333333335,0.30833333333333335,0.9437117117117118,0.03,True
1704,scalar,0.31666666666666665,0.31666666666666665,0.9437117117117118,0.03,True
1704,scalar,0.325,0.325,0.9437117117117118,0.03,True
1704,scalar,0.3333333333333333,0.3333333333333333,0.9426006006006007,0.0022222222222222088,True
1704,scalar,0.3416666666666667,0.3416666666666667,0.9426006006006007,0.0022222222222222088,True
1704,scalar,0.35,0.35,0.9426006006006007,0.0022222222222222088,True
1704,scalar,0.35833333333333334,0.35833333333333334,0.9426006006006007,0.0022222222222222088,True
1704,scalar,0.36666666666666664,0.36666666666666664,0.9426006006006007,0.0022222222222222088,True
1704,scalar,0.375,0.375,0.9437117117117118,0.0022222222222222088,True
1704,scalar,0.3833333333333333,0.3833333333333333,0.9437117117117118,0.0022222222222222088,True
1704,scalar,0.39166666666666666,0.39166666666666666,0.9437117117117118,0.0022222222222222088,True
1704,scalar,0.4,0.4,0.9437117117117118,0.0022222222222222088,True
1704,scalar,0.4083333333333333,0.4083333333333333,0.9437117117117118,0.0022222222222222088,True
1704,scalar,0.4166666666666667,0.4166666666666667,0.9437117117117118,0.0022222222222222088,True
1704,scalar,0.425,0.425,0.9437117117117118,0.0022222222222222088,True
1704,scalar,0.43333333333333335,0.43333333333333335,0.9437117117117118,0.0022222222222222088,True
1704,scalar,0.44166666666666665,0.44166666666666665,0.9437117117117118,0.0022222222222222088,True
1704,scalar,0.45,0.45,0.9482831402831403,0.0022222222222222088,True
1704,scalar,0.4583333333333333,0.4583333333333333,0.9482831402831403,0.0022222222222222088,True
1704,scalar,0.4666666666666667,0.4666666666666667,0.9482831402831403,0.0022222222222222088,True
1704,scalar,0.475,0.475,0.9482831402831403,0.0022222222222222088,True
1704,scalar,0.48333333333333334,0.48333333333333334,0.9482831402831403,0.0022222222222222088,True
1704,scalar,0.49166666666666664,0.49166666666666664,0.9482831402831403,0.0022222222222222088,True
1704,scalar,0.5,0.5,0.9482831402831403,0.0022222222222222088,True
1704,scalar,0.5083333333333333,0.5083333333333333,0.9482831402831403,0.0022222222222222088,True
1704,scalar,0.5166666666666666,0.5166666666666666,0.9482831402831403,0.0022222222222222088,True
1704,scalar,0.525,0.525,0.9482831402831403,0.0022222222222222088,True
1704,scalar,0.5333333333333333,0.5333333333333333,0.9482831402831403,0.0022222222222222088,True
1704,scalar,0.5416666666666666,0.5416666666666666,0.9482831402831403,0.0022222222222222088,True
1704,scalar,0.55,0.55,0.9482831402831403,0.0022222222222222088,True
1704,scalar,0.5583333333333333,0.5583333333333333,0.9482831402831403,0.0022222222222222088,True
1704,scalar,0.5666666666666667,0.5666666666666667,0.9482831402831403,0.0022222222222222088,True
1704,scalar,0.575,0.575,0.9482831402831403,0.0022222222222222088,True
1704,scalar,0.5833333333333334,0.5833333333333334,0.9482831402831403,0.0022222222222222088,True
1704,scalar,0.5916666666666667,0.5916666666666667,0.9482831402831403,0.0022222222222222088,True
1704,scalar,0.6,0.6,0.9482831402831403,0.0022222222222222088,True
1704,scalar,0.6083333333333333,0.6083333333333333,0.9526074646074646,0.0022222222222222088,True
1704,scalar,0.6166666666666667,0.6166666666666667,0.9537185757185758,0.0022222222222222088,True
1704,scalar,0.625,0.625,0.9537185757185758,0.0022222222222222088,True
1704,scalar,0.6333333333333333,0.6333333333333333,0.9537185757185758,0.0022222222222222088,True
1704,scalar,0.6416666666666666,0.6416666666666666,0.9537185757185758,0.0022222222222222088,True
1704,scalar,0.65,0.65,0.9537185757185758,0.0022222222222222088,True
1704,scalar,0.6583333333333333,0.6583333333333333,0.9491471471471471,0.0022222222222222088,True
1704,scalar,0.6666666666666666,0.6666666666666666,0.9491471471471471,0.0022222222222222088,True
1704,scalar,0.675,0.675,0.9491471471471471,0.0022222222222222088,True
1704,scalar,0.6833333333333333,0.6833333333333333,0.9491471471471471,0.0022222222222222088,True
1704,scalar,0.6916666666666667,0.6916666666666667,0.9491471471471471,0.0022222222222222088,True
1704,scalar,0.7,0.7,0.9491471471471471,0.0022222222222222088,True
1704,scalar,0.7083333333333334,0.7083333333333334,0.9491471471471471,0.0022222222222222088,True
1704,scalar,0.7166666666666667,0.7166666666666667,0.9491471471471471,0.0022222222222222088,True
1704,scalar,0.725,0.725,0.9491471471471471,0.0022222222222222088,True
1704,scalar,0.7333333333333333,0.7333333333333333,0.9491471471471471,0.0022222222222222088,True
1704,scalar,0.7416666666666667,0.7416666666666667,0.9491471471471471,0.0022222222222222088,True
1704,scalar,0.75,0.75,0.9491471471471471,0.0022222222222222088,True
1704,scalar,0.7583333333333333,0.7583333333333333,0.9491471471471471,0.0022222222222222088,True
1704,scalar,0.7666666666666666,0.7666666666666666,0.9491471471471471,0.0022222222222222088,True
1704,scalar,0.775,0.775,0.9491471471471471,0.0022222222222222088,True
1704,scalar,0.7833333333333333,0.7833333333333333,0.9491471471471471,0.0022222222222222088,True
1704,scalar,0.7916666666666666,0.7916666666666666,0.9491471471471471,0.0022222222222222088,True
1704,scalar,0.8,0.8,0.9491471471471471,0.0022222222222222088,True
1704,scalar,0.8083333333333333,0.8083333333333333,0.9491471471471471,0.0022222222222222088,True
1704,scalar,0.8166666666666667,0.8166666666666667,0.9491471471471471,0.0022222222222222088,True
1704,scalar,0.825,0.825,0.9491471471471471,0.0022222222222222088,True
1704,scalar,0.8333333333333334,0.8333333333333334,0.9491471471471471,0.0022222222222222088,True
1704,scalar,0.8416666666666667,0.8416666666666667,0.9491471471471471,0.0022222222222222088,True
1704,scalar,0.85,0.85,0.9491471471471471,0.0022222222222222088,True
1704,scalar,0.8583333333333333,0.8583333333333333,0.9491471471471471,0.0022222222222222088,True
1704,scalar,0.8666666666666667,0.8666666666666667,0.9491471471471471,0.0022222222222222088,True
1704,scalar,0.875,0.875,0.9491471471471471,0.0022222222222222088,True
1704,scalar,0.8833333333333333,0.8833333333333333,0.9491471471471471,0.0022222222222222088,True
1704,scalar,0.8916666666666666,0.8916666666666666,0.9491471471471471,0.0022222222222222088,True
1704,scalar,0.9,0.9,0.9491471471471471,0.0022222222222222088,True
1704,scalar,0.9083333333333333,0.9083333333333333,0.9491471471471471,0.0022222222222222088,True
1704,scalar,0.9166666666666666,0.9166666666666666,0.9491471471471471,0.0022222222222222088,True
1704,scalar,0.9249999999999999,0.9249999999999999,0.9491471471471471,0.0022222222222222088,True
1704,scalar,0.9333333333333333,0.9333333333333333,0.9491471471471471,0.0022222222222222088,True
1704,scalar,0.9416666666666667,0.9416666666666667,0.9491471471471471,0.0022222222222222088,True
1704,scalar,0.95,0.95,0.9491471471471471,0.0022222222222222088,True
1704,scalar,0.9583333333333334,0.9583333333333334,0.9491471471471471,0.0022222222222222088,True
1704,scalar,0.9666666666666667,0.9666666666666667,0.9502582582582583,0.0022222222222222088,True
1704,scalar,0.975,0.975,0.9502582582582583,0.0022222222222222088,True
1704,scalar,0.9833333333333333,0.9833333333333333,0.9502582582582583,0.0022222222222222088,True
1704,scalar,0.9916666666666667,0.9916666666666667,0.9502582582582583,0.0022222222222222088,True
1704,scalar,1.0,1.0,0.9502582582582583,0.0022222222222222088,True
1704,layer,0.0,0.0,0.934942942942943,0.03,True
1704,layer,0.0,0.1,0.9395143715143714,0.03,True
1704,layer,0.0,0.2,0.9395143715143714,0.03,True
1704,layer,0.0,0.30000000000000004,0.9438386958386958,0.03,True
1704,layer,0.0,0.4,0.944949806949807,0.03,True
1704,layer,0.0,0.5,0.944949806949807,0.03,True
1704,layer,0.0,0.6000000000000001,0.944949806949807,0.03,True
1704,layer,0.0,0.7000000000000001,0.9426958386958386,0.001428571428571418,True
1704,layer,0.0,0.8,0.9426958386958386,0.001428571428571418,True
1704,layer,0.0,0.9,0.9470201630201629,0.001428571428571418,True
1704,layer,0.0,1.0,0.9470201630201629,0.001428571428571418,True
1704,layer,0.1,0.0,0.934942942942943,0.03,True
1704,layer,0.1,0.1,0.934942942942943,0.03,True
1704,layer,0.1,0.2,0.9482831402831403,0.03,True
1704,layer,0.1,0.30000000000000004,0.9482831402831403,0.03,True
1704,layer,0.1,0.4,0.9493942513942515,0.03,True
1704,layer,0.1,0.5,0.9493942513942515,0.03,True
1704,layer,0.1,0.6000000000000001,0.9438386958386958,0.0022222222222222088,True
1704,layer,0.1,0.7000000000000001,0.9438386958386958,0.0022222222222222088,True
1704,layer,0.1,0.8,0.9426958386958386,0.001428571428571418,True
1704,layer,0.1,0.9,0.9470201630201629,0.001428571428571418,True
1704,layer,0.1,1.0,0.9481312741312741,0.001428571428571418,True
1704,layer,0.2,0.0,0.9303715143715143,0.001428571428571418,True
1704,layer,0.2,0.1,0.9393873873873875,0.03,True
1704,layer,0.2,0.2,0.9437117117117118,0.03,True
1704,layer,0.2,0.30000000000000004,0.9482831402831403,0.03,True
1704,layer,0.2,0.4,0.9493942513942515,0.03,True
1704,layer,0.2,0.5,0.9482831402831403,0.0022222222222222088,True
1704,layer,0.2,0.6000000000000001,0.9482831402831403,0.0022222222222222088,True
1704,layer,0.2,0.7000000000000001,0.9438386958386958,0.0022222222222222088,True
1704,layer,0.2,0.8,0.9481630201630202,0.0022222222222222088,True
1704,layer,0.2,0.9,0.9481312741312741,0.001428571428571418,True
1704,layer,0.2,1.0,0.9481312741312741,0.001428571428571418,True
1704,layer,0.30000000000000004,0.0,0.9359588159588159,0.001428571428571418,True
1704,layer,0.30000000000000004,0.1,0.9348159588159588,0.001428571428571418,True
1704,layer,0.30000000000000004,0.2,0.9437117117117118,0.03,True
1704,layer,0.30000000000000004,0.30000000000000004,0.9437117117117118,0.03,True
1704,layer,0.30000000000000004,0.4,0.9482831402831403,0.0022222222222222088,True
1704,layer,0.30000000000000004,0.5,0.9482831402831403,0.0022222222222222088,True
1704,layer,0.30000000000000004,0.6000000000000001,0.9482831402831403,0.0022222222222222088,True
1704,layer,0.30000000000000004,0.7000000000000001,0.9482831402831403,0.0022222222222222088,True
1704,layer,0.30000000000000004,0.8,0.9526074646074646,0.0022222222222222088,True
1704,layer,0.30000000000000004,0.9,0.9481312741312741,0.001428571428571418,True
1704,layer,0.30000000000000004,1.0,0.9481312741312741,0.001428571428571418,True
1704,layer,0.4,0.0,0.9359588159588159,0.001428571428571418,True
1704,layer,0.4,0.1,0.9402831402831403,0.001428571428571418,True
1704,layer,0.4,0.2,0.9391402831402832,0.001428571428571418,True
1704,layer,0.4,0.30000000000000004,0.9426006006006007,0.0022222222222222088,True
1704,layer,0.4,0.4,0.9437117117117118,0.0022222222222222088,True
1704,layer,0.4,0.5,0.9482831402831403,0.0022222222222222088,True
1704,layer,0.4,0.6000000000000001,0.9482831402831403,0.0022222222222222088,True
1704,layer,0.4,0.7000000000000001,0.9526074646074646,0.0022222222222222088,True
1704,layer,0.4,0.8,0.9537185757185758,0.0022222222222222088,True
1704,layer,0.4,0.9,0.9537185757185758,0.0022222222222222088,True
1704,layer,0.4,1.0,0.9525757185757184,0.001428571428571418,True
1704,layer,0.5,0.0,0.9359588159588159,0.001428571428571418,True
1704,layer,0.5,0.1,0.9402831402831403,0.001428571428571418,True
1704,layer,0.5,0.2,0.9391720291720291,0.001428571428571418,True
1704,layer,0.5,0.30000000000000004,0.938029172029172,0.001428571428571418,True
1704,layer,0.5,0.4,0.9391402831402832,0.001428571428571418,True
1704,layer,0.5,0.5,0.9482831402831403,0.0022222222222222088,True
1704,layer,0.5,0.6000000000000001,0.9482831402831403,0.0022222222222222088,True
1704,layer,0.5,0.7000000000000001,0.9537185757185758,0.0022222222222222088,True
1704,layer,0.5,0.8,0.9537185757185758,0.0022222222222222088,True
1704,layer,0.5,0.9,0.9537185757185758,0.0022222222222222088,True
1704,layer,0.5,1.0,0.9537185757185758,0.0022222222222222088,True
1704,layer,0.6000000000000001,0.0,0.9402831402831403,0.001428571428571418,True
1704,layer,0.6000000000000001,0.1,0.9391720291720291,0.001428571428571418,True
1704,layer,0.6000000000000001,0.2,0.9391720291720291,0.001428571428571418,True
1704,layer,0.6000000000000001,0.30000000000000004,0.9391720291720291,0.001428571428571418,True
1704,layer,0.6000000000000001,0.4,0.938029172029172,0.001428571428571418,True
1704,layer,0.6000000000000001,0.5,0.9391402831402832,0.001428571428571418,True
1704,layer,0.6000000000000001,0.6000000000000001,0.9482831402831403,0.0022222222222222088,True
1704,layer,0.6000000000000001,0.7000000000000001,0.9537185757185758,0.0022222222222222088,True
1704,layer,0.6000000000000001,0.8,0.9537185757185758,0.0022222222222222088,True
1704,layer,0.6000000000000001,0.9,0.9537185757185758,0.0022222222222222088,True
1704,layer,0.6000000000000001,1.0,0.9537185757185758,0.0022222222222222088,True
1704,layer,0.7000000000000001,0.0,0.9402831402831403,0.001428571428571418,True
1704,layer,0.7000000000000001,0.1,0.9347275847275847,0.001428571428571418,True
1704,layer,0.7000000000000001,0.2,0.9391720291720291,0.001428571428571418,True
1704,layer,0.7000000000000001,0.30000000000000004,0.9391720291720291,0.001428571428571418,True
1704,layer,0.7000000000000001,0.4,0.9391720291720291,0.001428571428571418,True
1704,layer,0.7000000000000001,0.5,0.9391402831402832,0.001428571428571418,True
1704,layer,0.7000000000000001,0.6000000000000001,0.9445757185757186,0.001428571428571418,True
1704,layer,0.7000000000000001,0.7000000000000001,0.9491471471471471,0.0022222222222222088,True
1704,layer,0.7000000000000001,0.8,0.9537185757185758,0.0022222222222222088,True
1704,layer,0.7000000000000001,0.9,0.9537185757185758,0.0022222222222222088,True
1704,layer,0.7000000000000001,1.0,0.9537185757185758,0.0022222222222222088,True
1704,layer,0.8,0.0,0.9301561561561562,-0.027142857142857163,False
1704,layer,0.8,0.1,0.9301561561561562,-0.027142857142857163,False
1704,layer,0.8,0.2,0.9347275847275847,0.001428571428571418,True
1704,layer,0.8,0.30000000000000004,0.9391720291720291,0.001428571428571418,True
1704,layer,0.8,0.4,0.9391720291720291,0.001428571428571418,True
1704,layer,0.8,0.5,0.9413942513942515,0.001428571428571418,True
1704,layer,0.8,0.6000000000000001,0.9445757185757186,0.001428571428571418,True
1704,layer,0.8,0.7000000000000001,0.9445757185757186,0.001428571428571418,True
1704,layer,0.8,0.8,0.9491471471471471,0.0022222222222222088,True
1704,layer,0.8,0.9,0.9537185757185758,0.0022222222222222088,True
1704,layer,0.8,1.0,0.9537185757185758,0.0022222222222222088,True
1704,layer,0.9,0.0,0.9301561561561562,-0.027142857142857163,False
1704,layer,0.9,0.1,0.9257117117117117,-0.027142857142857163,False
1704,layer,0.9,0.2,0.9257117117117117,-0.027142857142857163,False
1704,layer,0.9,0.30000000000000004,0.9347275847275847,0.001428571428571418,True
1704,layer,0.9,0.4,0.9347275847275847,0.001428571428571418,True
1704,layer,0.9,0.5,0.9457185757185758,0.001428571428571418,True
1704,layer,0.9,0.6000000000000001,0.9457185757185758,0.001428571428571418,True
1704,layer,0.9,0.7000000000000001,0.9445757185757186,0.001428571428571418,True
1704,layer,0.9,0.8,0.9445757185757186,0.001428571428571418,True
1704,layer,0.9,0.9,0.9491471471471471,0.0022222222222222088,True
1704,layer,0.9,1.0,0.9491471471471471,0.0022222222222222088,True
1704,layer,1.0,0.0,0.9301561561561562,-0.027142857142857163,False
1704,layer,1.0,0.1,0.9301561561561562,-0.027142857142857163,False
1704,layer,1.0,0.2,0.9257117117117117,-0.027142857142857163,False
1704,layer,1.0,0.30000000000000004,0.9257117117117117,-0.027142857142857163,False
1704,layer,1.0,0.4,0.9268228228228228,-0.027142857142857163,False
1704,layer,1.0,0.5,0.9412741312741313,0.001428571428571418,True
1704,layer,1.0,0.6000000000000001,0.9457185757185758,0.001428571428571418,True
1704,layer,1.0,0.7000000000000001,0.9457185757185758,0.001428571428571418,True
1704,layer,1.0,0.8,0.9456868296868297,0.001428571428571418,True
1704,layer,1.0,0.9,0.9456868296868297,0.001428571428571418,True
1704,layer,1.0,1.0,0.9502582582582583,0.0022222222222222088,True
1705,scalar,0.0,0.0,0.9419613899613899,0.03,True
1705,scalar,0.008333333333333333,0.008333333333333333,0.9419613899613899,0.03,True
1705,scalar,0.016666666666666666,0.016666666666666666,0.943072501072501,0.03,True
1705,scalar,0.025,0.025,0.943072501072501,0.03,True
1705,scalar,0.03333333333333333,0.03333333333333333,0.943072501072501,0.03,True
1705,scalar,0.041666666666666664,0.041666666666666664,0.943072501072501,0.03,True
1705,scalar,0.05,0.05,0.943072501072501,0.03,True
1705,scalar,0.058333333333333334,0.058333333333333334,0.943072501072501,0.03,True
1705,scalar,0.06666666666666667,0.06666666666666667,0.9475169455169454,0.03,True
1705,scalar,0.075,0.075,0.9475169455169454,0.03,True
1705,scalar,0.08333333333333333,0.08333333333333333,0.9475169455169454,0.03,True
1705,scalar,0.09166666666666666,0.09166666666666666,0.9475169455169454,0.03,True
1705,scalar,0.1,0.1,0.9475169455169454,0.03,True
1705,scalar,0.10833333333333334,0.10833333333333334,0.952088374088374,0.03,True
1705,scalar,0.11666666666666667,0.11666666666666667,0.952088374088374,0.03,True
1705,scalar,0.125,0.125,0.952088374088374,0.03,True
1705,scalar,0.13333333333333333,0.13333333333333333,0.952088374088374,0.03,True
1705,scalar,0.14166666666666666,0.14166666666666666,0.952088374088374,0.03,True
1705,scalar,0.15,0.15,0.952088374088374,0.03,True
1705,scalar,0.15833333333333333,0.15833333333333333,0.952088374088374,0.03,True
1705,scalar,0.16666666666666666,0.16666666666666666,0.952088374088374,0.03,True
1705,scalar,0.175,0.175,0.952088374088374,0.03,True
1705,scalar,0.18333333333333332,0.18333333333333332,0.952088374088374,0.03,True
1705,scalar,0.19166666666666665,0.19166666666666665,0.952088374088374,0.03,True
1705,scalar,0.2,0.2,0.952088374088374,0.03,True
1705,scalar,0.20833333333333334,0.20833333333333334,0.9531994851994852,0.03,True
1705,scalar,0.21666666666666667,0.21666666666666667,0.9543105963105962,0.03,True
1705,scalar,0.225,0.225,0.9543105963105962,0.03,True
1705,scalar,0.23333333333333334,0.23333333333333334,0.9543105963105962,0.03,True
1705,scalar,0.24166666666666667,0.24166666666666667,0.9543105963105962,0.03,True
1705,scalar,0.25,0.25,0.9543105963105962,0.03,True
1705,scalar,0.2583333333333333,0.2583333333333333,0.9543105963105962,0.03,True
1705,scalar,0.26666666666666666,0.26666666666666666,0.9543105963105962,0.03,True
1705,scalar,0.275,0.275,0.9543105963105962,0.03,True
1705,scalar,0.2833333333333333,0.2833333333333333,0.9543105963105962,0.03,True
1705,scalar,0.2916666666666667,0.2916666666666667,0.9543105963105962,0.03,True
1705,scalar,0.3,0.3,0.9543105963105962,0.03,True
1705,scalar,0.30833333333333335,0.30833333333333335,0.9543105963105962,0.03,True
1705,scalar,0.31666666666666665,0.31666666666666665,0.9543105963105962,0.03,True
1705,scalar,0.325,0.325,0.9543105963105962,0.03,True
1705,scalar,0.3333333333333333,0.3333333333333333,0.9543105963105962,0.03,True
1705,scalar,0.3416666666666667,0.3416666666666667,0.9543105963105962,0.03,True
1705,scalar,0.35,0.35,0.9543105963105962,0.03,True
1705,scalar,0.35833333333333334,0.35833333333333334,0.9543105963105962,0.03,True
1705,scalar,0.36666666666666664,0.36666666666666664,0.9543105963105962,0.03,True
1705,scalar,0.375,0.375,0.9543105963105962,0.03,True
1705,scalar,0.3833333333333333,0.3833333333333333,0.9543105963105962,0.03,True
1705,scalar,0.39166666666666666,0.39166666666666666,0.9543105963105962,0.03,True
1705,scalar,0.4,0.4,0.9543105963105962,0.03,True
1705,scalar,0.4083333333333333,0.4083333333333333,0.9543105963105962,0.03,True
1705,scalar,0.4166666666666667,0.4166666666666667,0.9543105963105962,0.03,True
1705,scalar,0.425,0.425,0.9543105963105962,0.03,True
1705,scalar,0.43333333333333335,0.43333333333333335,0.9543105963105962,0.03,True
1705,scalar,0.44166666666666665,0.44166666666666665,0.9543105963105962,0.03,True
1705,scalar,0.45,0.45,0.9543105963105962,0.03,True
1705,scalar,0.4583333333333333,0.4583333333333333,0.9543105963105962,0.03,True
1705,scalar,0.4666666666666667,0.4666666666666667,0.9587550407550407,0.03,True
1705,scalar,0.475,0.475,0.9587550407550407,0.03,True
1705,scalar,0.48333333333333334,0.48333333333333334,0.9587550407550407,0.03,True
1705,scalar,0.49166666666666664,0.49166666666666664,0.9587550407550407,0.03,True
1705,scalar,0.5,0.5,0.9587550407550407,0.03,True
1705,scalar,0.5083333333333333,0.5083333333333333,0.9587550407550407,0.03,True
1705,scalar,0.5166666666666666,0.5166666666666666,0.9587550407550407,0.03,True
1705,scalar,0.525,0.525,0.9587550407550407,0.03,True
1705,scalar,0.5333333333333333,0.5333333333333333,0.9587550407550407,0.03,True
1705,scalar,0.5416666666666666,0.5416666666666666,0.9587550407550407,0.03,True
1705,scalar,0.55,0.55,0.9587550407550407,0.03,True
1705,scalar,0.5583333333333333,0.5583333333333333,0.9587550407550407,0.03,True
1705,scalar,0.5666666666666667,0.5666666666666667,0.9587550407550407,0.03,True
1705,scalar,0.575,0.575,0.9587550407550407,0.03,True
1705,scalar,0.5833333333333334,0.5833333333333334,0.9587550407550407,0.03,True
1705,scalar,0.5916666666666667,0.5916666666666667,0.9587550407550407,0.03,True
1705,scalar,0.6,0.6,0.9587550407550407,0.03,True
1705,scalar,0.6083333333333333,0.6083333333333333,0.9587550407550407,0.03,True
1705,scalar,0.6166666666666667,0.6166666666666667,0.9587550407550407,0.03,True
1705,scalar,0.625,0.625,0.9587550407550407,0.03,True
1705,scalar,0.6333333333333333,0.6333333333333333,0.9587550407550407,0.03,True
1705,scalar,0.6416666666666666,0.6416666666666666,0.9587550407550407,0.03,True
1705,scalar,0.65,0.65,0.9587550407550407,0.03,True
1705,scalar,0.6583333333333333,0.6583333333333333,0.9587550407550407,0.03,True
1705,scalar,0.6666666666666666,0.6666666666666666,0.9587550407550407,0.03,True
1705,scalar,0.675,0.675,0.9587550407550407,0.03,True
1705,scalar,0.6833333333333333,0.6833333333333333,0.9587550407550407,0.03,True
1705,scalar,0.6916666666666667,0.6916666666666667,0.9587550407550407,0.03,True
1705,scalar,0.7,0.7,0.9587550407550407,0.03,True
1705,scalar,0.7083333333333334,0.7083333333333334,0.9587550407550407,0.03,True
1705,scalar,0.7166666666666667,0.7166666666666667,0.9587550407550407,0.03,True
1705,scalar,0.725,0.725,0.9587550407550407,0.03,True
1705,scalar,0.7333333333333333,0.7333333333333333,0.9587550407550407,0.03,True
1705,scalar,0.7416666666666667,0.7416666666666667,0.9587550407550407,0.03,True
1705,scalar,0.75,0.75,0.9587550407550407,0.03,True
1705,scalar,0.7583333333333333,0.7583333333333333,0.9587550407550407,0.03,True
1705,scalar,0.7666666666666666,0.7666666666666666,0.9587550407550407,0.03,True
1705,scalar,0.775,0.775,0.9587550407550407,0.03,True
1705,scalar,0.7833333333333333,0.7833333333333333,0.9587550407550407,0.03,True
1705,scalar,0.7916666666666666,0.7916666666666666,0.9587550407550407,0.03,True
1705,scalar,0.8,0.8,0.9631994851994852,0.03,True
1705,scalar,0.8083333333333333,0.8083333333333333,0.9631994851994852,0.03,True
1705,scalar,0.8166666666666667,0.8166666666666667,0.9631994851994852,0.03,True
1705,scalar,0.825,0.825,0.9631994851994852,0.03,True
1705,scalar,0.8333333333333334,0.8333333333333334,0.9631994851994852,0.03,True
1705,scalar,0.8416666666666667,0.8416666666666667,0.9631994851994852,0.03,True
1705,scalar,0.85,0.85,0.9631994851994852,0.03,True
1705,scalar,0.8583333333333333,0.8583333333333333,0.9631994851994852,0.03,True
1705,scalar,0.8666666666666667,0.8666666666666667,0.9631994851994852,0.03,True
1705,scalar,0.875,0.875,0.9631994851994852,0.03,True
1705,scalar,0.8833333333333333,0.8833333333333333,0.9631994851994852,0.03,True
1705,scalar,0.8916666666666666,0.8916666666666666,0.9631994851994852,0.03,True
1705,scalar,0.9,0.9,0.9631994851994852,0.03,True
1705,scalar,0.9083333333333333,0.9083333333333333,0.9631994851994852,0.03,True
1705,scalar,0.9166666666666666,0.9166666666666666,0.9631994851994852,0.03,True
1705,scalar,0.9249999999999999,0.9249999999999999,0.9631994851994852,0.03,True
1705,scalar,0.9333333333333333,0.9333333333333333,0.9631994851994852,0.03,True
1705,scalar,0.9416666666666667,0.9416666666666667,0.9631994851994852,0.03,True
1705,scalar,0.95,0.95,0.9631994851994852,0.03,True
1705,scalar,0.9583333333333334,0.9583333333333334,0.9631994851994852,0.03,True
1705,scalar,0.9666666666666667,0.9666666666666667,0.9631994851994852,0.03,True
1705,scalar,0.975,0.975,0.9631994851994852,0.03,True
1705,scalar,0.9833333333333333,0.9833333333333333,0.9631994851994852,0.03,True
1705,scalar,0.9916666666666667,0.9916666666666667,0.9631994851994852,0.03,True
1705,scalar,1.0,1.0,0.9631994851994852,0.03,True
1705,layer,0.0,0.0,0.9419613899613899,0.03,True
1705,layer,0.0,0.1,0.9419613899613899,0.03,True
1705,layer,0.0,0.2,0.9464058344058344,0.03,True
1705,layer,0.0,0.30000000000000004,0.9464058344058344,0.03,True
1705,layer,0.0,0.4,0.9464058344058344,0.03,True
1705,layer,0.0,0.5,0.9475169455169454,0.03,True
1705,layer,0.0,0.6000000000000001,0.9475169455169454,0.03,True
1705,layer,0.0,0.7000000000000001,0.9519613899613899,0.03,True
1705,layer,0.0,0.8,0.9519613899613899,0.03,True
1705,layer,0.0,0.9,0.9565328185328185,0.03,True
1705,layer,0.0,1.0,0.9565328185328185,0.03,True
1705,layer,0.1,0.0,0.9475169455169454,0.03,True
1705,layer,0.1,0.1,0.9475169455169454,0.03,True
1705,layer,0.1,0.2,0.952088374088374,0.03,True
1705,layer,0.1,0.30000000000000004,0.952088374088374,0.03,True
1705,layer,0.1,0.4,0.9531994851994852,0.03,True
1705,layer,0.1,0.5,0.952088374088374,0.03,True
1705,layer,0.1,0.6000000000000001,0.952088374088374,0.03,True
1705,layer,0.1,0.7000000000000001,0.9565328185328185,0.03,True
1705,layer,0.1,0.8,0.9565328185328185,0.03,True
1705,layer,0.1,0.9,0.9565328185328185,0.03,True
1705,layer,0.1,1.0,0.9565328185328185,0.03,True
1705,layer,0.2,0.0,0.952088374088374,0.03,True
1705,layer,0.2,0.1,0.952088374088374,0.03,True
1705,layer,0.2,0.2,0.952088374088374,0.03,True
1705,layer,0.2,0.30000000000000004,0.9531994851994852,0.03,True
1705,layer,0.2,0.4,0.9531994851994852,0.03,True
1705,layer,0.2,0.5,0.9531994851994852,0.03,True
1705,layer,0.2,0.6000000000000001,0.9576439296439296,0.03,True
1705,layer,0.2,0.7000000000000001,0.9587550407550407,0.03,True
1705,layer,0.2,0.8,0.9587550407550407,0.03,True
1705,layer,0.2,0.9,0.9587550407550407,0.03,True
1705,layer,0.2,1.0,0.9587550407550407,0.03,True
1705,layer,0.30000000000000004,0.0,0.9531994851994852,0.03,True
1705,layer,0.30000000000000004,0.1,0.9543105963105962,0.03,True
1705,layer,0.30000000000000004,0.2,0.9543105963105962,0.03,True
1705,layer,0.30000000000000004,0.30000000000000004,0.9543105963105962,0.03,True
1705,layer,0.30000000000000004,0.4,0.9543105963105962,0.03,True
1705,layer,0.30000000000000004,0.5,0.9543105963105962,0.03,True
1705,layer,0.30000000000000004,0.6000000000000001,0.9587550407550407,0.03,True
1705,layer,0.30000000000000004,0.7000000000000001,0.9587550407550407,0.03,True
1705,layer,0.30000000000000004,0.8,0.9587550407550407,0.03,True
1705,layer,0.30000000000000004,0.9,0.9587550407550407,0.03,True
1705,layer,0.30000000000000004,1.0,0.9587550407550407,0.03,True
1705,layer,0.4,0.0,0.9543105963105962,0.03,True
1705,layer,0.4,0.1,0.9543105963105962,0.03,True
1705,layer,0.4,0.2,0.9543105963105962,0.03,True
1705,layer,0.4,0.30000000000000004,0.9543105963105962,0.03,True
1705,layer,0.4,0.4,0.9543105963105962,0.03,True
1705,layer,0.4,0.5,0.9587550407550407,0.03,True
1705,layer,0.4,0.6000000000000001,0.9587550407550407,0.03,True
1705,layer,0.4,0.7000000000000001,0.9587550407550407,0.03,True
1705,layer,0.4,0.8,0.9587550407550407,0.03,True
1705,layer,0.4,0.9,0.9587550407550407,0.03,True
1705,layer,0.4,1.0,0.9587550407550407,0.03,True
1705,layer,0.5,0.0,0.9543105963105962,0.03,True
1705,layer,0.5,0.1,0.9543105963105962,0.03,True
1705,layer,0.5,0.2,0.9543105963105962,0.03,True
1705,layer,0.5,0.30000000000000004,0.9543105963105962,0.03,True
1705,layer,0.5,0.4,0.9543105963105962,0.03,True
1705,layer,0.5,0.5,0.9587550407550407,0.03,True
1705,layer,0.5,0.6000000000000001,0.9587550407550407,0.03,True
1705,layer,0.5,0.7000000000000001,0.9587550407550407,0.03,True
1705,layer,0.5,0.8,0.9587550407550407,0.03,True
1705,layer,0.5,0.9,0.9587550407550407,0.03,True
1705,layer,0.5,1.0,0.9587550407550407,0.03,True
1705,layer,0.6000000000000001,0.0,0.9543105963105962,0.03,True
1705,layer,0.6000000000000001,0.1,0.9543105963105962,0.03,True
1705,layer,0.6000000000000001,0.2,0.9543105963105962,0.03,True
1705,layer,0.6000000000000001,0.30000000000000004,0.9543105963105962,0.03,True
1705,layer,0.6000000000000001,0.4,0.9543105963105962,0.03,True
1705,layer,0.6000000000000001,0.5,0.9587550407550407,0.03,True
1705,layer,0.6000000000000001,0.6000000000000001,0.9587550407550407,0.03,True
1705,layer,0.6000000000000001,0.7000000000000001,0.9587550407550407,0.03,True
1705,layer,0.6000000000000001,0.8,0.9587550407550407,0.03,True
1705,layer,0.6000000000000001,0.9,0.9587550407550407,0.03,True
1705,layer,0.6000000000000001,1.0,0.9587550407550407,0.03,True
1705,layer,0.7000000000000001,0.0,0.9543105963105962,0.03,True
1705,layer,0.7000000000000001,0.1,0.9543105963105962,0.03,True
1705,layer,0.7000000000000001,0.2,0.9543105963105962,0.03,True
1705,layer,0.7000000000000001,0.30000000000000004,0.9543105963105962,0.03,True
1705,layer,0.7000000000000001,0.4,0.9587550407550407,0.03,True
1705,layer,0.7000000000000001,0.5,0.9587550407550407,0.03,True
1705,layer,0.7000000000000001,0.6000000000000001,0.9587550407550407,0.03,True
1705,layer,0.7000000000000001,0.7000000000000001,0.9587550407550407,0.03,True
1705,layer,0.7000000000000001,0.8,0.9587550407550407,0.03,True
1705,layer,0.7000000000000001,0.9,0.9587550407550407,0.03,True
1705,layer,0.7000000000000001,1.0,0.9587550407550407,0.03,True
1705,layer,0.8,0.0,0.9543105963105962,0.03,True
1705,layer,0.8,0.1,0.9543105963105962,0.03,True
1705,layer,0.8,0.2,0.9543105963105962,0.03,True
1705,layer,0.8,0.30000000000000004,0.9543105963105962,0.03,True
1705,layer,0.8,0.4,0.9587550407550407,0.03,True
1705,layer,0.8,0.5,0.9587550407550407,0.03,True
1705,layer,0.8,0.6000000000000001,0.9631994851994852,0.03,True
1705,layer,0.8,0.7000000000000001,0.9631994851994852,0.03,True
1705,layer,0.8,0.8,0.9631994851994852,0.03,True
1705,layer,0.8,0.9,0.9631994851994852,0.03,True
1705,layer,0.8,1.0,0.9631994851994852,0.03,True
1705,layer,0.9,0.0,0.9587550407550407,0.03,True
1705,layer,0.9,0.1,0.9587550407550407,0.03,True
1705,layer,0.9,0.2,0.9587550407550407,0.03,True
1705,layer,0.9,0.30000000000000004,0.9587550407550407,0.03,True
1705,layer,0.9,0.4,0.9631994851994852,0.03,True
1705,layer,0.9,0.5,0.9631994851994852,0.03,True
1705,layer,0.9,0.6000000000000001,0.9631994851994852,0.03,True
1705,layer,0.9,0.7000000000000001,0.9631994851994852,0.03,True
1705,layer,0.9,0.8,0.9631994851994852,0.03,True
1705,layer,0.9,0.9,0.9631994851994852,0.03,True
1705,layer,0.9,1.0,0.9631994851994852,0.03,True
1705,layer,1.0,0.0,0.9598978978978979,0.03,True
1705,layer,1.0,0.1,0.9598978978978979,0.03,True
1705,layer,1.0,0.2,0.9598978978978979,0.03,True
1705,layer,1.0,0.30000000000000004,0.9631994851994852,0.03,True
1705,layer,1.0,0.4,0.9631994851994852,0.03,True
1705,layer,1.0,0.5,0.9631994851994852,0.03,True
1705,layer,1.0,0.6000000000000001,0.9631994851994852,0.03,True
1705,layer,1.0,0.7000000000000001,0.9631994851994852,0.03,True
1705,layer,1.0,0.8,0.9631994851994852,0.03,True
1705,layer,1.0,0.9,0.9631994851994852,0.03,True
1705,layer,1.0,1.0,0.9631994851994852,0.03,True
