seed,phase,epoch,loss
1701,incumbent,1,1.7259101175758793
1701,incumbent,2,0.753998189312958
1701,incumbent,3,0.3787297278109051
1701,incumbent,4,0.2529107748564781
1701,incumbent,5,0.19874377420880118
1701,incumbent,6,0.14991397928918385
1701,incumbent,7,0.11815498139414303
1701,incumbent,8,0.09816523107095687
1701,incumbent,9,0.09023986106270063
1701,incumbent,10,0.09650896736772312
1701,incumbent,11,0.08256308368502821
1701,incumbent,12,0.06796722856520003
1701,continuation,1,0.06260232562478348
1701,continuation,2,0.06435440294230066
1701,continuation,3,0.065836357609389
1701,continuation,4,0.060659365205079654
1701,continuation,5,0.05098903153589989
1701,continuation,6,0.04680240740424732
1701,continuation,7,0.044507911849003524
1701,continuation,8,0.043985086508862146
1701,continuation,9,0.04318746245532117
1701,continuation,10,0.04332184528614847
1701,continuation,11,0.0409653819742943
1701,continuation,12,0.03777525292609958
1701,continuation,13,0.03351124848922112
1701,continuation,14,0.03295559584356088
1701,continuation,15,0.027084133357089278
1701,continuation,16,0.026383901599948086
1701,continuation,17,0.026627992699892227
1701,continuation,18,0.023527897195707526
1701,continuation,19,0.023391074687994215
1701,continuation,20,0.02083101066828932
1701,continuation,21,0.019904006498062374
1701,continuation,22,0.018432979800661647
1701,continuation,23,0.01767169496017666
1701,continuation,24,0.017085482234450337
1702,incumbent,1,1.7395917075914886
1702,incumbent,2,0.8491500092106915
1702,incumbent,3,0.43949261294186465
1702,incumbent,4,0.29242707796369954
1702,incumbent,5,0.20609680972452152
1702,incumbent,6,0.15204599255271853
1702,incumbent,7,0.13478474712533323
1702,incumbent,8,0.1110745354228157
1702,incumbent,9,0.09232974562250916
1702,incumbent,10,0.08600342075991955
1702,incumbent,11,0.0709762824444404
1702,incumbent,12,0.06677062933247287
1702,continuation,1,0.06242821475727348
1702,continuation,2,0.05698098470963967
1702,continuation,3,0.05363374113088451
1702,continuation,4,0.049341869744758654
1702,continuation,5,0.0461633042884153
1702,continuation,6,0.04414937575685205
1702,continuation,7,0.05073073641990708
1702,continuation,8,0.05260643687488554
1702,continuation,9,0.04077542684254723
1702,continuation,10,0.03458662244107694
1702,continuation,11,0.030324357058933864
1702,continuation,12,0.029550677665797314
1702,continuation,13,0.027513925243796374
1702,continuation,14,0.02416629659650487
1702,continuation,15,0.022936628432100717
1702,continuation,16,0.020973072020298893
1702,continuation,17,0.020056437074477587
1702,continuation,18,0.0186159055565471
1702,continuation,19,0.017536222099101703
1702,continuation,20,0.01714429380678341
1702,continuation,21,0.016084359097842546
1702,continuation,22,0.015049635331186598
1702,continuation,23,0.014623834782222121
1702,continuation,24,0.014647738574640835
1703,incumbent,1,1.8611139504355951
1703,incumbent,2,1.061386450771048
1703,incumbent,3,0.501854162776495
1703,incumbent,4,0.27985062728804605
1703,incumbent,5,0.20521828518972857
1703,incumbent,6,0.1574727885613733
1703,incumbent,7,0.11946394223338098
1703,incumbent,8,0.09661871778641859
1703,incumbent,9,0.08824595461632795
1703,incumbent,10,0.07467480987211274
1703,incumbent,11,0.06244651356899612
1703,incumbent,12,0.05865111132460258
1703,continuation,1,0.05658521298937267
1703,continuation,2,0.05073378541465003
1703,continuation,3,0.048486589291670094
1703,continuation,4,0.04609890087351571
1703,continuation,5,0.04435486811486887
1703,continuation,6,0.041275669665084606
1703,continuation,7,0.04095346672202745
1703,continuation,8,0.03587744098547211
1703,continuation,9,0.02963873548887387
1703,continuation,10,0.028769191046735205
1703,continuation,11,0.02614816558615201
1703,continuation,12,0.02377412676319961
1703,continuation,13,0.022103535564652336
1703,continuation,14,0.021849939693510283
1703,continuation,15,0.02127048373127323
1703,continuation,16,0.020182496648074852
1703,continuation,17,0.018224411225139302
1703,continuation,18,0.0181543048267564
1703,continuation,19,0.016509244333425363
1703,continuation,20,0.015735643193234217
1703,continuation,21,0.01545462560893549
1703,continuation,22,0.014585576826703172
1703,continuation,23,0.014476635483685616
1703,continuation,24,0.013796843398761405
1704,incumbent,1,1.8136201887641739
1704,incumbent,2,0.947214869665635
1704,incumbent,3,0.492460103268007
1704,incumbent,4,0.29710424772741734
1704,incumbent,5,0.20911429679130808
1704,incumbent,6,0.1548734613708898
1704,incumbent,7,0.12400852222840007
1704,incumbent,8,0.1108568201173788
1704,incumbent,9,0.09707854688669235
1704,incumbent,10,0.09129573103876905
1704,incumbent,11,0.08385915329168446
1704,incumbent,12,0.06359704795499505
1704,continuation,1,0.06093453354510723
1704,continuation,2,0.06496501837340254
1704,continuation,3,0.0652274097839231
1704,continuation,4,0.05918097327511228
1704,continuation,5,0.0499798617434883
1704,continuation,6,0.04852545242436588
1704,continuation,7,0.044655350090331385
1704,continuation,8,0.043911879606952996
1704,continuation,9,0.037362393106827
1704,continuation,10,0.03363861545266254
1704,continuation,11,0.031113733969735234
1704,continuation,12,0.029092269922027344
1704,continuation,13,0.027079158246507737
1704,continuation,14,0.026459597347829978
1704,continuation,15,0.02477842543722091
1704,continuation,16,0.023361121711815827
1704,continuation,17,0.022293727537991238
1704,continuation,18,0.021630361592431868
1704,continuation,19,0.028209760660034763
1704,continuation,20,0.025832513042233027
1704,continuation,21,0.025212299059237293
1704,continuation,22,0.02005412736968838
1704,continuation,23,0.018231399707288216
1704,continuation,24,0.016117517344322534
1705,incumbent,1,1.7978182697148786
1705,incumbent,2,0.9660798731749026
1705,incumbent,3,0.466783142346911
1705,incumbent,4,0.362699926112556
1705,incumbent,5,0.2287381890083311
1705,incumbent,6,0.2331668372184836
1705,incumbent,7,0.1490590760555798
1705,incumbent,8,0.1373875083830722
1705,incumbent,9,0.10483026455958647
1705,incumbent,10,0.09464077131415762
1705,incumbent,11,0.11068152173938167
1705,incumbent,12,0.08590102677430879
1705,continuation,1,0.07537775021344786
1705,continuation,2,0.08339518470050972
1705,continuation,3,0.09447484643982497
1705,continuation,4,0.07142733040720077
1705,continuation,5,0.06346096244490292
1705,continuation,6,0.06459540249943846
1705,continuation,7,0.06352912731596995
1705,continuation,8,0.05633394262192056
1705,continuation,9,0.047817047396101674
1705,continuation,10,0.04484044118324965
1705,continuation,11,0.042018894018841534
1705,continuation,12,0.03803222870219466
1705,continuation,13,0.03608087759743683
1705,continuation,14,0.03430373029949052
1705,continuation,15,0.03287291743314342
1705,continuation,16,0.031782955268854586
1705,continuation,17,0.03342467618209238
1705,continuation,18,0.03671003281673414
1705,continuation,19,0.03753757709189498
1705,continuation,20,0.02803782987700305
1705,continuation,21,0.025896557432155312
1705,continuation,22,0.0238280446102543
1705,continuation,23,0.023382451490126004
1705,continuation,24,0.02368074293360384
