n,alpha,method,repetitions,mse_full,mse_full_mcse,ci_low,ci_high,exact_mse_full,mse_own,bias_own_0,bias_own_1,mcse_mean_0,mcse_mean_1
1,0,unweighted,10000,2.256208,0.018813362361203102,2.219333809772042,2.293082190227958,2.2424999999999997,2.5770880000000003,0.554919999999901,0.5470800000000576,0.012739301721084798,0.00589197920073469
1,0,oracle_ipw,10000,7.2699308641975335,0.17167705485203238,6.93344383668755,7.606417891707517,6.895833333333334,6.227753086419756,0.017711111111080147,-0.030200000000000865,0.0207476626482443,0.013865406681079526
1,0,self_normalized,10000,2.256208,0.018813362361203102,2.219333809772042,2.293082190227958,,2.5770880000000003,0.554919999999901,0.5470800000000576,0.012739301721084798,0.00589197920073469
1,0,population_clipped,10000,3.4278289745527846,0.0640587539588477,3.302273816793443,3.553384132312126,3.3152210884353748,3.115860720584531,0.3055015873013882,0.2790571428571611,0.014455681986125544,0.009248154897231613
1,0.25,unweighted,10000,2.25954925,0.01504706807569559,2.2300569965716366,2.2890415034283635,2.2504687500000005,2.6995855000000004,0.5550849999999645,0.5468399999999131,0.013092560131256951,0.006152155016019519
1,0.25,oracle_ipw,10000,7.221803317901236,0.17805171728588431,6.872821952020903,7.57078468378157,6.80685763888889,6.65308040123457,0.026358333333452055,-0.028277777777778117,0.02199210559591072,0.01347488087698264
1,0.25,self_normalized,10000,2.25954925,0.01504706807569559,2.2300569965716366,2.2890415034283635,,2.6995855000000004,0.5550849999999645,0.5468399999999131,0.013092560131256951,0.006152155016019519
1,0.25,population_clipped,10000,3.2451179744583016,0.057038317652606654,3.1333228718591926,3.3569130770574107,3.128185232426303,3.2168017542202074,0.30960476190480146,0.27982103174599243,0.014846270312480035,0.009158786540909897
1,0.5,unweighted,10000,2.401432999999999,0.013620870439320405,2.3747360939389313,2.428129906061067,2.3968749999999996,2.8277079999999994,0.5552499999998108,0.5466000000000867,0.013446996910931161,0.006423696006742435
1,0.5,oracle_ipw,10000,7.585403395061733,0.20790335064543553,7.177912827796679,7.992893962326787,7.102430555555557,7.348195061728399,0.035005555555331025,-0.026355555555560836,0.023695817970673657,0.013160896114941584
1,0.5,self_normalized,10000,2.401432999999999,0.013620870439320405,2.3747360939389313,2.428129906061067,,2.8277079999999994,0.5552499999998108,0.5466000000000867,0.013446996910931161,0.006423696006742435
1,0.5,population_clipped,10000,3.2622451089695135,0.05721436862113249,3.150104946472094,3.374385271466933,3.132638888888888,3.3804742756361805,0.3137079365079516,0.2805849206349392,0.015407864969051216,0.009108408449793213
1,0.75,unweighted,10000,2.6818592499999996,0.01568034012719432,2.651125783350699,2.7125927166493002,2.6817187499999995,2.9614554999999996,0.555415000000334,0.5463599999999516,0.013802521281884467,0.0067052215503743025
1,0.75,oracle_ipw,10000,8.360731095679014,0.2569506979088816,7.857107727777606,8.864354463580423,7.782552083333335,8.31309706790124,0.043652777777824614,-0.024433333333327756,0.02576786269053353,0.012929030053718694
1,0.75,self_normalized,10000,2.6818592499999996,0.01568034012719432,2.651125783350699,2.7125927166493002,,2.9614554999999996,0.555415000000334,0.5463599999999516,0.013802521281884467,0.0067052215503743025
1,0.75,population_clipped,10000,3.47921037808642,0.06550658552312882,3.3508174704610876,3.6076032857117526,3.328582057823129,3.6068782848324523,0.31781111111088256,0.28134880952390506,0.01612260598736643,0.00909766836953983
1,1,unweighted,10000,3.100828,0.020565599282028783,3.0605194254072234,3.1411365745927764,3.1049999999999995,3.100828,0.5555799999996802,0.5461199999999424,0.014159051318270704,0.006995526306063747
1,1,oracle_ipw,10000,9.54778641975309,0.3206673685218565,8.91927837745025,10.176294462055928,8.847222222222225,9.54778641975309,0.05229999999999979,-0.02251111111113019,0.028126954750885426,0.012783751773008674
1,1,self_normalized,10000,3.100828,0.020565599282028783,3.0605194254072234,3.1411365745927764,,3.100828,0.5555799999996802,0.5461199999999424,0.014159051318270704,0.006995526306063747
1,1,population_clipped,10000,3.89601378180902,0.08064410123965572,3.737951343379295,4.054076220238746,3.7160147392290246,3.89601378180902,0.32191428571436553,0.2821126984126606,0.016971155085888243,0.009126706236290045
4,0,unweighted,10000,0.773046,0.007843777831725435,0.7576721954498181,0.7884198045501819,0.7779,1.1262134999999998,0.5677950000000913,0.5601549999999821,0.006367983504916756,0.002908360096918078
4,0,oracle_ipw,10000,2.5010746913580255,0.032349023892190305,2.4376706045293326,2.5644787781867184,2.520833333333333,1.453851080246914,0.007897222222234657,-0.0010361111111111408,0.010000707891067915,0.006736404461436101
4,0,self_normalized,10000,1.5366616550566892,0.0197228967307971,1.4980047774643268,1.5753185326490515,,1.3217712026757371,0.3420581428571896,0.3269865238095113,0.008799503436839665,0.005688975577220784
4,0,population_clipped,10000,1.1877337238599142,0.015154522347590554,1.1580308600586366,1.2174365876611917,1.1981802721088437,0.8907196365583273,0.3078424603175758,0.2996019841270168,0.007093670540532904,0.004506221433843425
4,0.25,unweighted,10000,0.6927429609375001,0.006343917657954724,0.6803088823279089,0.7051770395470913,0.6937593750000002,1.1572282734375001,0.5680462500000703,0.5601924999999499,0.0065438282458477525,0.0030425530718123034
4,0.25,oracle_ipw,10000,2.1267003255208334,0.02757282387773462,2.0726575907204734,2.1807430603211935,2.1499565972222223,1.541164388020834,0.008335416666745088,-0.0010208333333347336,0.010549226483432608,0.006545121828971013
4,0.25,self_normalized,10000,1.326656557023101,0.01612519650355054,1.295051171876142,1.3582619421700601,,1.3653176061302439,0.34249242857148987,0.32687641666661177,0.008979978094471916,0.0057869025670438876
4,0.25,population_clipped,10000,0.9336631543633077,0.011665212907068803,0.9107993370654529,0.9565269716611625,0.9434134956065756,0.9106386007918794,0.30818050595238344,0.2996291666666588,0.007256018332339521,0.0044660980113121855
4,0.5,unweighted,10000,0.7469320937499998,0.006388673949924191,0.7344102928081484,0.7594538946918512,0.7438374999999999,1.1896620937499995,0.5682975000000607,0.5602299999999716,0.006720224283148336,0.0031825074698073434
4,0.5,oracle_ipw,10000,1.9488444347993834,0.02808071987049817,1.893806223853207,2.0038826457455596,1.9748263888888893,1.6917416570216062,0.008773611111094315,-0.0010055555555501944,0.011328400412018737,0.006391449710063671
4,0.5,self_normalized,10000,1.2518691818339003,0.013016057665926718,1.2263577088086839,1.2773806548591167,,1.4108624735005668,0.34292671428574684,0.3267663095237892,0.00916226616629813,0.00589181609257466
4,0.5,population_clipped,10000,0.8274384112614953,0.009867927312452814,0.8080972737290878,0.8467795487939028,0.836128472222222,0.9452460501503843,0.30851855158732877,0.29965634920634276,0.007501409798445882,0.004445592993752484
4,0.75,unweighted,10000,0.9356133984374999,0.008178118363783592,0.9195842864444841,0.9516425104305157,0.928134375,1.2235149609374996,0.5685487500002107,0.5602675000000052,0.006897129318265464,0.003327496394453421
4,0.75,oracle_ipw,10000,1.9675070191936734,0.034413333853467745,1.9000568848408768,2.03495715354647,1.9954427083333335,1.9055828872492289,0.009211805555568109,-0.000990277777775439,0.012294453538538395,0.0062781505229371985
4,0.75,self_normalized,10000,1.3122995294890871,0.011038826825989728,1.2906634289101473,1.333935630068027,,1.4584058047867063,0.34336100000029246,0.3266562023809462,0.009346261547251978,0.006003349878443065
4,0.75,population_clipped,10000,0.869059494554477,0.01088305498614938,0.8477287067816242,0.8903902823273298,0.8763252019557822,0.994541984633842,0.3088565972222379,0.29968353174605483,0.007822033144428784,0.004444977892992658
4,1,unweighted,10000,1.2587868750000002,0.011059629356616635,1.2371100014610317,1.2804637485389687,1.2466499999999998,1.2587868750000002,0.5688000000001097,0.5603050000000112,0.007074505167312851,0.0034768900721704444
4,1,oracle_ipw,10000,2.182688078703704,0.045253064754677004,2.093992071784537,2.2713840856228713,2.2118055555555562,2.182688078703704,0.009650000000000158,-0.0009749999999937586,0.013407049457189108,0.006207435342653495
4,1,self_normalized,10000,1.507947599988662,0.01106028040316182,1.4862694503984648,1.5296257495788592,,1.507947599988662,0.3437952857144029,0.32654609523809386,0.009531865368323456,0.0061211420505736525
4,1,population_clipped,10000,1.0585264042422526,0.01452472557549531,1.030057942114282,1.0869948663702234,1.0640036848072563,1.0585264042422526,0.3091946428572281,0.29971071428571927,0.008209078065423356,0.0044642609305374946
16,0,unweighted,10000,0.40580128125000003,0.0030786645859701804,0.39976709866149845,0.4118354638385016,0.41175,0.75172565625,0.5648387499999987,0.5574937499999982,0.003183517502812388,0.0014334543636736483
16,0,oracle_ipw,10000,1.4185388213734569,0.010857730883691059,1.3972576688414224,1.4398199739054913,1.427083333333333,0.3592120852623459,0.0022798611111110034,-0.0027729166666667264,0.004989099064663482,0.0033215060916812027
16,0,self_normalized,10000,1.2782902189576246,0.011350577632333254,1.2560430867982515,1.3005373511169978,,0.4723889501084184,0.10373101785714978,0.09827339087301591,0.005663929546596954,0.0036223664811522284
16,0,population_clipped,10000,0.6607975680665783,0.005426349996687042,0.6501619220730717,0.6714332140600849,0.6689200680272109,0.3542839271935627,0.303650694444469,0.2973699404761968,0.00352620841729812,0.002220972991793182
16,0.25,unweighted,10000,0.30050012329101566,0.0020887200678964095,0.2964062319579387,0.30459401462409263,0.30458203125000016,0.7593259826660156,0.5649995312499894,0.5572874999999963,0.0032722018391250617,0.001499068392310115
16,0.25,oracle_ipw,10000,0.9779215833122348,0.008272545904995316,0.9617073933384439,0.9941357732860256,0.9857313368055554,0.3830662447705683,0.0025903645833382782,-0.00289236111111104,0.005281896999713185,0.003226532485829065
16,0.25,self_normalized,10000,0.8952682284940509,0.008779284715313898,0.8780608304520356,0.9124756265360661,,0.49006719231473556,0.10380645982142589,0.0979880642361142,0.00578032679827193,0.003682593450349178
16,0.25,population_clipped,10000,0.3902981520864457,0.0037690527049346863,0.3829108087847737,0.3976854953881177,0.39722056140164375,0.3599148838572793,0.3038809895833361,0.2972039930555375,0.0036172831417944596,0.0022002628741563113
16,0.5,unweighted,10000,0.32847211035156243,0.002150960322781799,0.3242562281189101,0.3326879925842148,0.33057812500000006,0.7672777353515623,0.5651603124999989,0.5570812499999998,0.003361160955840792,0.0015675382704552015
16,0.5,oracle_ipw,10000,0.6860806402512539,0.0063752397493239375,0.673585170342579,0.6985761101599288,0.6929253472222223,0.42260355691792073,0.002900868055554673,-0.003011805555554359,0.005686537498713867,0.003150575288742125
16,0.5,self_normalized,10000,0.6458801675451522,0.00641393603388047,0.6333088529187465,0.6584514821715579,,0.5085627537306681,0.10388190178571888,0.09770273759920706,0.005897882871813256,0.0037473201492808287
16,0.5,population_clipped,10000,0.256453254279504,0.002466140042694777,0.25161961979582226,0.26128688876318573,0.26200086805555545,0.3691990504104565,0.3041112847222178,0.2970380456349125,0.0037492557096779,0.0021893707510968
16,0.75,unweighted,10000,0.48971724243164055,0.003343495093430763,0.48316399204851623,0.4962704928147649,0.4897382812500001,0.7755809143066404,0.5653210937499966,0.5568749999999967,0.0034503735994814073,0.0016385060165560513
16,0.75,oracle_ipw,10000,0.5430159921905142,0.0060876335751156386,0.5310842303832876,0.5549477539977409,0.5486653645833333,0.4778240217044032,0.0032113715277810595,-0.003131250000001362,0.006181094393643044,0.0030950348981622256
16,0.75,self_normalized,10000,0.5301260361109285,0.004791922724569806,0.5207338675707717,0.5395182046510852,,0.5278756343562161,0.10395734374996612,0.09741741096230061,0.0060165298414648185,0.0038163176316613734
16,0.75,population_clipped,10000,0.2592628746457532,0.00238938349625986,0.25457968299308387,0.26394606629842254,0.2632609879889456,0.38213642685309446,0.3043415798611071,0.2968720982142762,0.00391799552681597,0.002188443223247405
16,1,unweighted,10000,0.7842355195312499,0.004998492433193305,0.774438474362191,0.7940325647003088,0.7820625000000001,0.7842355195312499,0.5654818750000059,0.5566687499999974,0.0035398206014941648,0.0017116609639964678
16,1,oracle_ipw,10000,0.5487276391300154,0.008163493269469755,0.5327271923218547,0.5647280859381761,0.5529513888888891,0.5487276391300154,0.0035218750000001187,-0.0032506944444450625,0.006745820443216575,0.0030610228673662154
16,1,self_normalized,10000,0.5480058341913796,0.004961590301523839,0.5382811172003928,0.5577305511823664,,0.5480058341913796,0.10403278571429464,0.0971320843253935,0.006136204428280246,0.0038893586121782077
16,1,population_clipped,10000,0.3987270131851932,0.0038674736964213834,0.3911467647402073,0.4063072616301791,0.4010009212018143,0.3987270131851932,0.30457187500002547,0.2967061507936539,0.004118986409628371,0.0021974929083500034
64,0,unweighted,10000,0.31824466796875006,0.0014031928681222422,0.3154944099472305,0.32099492599026963,0.3202125,0.65804685546875,0.5613818750000019,0.5590768750000003,0.0015810315265372566,0.0007305285883610434
64,0,oracle_ipw,10000,1.1568784661940585,0.005112714478669233,1.1468575458158667,1.1668993865722503,1.1536458333333328,0.090828987027392,-0.0016697916666654766,-0.0004197916666667196,0.002506889991171619,0.0016730251591170117
64,0,self_normalized,10000,1.11919150792157,0.0060377256563080295,1.1073575656352062,1.1310254502079338,,0.11523042368709088,0.023225417604249454,0.024176161114035827,0.002897153672486061,0.001737323650643758
64,0,population_clipped,10000,0.5364194522933593,0.0025356353852441556,0.5314496069382808,0.5413892976484378,0.5366050170068026,0.22350479455526437,0.299965029761901,0.29931056547619017,0.0017696458797763007,0.0011236943448711958
64,0.25,unweighted,10000,0.2058110430297852,0.0008283146968268073,0.20418754622400465,0.20743453983556576,0.2072876953125001,0.6599019121704103,0.5614205468749958,0.5589767968749982,0.001625125381520474,0.0007646386676416606
64,0.25,oracle_ipw,10000,0.6973003660037193,0.003931661777103812,0.6895943089205958,0.7050064230868427,0.6946750217013886,0.09669494608184442,-0.0018347656249986244,-0.0005253906250000245,0.0026496217819707395,0.0016277597459108278
64,0.25,self_normalized,10000,0.6742749359555037,0.004631515321986387,0.6651971659244104,0.683352705986597,,0.12041961769971189,0.02317334916369873,0.024109087996422168,0.002962905481880758,0.0017755339435876411
64,0.25,population_clipped,10000,0.2604303651849577,0.0017145362703619921,0.2570698740950482,0.2637908562748672,0.2606723278504108,0.2248408144037081,0.2999091517857069,0.2992079241071416,0.0018149165449923609,0.0011151345221350293
64,0.5,unweighted,10000,0.22629197192382808,0.0008534656160055557,0.2246191793164572,0.22796476453119896,0.22726328125000006,0.6618453703613278,0.561459218750004,0.5588767187500012,0.0016693556341060617,0.0008001046097607696
64,0.5,oracle_ipw,10000,0.37418930973005876,0.0028078154539060442,0.3686859914404029,0.3796926280197146,0.3724500868055556,0.10640682275089221,-0.00199973958334021,-0.0006309895833339213,0.002847459632935817,0.0015916282021672694
64,0.5,self_normalized,10000,0.36233951329066433,0.003222844628450982,0.3560227378189004,0.36865628876242823,,0.1258462977335146,0.02312128072314068,0.024042014878809664,0.0030291879264238842,0.0018162148912478817
64,0.5,population_clipped,10000,0.11806892851130071,0.0009714387667867709,0.11616490852839864,0.11997294849420279,0.11846896701388879,0.2270735230053484,0.29985327380952365,0.2991052827380969,0.0018802443905848157,0.001111267185680061
64,0.75,unweighted,10000,0.3796874546508789,0.0015235082353274095,0.37670137850963714,0.38267353079212063,0.38013925781250013,0.6638772300415038,0.5614978906250045,0.5587766406250012,0.0017137117232146973,0.0008367540271403766
64,0.75,oracle_ipw,10000,0.18754529737307704,0.001837621369287714,0.18394355948927313,0.19114703525688095,0.18697102864583326,0.11996461703453537,-0.0021647135416689167,-0.0007365885416667495,0.0030898365246323284,0.001565263177110512
64,0.75,self_normalized,10000,0.1833852399270515,0.001956308234581738,0.1795508757872713,0.1872196040668317,,0.13151046378849907,0.02306921228257086,0.023974941761196245,0.0030959669247424184,0.001859204320714154
64,0.75,population_clipped,10000,0.10933514227238797,0.0007395429006629395,0.10788563818708861,0.11078464635768732,0.10999493449723646,0.23020292036018564,0.29979739583332465,0.2990026413690471,0.0019636285924087603,0.0011121412892395447
64,1,unweighted,10000,0.6659974912109373,0.002388143940486816,0.6613167290875832,0.6706782533342914,0.6659156250000001,0.6659974912109373,0.5615365625000073,0.5586765624999975,0.0017581841249276406,0.0008744381271298886
64,1,oracle_ipw,10000,0.13736832893277393,0.0017787983822849674,0.13388188410349539,0.14085477376205247,0.13823784722222227,0.13736832893277393,-0.002329687500000066,-0.0008421875000001466,0.0033671480143814304,0.0015491633966303628
64,1,self_normalized,10000,0.1374121158646652,0.001541343609009327,0.13439108239100692,0.1404331493383235,,0.1374121158646652,0.02301714384204523,0.023907868643581853,0.0031632110285403714,0.0019043459007614006
64,1,population_clipped,10000,0.23422900646821962,0.0014589030724043253,0.23136955644630713,0.2370884564901321,0.23525023030045378,0.23422900646821962,0.29974151785713365,0.2988999999999995,0.0020628807302133676,0.0011177457091144022
256,0,unweighted,10000,0.2971344749755859,0.0006929449720160638,0.29577630283043443,0.2984926471207374,0.297328125,0.635290842163086,0.5603371093749987,0.559964296875,0.0008035286389269336,0.0003601867435995145
256,0,oracle_ipw,10000,1.0860550155451267,0.0025168086673724743,1.0811220705570768,1.0909879605331767,1.0852864583333328,0.02255291051040462,-0.0003361545138839128,-0.0006595920138889479,0.0012471378886773326,0.0008367250908732296
256,0,self_normalized,10000,1.0773207055445615,0.0030935556509582933,1.0712573364686833,1.0833840746204397,,0.028080704426715248,0.005269378919611656,0.005442482085854776,0.0014475027051440693,0.0008410397885519613
256,0,population_clipped,10000,0.5034115176484636,0.0012444070151651616,0.5009724798987398,0.5058505553981874,0.5035262542517006,0.19079787987564648,0.30002452256944845,0.29967463417658646,0.0008862050800245872,0.0005590870113737363
256,0.25,unweighted,10000,0.18294196254062656,0.0003804460756240349,0.18219628823240344,0.18368763684884967,0.1829641113281251,0.6358086397867204,0.5603537792968796,0.5599793554687514,0.0008258287233288093,0.00037633709399584694
256,0.25,oracle_ipw,10000,0.6221122983346749,0.0019423435591259014,0.6183053049587881,0.6259192917105616,0.6219109429253469,0.02392937597139383,-0.00019327799478996432,-0.0006313476562501003,0.0013166985523426628,0.0008120580257007326
256,0.25,self_normalized,10000,0.617109514335327,0.00237162877948096,0.6124611219275443,0.6217579067431097,,0.029380802895169717,0.005260408915812809,0.005431800496306011,0.0014808910359639736,0.0008600102667126232
256,0.25,population_clipped,10000,0.2262869686853256,0.0008306127001328562,0.2246589677930652,0.227914969577586,0.22653526946260252,0.19116633182706702,0.30009978841145735,0.2996958147321435,0.0009071496553000684,0.0005532442031361011
256,0.5,unweighted,10000,0.20160411221694943,0.0003876599994415236,0.20084429861804404,0.20236392581585483,0.2014345703125001,0.6363481649513244,0.5603704492187482,0.5599944140624982,0.0008481968074527303,0.00039317637216036385
256,0.5,oracle_ipw,10000,0.2921105999334358,0.001370559126139319,0.28942430404620273,0.29479689582066887,0.2923312717013889,0.026284422633088677,-5.040147569790321e-05,-0.0006031032986109491,0.0014147671018108331,0.0007918980681900705
256,0.5,self_normalized,10000,0.2897580437506218,0.0016255929097898348,0.28657188164743375,0.29294420585380987,,0.030739762389335186,0.005251438912013295,0.005421118906757616,0.0015145294079035266,0.0008802199475656462
256,0.5,population_clipped,10000,0.08228207508814246,0.0004423542940125449,0.08141506067187787,0.08314908950440705,0.08258599175347213,0.19176137816353936,0.30017505425347046,0.2997169952876997,0.0009383693440763327,0.0005497135768923787
256,0.75,unweighted,10000,0.3531209240045547,0.0007445331759191235,0.3516616389797532,0.35458020902935616,0.3527395019531251,0.6369094176568982,0.5603871191406169,0.5600094726562483,0.0008706276501869842,0.00041061982926870517
256,0.75,oracle_ipw,10000,0.09604992034140927,0.0007728772984983766,0.09453508083635245,0.09756475984646609,0.09654744466145823,0.029618050495489153,9.247504339682244e-05,-0.0005748589409712845,0.0015358924237229106,0.000776596302844275
256,0.75,self_normalized,10000,0.09526629379044585,0.0008757962469805933,0.09354973314636389,0.09698285443452781,,0.03215758290921164,0.005242468908223996,0.005410437317209665,0.0015484015249339778,0.0009015855021303213
256,0.75,population_clipped,10000,0.07139683685691395,0.0002911392566394745,0.07082620391390058,0.07196746979992731,0.07167842112430917,0.19258301888506377,0.30025032009548314,0.2997381758432542,0.0009788815200191634,0.0005485397809048652
256,1,unweighted,10000,0.6374923979034423,0.0011907717079883173,0.6351584853557851,0.6398263104510994,0.6368789062500001,0.6374923979034423,0.5604037890624953,0.5600245312499992,0.0008931165229499494,0.0004285937027158304
256,1,oracle_ipw,10000,0.03393025955859526,0.0004294342798103667,0.03308856837016694,0.03477195074702358,0.034559461805555566,0.03393025955859526,0.0002353515624999858,-0.0005466145833342706,0.0016750802465526535,0.0007664437609307447
256,1,self_normalized,10000,0.03363426445479909,0.00038820089483905204,0.03287339070091455,0.03439513820868363,,0.03363426445479909,0.005233498904449796,0.005399755727660882,0.001582492377687246,0.0009240267547687459
256,1,population_clipped,10000,0.19363125399164013,0.0006666103932320565,0.19232469762090532,0.19493781036237495,0.19381255757511365,0.19363125399164013,0.30032558593750647,0.29975935639881013,0.0010275877140708592,0.000549737912236124
