split,mechanism,alpha,method,sample_size,target,squared_bias,trace_variance,exact_mse,mc_mean_squared_error,mc_standard_error
diagnostic,edit,0.0,unweighted,64,full_alpha1_population_gradient,0.00016795011486570263,0.00011473622495143246,0.0002826863398171351,0.00028055798892164267,2.059260054876036e-06
diagnostic,edit,0.0,oracle_ipw,64,full_alpha1_population_gradient,0.00013319102717645226,4.716453692536747e-05,0.00018035556410181972,0.00017968894488818246,6.595782130455219e-07
diagnostic,edit,0.05,unweighted,64,full_alpha1_population_gradient,0.00015505095103311435,0.00011476512659049967,0.000269816077623614,0.0002676204791382844,2.0291628793674455e-06
diagnostic,edit,0.05,oracle_ipw,64,full_alpha1_population_gradient,0.00012020490202674814,4.749309122745001e-05,0.00016769799325419815,0.00016697281219296163,6.450176190999472e-07
diagnostic,edit,0.1,unweighted,64,full_alpha1_population_gradient,0.00014278837791689862,0.00011522274523186445,0.00025801112314876304,0.0002557569819708011,2.002080614243276e-06
diagnostic,edit,0.1,oracle_ipw,64,full_alpha1_population_gradient,0.00010788473201292628,4.860239119011612e-05,0.0001564871232030424,0.0001557202239242863,6.379177568713112e-07
diagnostic,edit,0.15000000000000002,unweighted,64,full_alpha1_population_gradient,0.00013116239551705554,0.00011610908087552688,0.0002472714763925824,0.000244967497419193,1.977761861058323e-06
diagnostic,edit,0.15000000000000002,oracle_ipw,64,full_alpha1_population_gradient,9.623051713498672e-05,5.0492436813365823e-05,0.00014672295394835256,0.00014593118008215638,6.345884041495356e-07
diagnostic,edit,0.2,unweighted,64,full_alpha1_population_gradient,0.00012017300383358502,0.00011742413352148686,0.00023759713735507188,0.00023525202548346007,1.956001270890352e-06
diagnostic,edit,0.2,oracle_ipw,64,full_alpha1_population_gradient,8.524225739292942e-05,5.316322809719909e-05,0.00013840548549012851,0.00013760568066657192,6.324463298932516e-07
diagnostic,edit,0.25,unweighted,64,full_alpha1_population_gradient,0.00010982020286648704,0.00011916790316974448,0.0002289881060362315,0.00022661056616360236,1.9366452813915173e-06
diagnostic,edit,0.25,oracle_ipw,64,full_alpha1_population_gradient,7.491995278675437e-05,5.661476504161591e-05,0.00013153471782837028,0.0001307437256775329,6.301688613867155e-07
diagnostic,edit,0.30000000000000004,unweighted,64,full_alpha1_population_gradient,0.00010010399261576165,0.00012134038982029974,0.0002214443824360614,0.0002190431194596198,1.919597057812222e-06
diagnostic,edit,0.30000000000000004,oracle_ipw,64,full_alpha1_population_gradient,6.526360331646161e-05,6.08470476466163e-05,0.0001261106509630779,0.0001253453151150393,6.277397553556653e-07
diagnostic,edit,0.35000000000000003,unweighted,64,full_alpha1_population_gradient,9.102437308140884e-05,0.00012394159347315256,0.0002149659665545614,0.0002125496853715124,1.9048205874405782e-06
diagnostic,edit,0.35000000000000003,oracle_ipw,64,full_alpha1_population_gradient,5.627320898205106e-05,6.586007591220028e-05,0.00012213328489425133,0.00012141044897909115,6.264730774235636e-07
diagnostic,edit,0.4,unweighted,64,full_alpha1_population_gradient,8.258134426342864e-05,0.00012697151412830303,0.00020955285839173167,0.0002071302638992802,1.8923438608951998e-06
diagnostic,edit,0.4,oracle_ipw,64,full_alpha1_population_gradient,4.7948769783522796e-05,7.165384983836788e-05,0.00011960261962189067,0.00011893912726968846,6.290144350179696e-07
diagnostic,edit,0.45,unweighted,64,full_alpha1_population_gradient,7.477490616182097e-05,0.00013043015178575113,0.0002052050579475721,0.00020278485504292312,1.8822610397131414e-06
diagnostic,edit,0.45,oracle_ipw,64,full_alpha1_population_gradient,4.02902857208768e-05,7.822836942511898e-05,0.00011851865514599577,0.00011793134998683116,6.392237678368792e-07
diagnostic,edit,0.5,unweighted,64,full_alpha1_population_gradient,6.760505877658587e-05,0.00013431750644549682,0.00020192256522208268,0.0001995134588024412,1.8747334629051886e-06
diagnostic,edit,0.5,oracle_ipw,64,full_alpha1_population_gradient,3.3297756794113064e-05,8.55836346724537e-05,0.00011888139146656675,0.00011838711713051933,6.617820571646736e-07
diagnostic,edit,0.55,unweighted,64,full_alpha1_population_gradient,6.107180210772337e-05,0.00013863357810754012,0.0001997053802152635,0.0001973160751778345,1.8699892940372561e-06
diagnostic,edit,0.55,oracle_ipw,64,full_alpha1_population_gradient,2.6971183003231567e-05,9.371964558037197e-05,0.00012069082858360354,0.00012030642870075295,7.014366782759268e-07
diagnostic,edit,0.6000000000000001,unweighted,64,full_alpha1_population_gradient,5.517513615523343e-05,0.000143378366771881,0.00019855350292711445,0.0001961927041691029,1.8683215667875935e-06
diagnostic,edit,0.6000000000000001,oracle_ipw,64,full_alpha1_population_gradient,2.131056434823235e-05,0.00010263640214887381,0.00012394696649710617,0.000123689284697532,7.620729160718113e-07
diagnostic,edit,0.65,unweighted,64,full_alpha1_population_gradient,4.991506091911606e-05,0.00014855187243851956,0.00019846693335763563,0.00019614334577624653,1.8700843659047183e-06
diagnostic,edit,0.65,oracle_ipw,64,full_alpha1_population_gradient,1.6315900829115406e-05,0.00011233390437795924,0.00012864980520707465,0.0001285356851208565,8.460617325097953e-07
diagnostic,edit,0.7000000000000001,unweighted,64,full_alpha1_population_gradient,4.529157639937129e-05,0.0001541540951074557,0.000199445671506827,0.00019716799999926532,1.8756868992049112e-06
diagnostic,edit,0.7000000000000001,oracle_ipw,64,full_alpha1_population_gradient,1.1987192445880694e-05,0.00012281215226762825,0.00013479934471350894,0.0001348456299707264,9.542089329571075e-07
diagnostic,edit,0.75,unweighted,64,full_alpha1_population_gradient,4.13046825959991e-05,0.00016018503477868945,0.00020148971737468855,0.00019926666683815923,1.885585291185561e-06
diagnostic,edit,0.75,oracle_ipw,64,full_alpha1_population_gradient,8.324439198528266e-06,0.00013407114581788078,0.00014239558501640906,0.00014261911924714178,1.0861899482292048e-06
diagnostic,edit,0.8,unweighted,64,full_alpha1_population_gradient,3.795437950899947e-05,0.0001666446914522208,0.00020459907096122027,0.00020243934629292836,1.9002720711507527e-06
diagnostic,edit,0.8,oracle_ipw,64,full_alpha1_population_gradient,5.327641087058087e-06,0.00014611088502871695,0.00015143852611577505,0.0001518561529501026,1.2411037263556808e-06
diagnostic,edit,0.8500000000000001,unweighted,64,full_alpha1_population_gradient,3.524066713837242e-05,0.00017353306512804976,0.00020877373226642218,0.00020668603836357263,1.9202635381715764e-06
diagnostic,edit,0.8500000000000001,oracle_ipw,64,full_alpha1_population_gradient,2.9967981114701743e-06,0.0001589313699001367,0.0001619281680116069,0.00016255673107960883,1.4178878630563075e-06
diagnostic,edit,0.9,unweighted,64,full_alpha1_population_gradient,3.3163545484117946e-05,0.00018085015580617634,0.0002140137012902943,0.0002120067430500921,1.9460854441443056e-06
diagnostic,edit,0.9,oracle_ipw,64,full_alpha1_population_gradient,1.3319102717645226e-06,0.00017253260043213997,0.0001738645107039045,0.00017472085363566054,1.6155427627134304e-06
diagnostic,edit,0.9500000000000001,unweighted,64,full_alpha1_population_gradient,3.1723014546236036e-05,0.00018859596348660057,0.0002203189780328366,0.0002184014603524867,1.978257707015812e-06
diagnostic,edit,0.9500000000000001,oracle_ipw,64,full_alpha1_population_gradient,3.329775679411309e-07,0.00018691457662472686,0.000187247554192668,0.00018834852061825762,1.8332180541492565e-06
diagnostic,edit,1.0,unweighted,64,full_alpha1_population_gradient,3.091907432472671e-05,0.00019677048816932235,0.00022768956249404905,0.00022587019027075648,2.0172790948214326e-06
diagnostic,edit,1.0,oracle_ipw,64,full_alpha1_population_gradient,4.312314976198034e-37,0.00020207729847789726,0.00020207729847789726,0.00020343973202740018,2.0702256438670403e-06
diagnostic,length,0.0,unweighted,64,full_alpha1_population_gradient,0.0001327181814167949,6.335390147829338e-05,0.0001960720828950883,0.00019634848899629265,9.832449721171424e-07
diagnostic,length,0.0,oracle_ipw,64,full_alpha1_population_gradient,0.00013319102717645226,7.615714177943775e-05,0.00020934816895589,0.00020983862999382868,1.3311801829997976e-06
diagnostic,length,0.05,unweighted,64,full_alpha1_population_gradient,0.00012029244979533884,6.34775704327095e-05,0.00018377002022804833,0.0001840904469914701,9.583146638288219e-07
diagnostic,length,0.05,oracle_ipw,64,full_alpha1_population_gradient,0.00012020490202674814,7.631899698911817e-05,0.0001965238990158663,0.0001970999604302598,1.3048744961288937e-06
diagnostic,length,0.1,unweighted,64,full_alpha1_population_gradient,0.00010848821006746265,6.406111240448541e-05,0.00017254932247194805,0.00017290420513408223,9.362012580516228e-07
diagnostic,length,0.1,oracle_ipw,64,full_alpha1_population_gradient,0.00010788473201292628,7.70332864254702e-05,0.0001849180184383965,0.00018556377551112068,1.2821788969690066e-06
diagnostic,length,0.15000000000000002,unweighted,64,full_alpha1_population_gradient,9.730546223316633e-05,6.510452739362105e-05,0.0001624099896267874,0.0001627897634241291,9.165510641194428e-07
diagnostic,length,0.15000000000000002,oracle_ipw,64,full_alpha1_population_gradient,9.623051713498672e-05,7.830001008849381e-05,0.00017453052722348053,0.00017523007523641138,1.2625514889510382e-06
diagnostic,length,0.2,unweighted,64,full_alpha1_population_gradient,8.674420629244985e-05,6.660781540011648e-05,0.00015335202169256633,0.00015374712186161065,8.99062150822755e-07
diagnostic,length,0.2,oracle_ipw,64,full_alpha1_population_gradient,8.524225739292942e-05,8.011916797818908e-05,0.0001653614253711185,0.00016609885960613185,1.2455465601192926e-06
diagnostic,length,0.25,unweighted,64,full_alpha1_population_gradient,7.68044422453132e-05,6.857097642397165e-05,0.00014537541866928484,0.00014577628044652694,8.834980929502194e-07
diagnostic,length,0.25,oracle_ipw,64,full_alpha1_population_gradient,7.491995278675437e-05,8.249076009455596e-05,0.00015741071288131032,0.00015817012862028213,1.2308327300246616e-06
diagnostic,length,0.30000000000000004,unweighted,64,full_alpha1_population_gradient,6.748617009175645e-05,7.099401046518661e-05,0.00013848018055694306,0.00013887723917887793,8.69700200770335e-07
diagnostic,length,0.30000000000000004,oracle_ipw,64,full_alpha1_population_gradient,6.526360331646161e-05,8.541478643759446e-05,0.00015067838975405608,0.00015144388227886219,1.2182077680999078e-06
diagnostic,length,0.35000000000000003,unweighted,64,full_alpha1_population_gradient,5.878938983177954e-05,7.387691752376131e-05,0.00013266630735554085,0.00013304999805866362,8.575980608294707e-07
diagnostic,length,0.35000000000000003,oracle_ipw,64,full_alpha1_population_gradient,5.627320898205106e-05,8.889124700730458e-05,0.00014516445598935563,0.00014592012058187206,1.2076102372518407e-06
diagnostic,length,0.4,unweighted,64,full_alpha1_population_gradient,5.0714101465382485e-05,7.72196975996958e-05,0.0001279337990650783,0.00012829455708588406,8.472181996910657e-07
diagnostic,length,0.4,oracle_ipw,64,full_alpha1_population_gradient,4.7948769783522796e-05,9.292014180368634e-05,0.00014086891158720914,0.00014159884352931174,1.199127996134997e-06
diagnostic,length,0.45,unweighted,64,full_alpha1_population_gradient,4.32603049925653e-05,8.102235069299003e-05,0.00012428265568555533,0.00012461091626053916,8.386905222204683e-07
diagnostic,length,0.45,oracle_ipw,64,full_alpha1_population_gradient,4.02902857208768e-05,9.750147082673971e-05,0.0001377917565476165,0.00013848005112118117,1.1930032497583468e-06
diagnostic,length,0.5,unweighted,64,full_alpha1_population_gradient,3.6428000413327945e-05,8.528487680364402e-05,0.00012171287721697197,0.000121999075582629,8.322518879318086e-07
diagnostic,length,0.5,oracle_ipw,64,full_alpha1_population_gradient,3.3297756794113064e-05,0.00010263523407646468,0.00013593299087057774,0.0001365637433574804,1.1896333416991087e-06
diagnostic,length,0.55,unweighted,64,full_alpha1_population_gradient,3.021718772767044e-05,9.000727593165779e-05,0.00012022446365932824,0.00012045903505215356,8.282458286108073e-07
diagnostic,length,0.55,oracle_ipw,64,full_alpha1_population_gradient,2.6971183003231563e-05,0.0001083214315528613,0.00013529261455609286,0.0001358499202382094,1.1895659506308335e-06
diagnostic,length,0.6000000000000001,unweighted,64,full_alpha1_population_gradient,2.46278669355928e-05,9.518954807703135e-05,0.00011981741501262416,0.0001199907946691128,8.271170887603837e-07
diagnostic,length,0.6000000000000001,oracle_ipw,64,full_alpha1_population_gradient,2.1310564348232345e-05,0.00011456006325592953,0.00013587062760416188,0.00013633858176336825,1.1934869695815052e-06
diagnostic,length,0.65,unweighted,64,full_alpha1_population_gradient,1.966003803709502e-05,0.00010083169323976462,0.00012049173127685965,0.00012059435443350677,8.293995621661441e-07
diagnostic,length,0.65,oracle_ipw,64,full_alpha1_population_gradient,1.6315900829115406e-05,0.0001213511291856694,0.0001376670300147848,0.00013802972793295688,1.2021993520496434e-06
diagnostic,length,0.7000000000000001,unweighted,64,full_alpha1_population_gradient,1.5313701032177086e-05,0.0001069337114198577,0.0001222474124520348,0.00012226971434533545,8.356965219244397e-07
diagnostic,length,0.7000000000000001,oracle_ipw,64,full_alpha1_population_gradient,1.1987192445880694e-05,0.00012869462934208092,0.0001406818217879616,0.00014092335874697532,1.2165918663462608e-06
diagnostic,length,0.75,unweighted,64,full_alpha1_population_gradient,1.1588855920839018e-05,0.00011349560261731051,0.00012508445853814953,0.00012501687440459884,8.466529830300489e-07
diagnostic,length,0.75,oracle_ipw,64,full_alpha1_population_gradient,8.324439198528266e-06,0.00013659056372516398,0.00014491500292369226,0.0001450194742054235,1.2375981675822784e-06
diagnostic,length,0.8,unweighted,64,full_alpha1_population_gradient,8.485502703080796e-06,0.00012051736683212312,0.00012900286953520393,0.00012883583461129698,8.629216059586208e-07
diagnostic,length,0.8,oracle_ipw,64,full_alpha1_population_gradient,5.327641087058085e-06,0.00014503893233491866,0.00015036657342197676,0.00015031807430830152,1.2661487543721393e-06
diagnostic,length,0.8500000000000001,unweighted,64,full_alpha1_population_gradient,6.003641378902431e-06,0.00012799900406429543,0.00013400264544319787,0.00013372659496542976,8.851254322935092e-07
diagnostic,length,0.8500000000000001,oracle_ipw,64,full_alpha1_population_gradient,2.9967981114701726e-06,0.00015403973517134507,0.00015703653328281525,0.00015681915905560928,1.303120687341425e-06
diagnostic,length,0.9,unweighted,64,full_alpha1_population_gradient,4.1432719483039265e-06,0.00013594051431382759,0.00014008378626213151,0.00013968915546699735,9.138222807728928e-07
diagnostic,length,0.9,oracle_ipw,64,full_alpha1_population_gradient,1.331910271764523e-06,0.000163592972234443,0.0001649248825062075,0.00016452272844734688,1.349291527692981e-06
diagnostic,length,0.9500000000000001,unweighted,64,full_alpha1_population_gradient,2.9043944112852695e-06,0.00014434189758071945,0.0001472462919920047,0.00014672351611599955,9.49476057595662e-07
diagnostic,length,0.9500000000000001,oracle_ipw,64,full_alpha1_population_gradient,3.329775679411305e-07,0.0001736986435242126,0.00017403162109215376,0.00017342878248351423,1.4053039546569366e-06
diagnostic,length,1.0,unweighted,64,full_alpha1_population_gradient,2.287008767846472e-06,0.0001532031538649711,0.00015549016263281755,0.00015482967691243652,9.924391184438745e-07
diagnostic,length,1.0,oracle_ipw,64,full_alpha1_population_gradient,9.49380830618835e-38,0.0001843567490406538,0.0001843567490406538,0.00018353732116411142,1.4716456431545732e-06
diagnostic,edit_length,0.0,unweighted,64,full_alpha1_population_gradient,0.00013986943340878872,8.31446763020131e-05,0.0002230141097108018,0.00022179637522009923,1.2937037559486146e-06
diagnostic,edit_length,0.0,oracle_ipw,64,full_alpha1_population_gradient,0.00013319102717645226,5.7774782769484796e-05,0.00019096580994593706,0.00019030384645149555,8.025269464859904e-07
diagnostic,edit_length,0.05,unweighted,64,full_alpha1_population_gradient,0.00012729415071098153,8.323152883100767e-05,0.0002105256795419892,0.00020929372024976596,1.2660859572484706e-06
diagnostic,edit_length,0.05,oracle_ipw,64,full_alpha1_population_gradient,0.00012020490202674814,5.798001874164528e-05,0.0001781849207683934,0.00017745924527292917,7.830309421042568e-07
diagnostic,edit_length,0.1,unweighted,64,full_alpha1_population_gradient,0.00011533365325838532,8.376650948318552e-05,0.00019910016274157083,0.00019786050367218838,1.2416942566385326e-06
diagnostic,edit_length,0.1,oracle_ipw,64,full_alpha1_population_gradient,0.00010788473201292628,5.876600201711864e-05,0.00016665073403004493,0.00016587246689492332,7.680984897917902e-07
diagnostic,edit_length,0.15000000000000002,unweighted,64,full_alpha1_population_gradient,0.00010398794105099998,8.474961825854668e-05,0.00018873755930954667,0.0001874967254873666,1.2202173958645476e-06
diagnostic,edit_length,0.15000000000000002,oracle_ipw,64,full_alpha1_population_gradient,9.623051713498672e-05,6.013273259590495e-05,0.00015636324973089167,0.000155543511317478,7.565662232211682e-07
diagnostic,edit_length,0.2,unweighted,64,full_alpha1_population_gradient,9.32570140888256e-05,8.61808551570911e-05,0.00017943786924591668,0.00017820238569530057,1.201393151775211e-06
diagnostic,edit_length,0.2,oracle_ipw,64,full_alpha1_population_gradient,8.524225739292942e-05,6.208021047800415e-05,0.0001473224678709336,0.00014647237854059324,7.475101049373322e-07
diagnostic,edit_length,0.25,unweighted,64,full_alpha1_population_gradient,8.314087237186208e-05,8.806022017881887e-05,0.00017120109255068093,0.0001699774842959903,1.1850189939807499e-06
diagnostic,edit_length,0.25,oracle_ipw,64,full_alpha1_population_gradient,7.491995278675437e-05,6.460843566341626e-05,0.0001395283884501706,0.00013865906856426902,7.403022371320385e-07
diagnostic,edit_length,0.30000000000000004,unweighted,64,full_alpha1_population_gradient,7.363951590010949e-05,9.038771332372989e-05,0.00016402722922383937,0.00016282202128943578,1.1709613474204686e-06
diagnostic,edit_length,0.30000000000000004,oracle_ipw,64,full_alpha1_population_gradient,6.526360331646161e-05,6.771740815214129e-05,0.0001329810114686029,0.00013210358138850538,7.34648861063058e-07
diagnostic,edit_length,0.35000000000000003,unweighted,64,full_alpha1_population_gradient,6.475294467356776e-05,9.316333459182423e-05,0.00015791627926539198,0.00015673599667563706,1.1591632487501005e-06
diagnostic,edit_length,0.35000000000000003,oracle_ipw,64,full_alpha1_population_gradient,5.627320898205106e-05,7.140712794417922e-05,0.00012768033692623027,0.00012680591701330225,7.306143521298807e-07
diagnostic,edit_length,0.4,unweighted,64,full_alpha1_population_gradient,5.6481158692236974e-05,9.638708398310187e-05,0.00015286824267533885,0.0001517194104545941,1.149650182967373e-06
diagnostic,edit_length,0.4,oracle_ipw,64,full_alpha1_population_gradient,4.79487697835228e-05,7.567759503953007e-05,0.00012362636482305287,0.00012276607543865964,7.286335535146501e-07
diagnostic,edit_length,0.45,unweighted,64,full_alpha1_population_gradient,4.882415795611708e-05,0.00010005896149756281,0.0001488831194536799,0.00014777226262630686,1.142533824287019e-06
diagnostic,edit_length,0.45,oracle_ipw,64,full_alpha1_population_gradient,4.02902857208768e-05,8.052880943819383e-05,0.00012081909515907063,0.00011998405666457757,7.29509970622527e-07
diagnostic,edit_length,0.5,unweighted,64,full_alpha1_population_gradient,4.17819424652081e-05,0.00010417896713520702,0.0001459609096004151,0.00014489455319077543,1.1380132991712743e-06
diagnostic,edit_length,0.5,oracle_ipw,64,full_alpha1_population_gradient,3.3297756794113064e-05,8.596077114017046e-05,0.00011925852793428352,0.00011845986069105608,7.343918609929222e-07
diagnostic,edit_length,0.55,unweighted,64,full_alpha1_population_gradient,3.535451221951004e-05,0.00010874710089603456,0.0001441016131155446,0.00014308628214799974,1.1363734737803855e-06
diagnostic,edit_length,0.55,oracle_ipw,64,full_alpha1_population_gradient,2.6971183003231567e-05,9.197348014546003e-05,0.0001189446631486916,0.00011819348751809513,7.447146430215564e-07
diagnostic,edit_length,0.6000000000000001,unweighted,64,full_alpha1_population_gradient,2.9541867219022868e-05,0.00011376336278004539,0.00014330522999906825,0.00014234744949797985,1.1379796950381583e-06
diagnostic,edit_length,0.6000000000000001,oracle_ipw,64,full_alpha1_population_gradient,2.131056434823235e-05,9.856693645406253e-05,0.00011987750080229487,0.00011918493714569472,7.621000394339165e-07
diagnostic,edit_length,0.65,unweighted,64,full_alpha1_population_gradient,2.434400746374661e-05,0.00011922775278723949,0.0001435717602509861,0.00014267805524071568,1.1432684498327102e-06
diagnostic,edit_length,0.65,oracle_ipw,64,full_alpha1_population_gradient,1.6315900829115403e-05,0.0001057411400659779,0.0001220570408950933,0.00012143420957385487,7.882133462864662e-07
diagnostic,edit_length,0.7000000000000001,unweighted,64,full_alpha1_population_gradient,1.9760932953681246e-05,0.0001251402709176169,0.00014490120387129817,0.00014407809937620725,1.1527336171147828e-06
diagnostic,edit_length,0.7000000000000001,oracle_ipw,64,full_alpha1_population_gradient,1.1987192445880694e-05,0.00011349609098120621,0.0001254832834270869,0.00012494130480257554,8.245989694090421e-07
diagnostic,edit_length,0.75,unweighted,64,full_alpha1_population_gradient,1.5792643688826803e-05,0.00013150091717117763,0.00014729356086000444,0.0001465475819044546,1.1669084150126565e-06
diagnostic,edit_length,0.75,oracle_ipw,64,full_alpha1_population_gradient,8.324439198528266e-06,0.00012183178919974739,0.00013015622839827567,0.00012970622283185675,8.725314424145308e-07
diagnostic,edit_length,0.8,unweighted,64,full_alpha1_population_gradient,1.2439139669183251e-05,0.00013830969154792166,0.0001507488312171049,0.00015008650282545777,1.186343773539665e-06
diagnostic,edit_length,0.8,oracle_ipw,64,full_alpha1_population_gradient,5.327641087058087e-06,0.00013074823472160153,0.00013607587580865963,0.0001357289636616985,9.329208584608307e-07
diagnostic,edit_length,0.8500000000000001,unweighted,64,full_alpha1_population_gradient,9.700420894750617e-06,0.00014556659404784894,0.00015526701494259957,0.00015469486213921663,1.211584590310623e-06
diagnostic,edit_length,0.8500000000000001,oracle_ipw,64,full_alpha1_population_gradient,2.996798111470174e-06,0.00014024542754676855,0.00014324222565823873,0.00014300952729210084,1.0062927695386784e-06
diagnostic,edit_length,0.9,unweighted,64,full_alpha1_population_gradient,7.576487365528888e-06,0.00015327162467095956,0.00016084811203648846,0.0001603726598457313,1.2431459631721533e-06
diagnostic,edit_length,0.9,oracle_ipw,64,full_alpha1_population_gradient,1.3319102717645228e-06,0.00015032336767524846,0.00015165527794701298,0.00015154791372306366,1.0928341896865426e-06
diagnostic,edit_length,0.9500000000000001,unweighted,64,full_alpha1_population_gradient,6.0673390815180616e-06,0.00016142478341725345,0.0001674921224987715,0.0001671198959450017,1.2814918146549355e-06
diagnostic,edit_length,0.9500000000000001,oracle_ipw,64,full_alpha1_population_gradient,3.3297756794113044e-07,0.00016098205510704132,0.00016131503267498247,0.00016134412295458706,1.1924775060077444e-06
diagnostic,edit_length,1.0,unweighted,64,full_alpha1_population_gradient,5.172976042718142e-06,0.00017002607028673063,0.00017519904632944878,0.00017493657043702788,1.3270181597676351e-06
diagnostic,edit_length,1.0,oracle_ipw,64,full_alpha1_population_gradient,2.3126451399210708e-37,0.0001722214898421471,0.0001722214898421471,0.00017239815498667102,1.304991650432133e-06
reporting,edit,0.0,unweighted,64,full_alpha1_population_gradient,0.00014995185927620943,0.0001179333043901346,0.00026788516366634403,0.0002680248636938773,1.6642782723941455e-06
reporting,edit,0.0,oracle_ipw,64,full_alpha1_population_gradient,0.00013271537946129842,5.177874744064269e-05,0.0001844941269019411,0.00018344866138042103,6.866124639104338e-07
reporting,edit,0.05,unweighted,64,full_alpha1_population_gradient,0.0001374964287811272,0.00011788684490001832,0.00025538327368114554,0.0002556514923886602,1.6398164175467696e-06
reporting,edit,0.05,oracle_ipw,64,full_alpha1_population_gradient,0.00011977562996382177,5.204861052763587e-05,0.00017182424049145764,0.00017098873454574114,6.695870581896024e-07
reporting,edit,0.1,unweighted,64,full_alpha1_population_gradient,0.00012568121621881888,0.0001182784820003917,0.00024395969821921058,0.0002443620128846459,1.618659392086948e-06
reporting,edit,0.1,oracle_ipw,64,full_alpha1_population_gradient,0.00010749945736365165,5.3122083026766096e-05,0.00016062154039041775,0.0001599809528061702,6.583561614486273e-07
reporting,edit,0.15000000000000002,unweighted,64,full_alpha1_population_gradient,0.00011450622158928456,0.00011910821569125472,0.0002336144372805393,0.00023415642518183444,1.6006022293232967e-06
reporting,edit,0.15000000000000002,oracle_ipw,64,full_alpha1_population_gradient,9.588686166078809e-05,5.499916493803336e-05,0.00015088602659882143,0.00015042531616170818,6.50035649965642e-07
reporting,edit,0.2,unweighted,64,full_alpha1_population_gradient,0.00010397144489252432,0.00012037604597260735,0.00022434749086513168,0.0002250347292802257,1.585475529525883e-06
reporting,edit,0.2,oracle_ipw,64,full_alpha1_population_gradient,8.493784285523094e-05,5.767985626143768e-05,0.00014261769911666863,0.00014232182461235504,6.426921841308837e-07
reporting,edit,0.25,unweighted,64,full_alpha1_population_gradient,9.407688612853803e-05,0.0001220819728444496,0.00021615885897298761,0.00021699692517981978,1.5731507671155783e-06
reporting,edit,0.25,oracle_ipw,64,full_alpha1_population_gradient,7.465240094698033e-05,6.116415699697901e-05,0.00013581655794395935,0.00013567047815811088,6.354790647597442e-07
reporting,edit,0.30000000000000004,unweighted,64,full_alpha1_population_gradient,8.482254529732574e-05,0.0001242259963067815,0.00020904854160410725,0.00021004301288061658,1.5635446407360518e-06
reporting,edit,0.30000000000000004,oracle_ipw,64,full_alpha1_population_gradient,6.503053593603621e-05,6.54520671446574e-05,0.0001304826030806936,0.00013047127679897565,6.287144721421929e-07
reporting,edit,0.35000000000000003,unweighted,64,full_alpha1_population_gradient,7.620842239888743e-05,0.000126808116359603,0.00020301653875849044,0.0002041729923826162,1.5566223528461743e-06
reporting,edit,0.35000000000000003,oracle_ipw,64,full_alpha1_population_gradient,5.607224782239855e-05,7.054358670447285e-05,0.0001266158345268714,0.0001267242205349493,6.239443561258847e-07
reporting,edit,0.4,unweighted,64,full_alpha1_population_gradient,6.823451743322315e-05,0.0001298283330029142,0.00019806285043613735,0.00019938686368581863,1.5523997213374682e-06
reporting,edit,0.4,oracle_ipw,64,full_alpha1_population_gradient,4.7777536606067415e-05,7.643871567642531e-05,0.0001242162522824927,0.0001244293093660319,6.239635156699299e-07
reporting,edit,0.45,unweighted,64,full_alpha1_population_gradient,6.090083040033288e-05,0.000133286646236715,0.00019418747663704788,0.00019568462679022381,1.5509440319778303e-06
reporting,edit,0.45,oracle_ipw,64,full_alpha1_population_gradient,4.0146402287042747e-05,8.313745406051483e-05,0.00012328385634755758,0.0001235865432922234,6.326852761335117e-07
reporting,edit,0.5,unweighted,64,full_alpha1_population_gradient,5.420736130021659e-05,0.0001371830560610054,0.000191390417361222,0.00019306628169583177,1.552373542533996e-06
reporting,edit,0.5,oracle_ipw,64,full_alpha1_population_gradient,3.3178844865324605e-05,9.063980185674135e-05,0.00012381864672206597,0.00012419592231352385,6.547048220878543e-07
reporting,edit,0.55,unweighted,64,full_alpha1_population_gradient,4.815411013287429e-05,0.00014151756247578545,0.00018967167260865975,0.0001915318284026425,1.5568555550468904e-06
reporting,edit,0.55,oracle_ipw,64,full_alpha1_population_gradient,2.687486434091291e-05,9.894575906510501e-05,0.00012582062340601793,0.00012625744642993326,6.945064525331386e-07
reporting,edit,0.6000000000000001,unweighted,64,full_alpha1_population_gradient,4.2741076898306004e-05,0.00014629016548105514,0.00018903124237936114,0.00019108126691065602,1.5646029909916237e-06
reporting,edit,0.6000000000000001,oracle_ipw,64,full_alpha1_population_gradient,2.1234460713807728e-05,0.00010805532568560564,0.00012928978639941335,0.00012977111564145156,7.555612641386292e-07
reporting,edit,0.65,unweighted,64,full_alpha1_population_gradient,3.7968261596511745e-05,0.00015150086507681443,0.00018946912667332618,0.00019171459721987233,1.5758694435332996e-06
reporting,edit,0.65,oracle_ipw,64,full_alpha1_population_gradient,1.6257633984009053e-05,0.00011796850171824332,0.00013422613570225237,0.0001347369299480788,8.397816439941699e-07
reporting,edit,0.7000000000000001,unweighted,64,full_alpha1_population_gradient,3.3835664227491434e-05,0.00015714966126306344,0.00019098532549055488,0.00019343181933029148,1.5909427476951892e-06
reporting,edit,0.7000000000000001,oracle_ipw,64,full_alpha1_population_gradient,1.1944384151516849e-05,0.00012868528716301805,0.00014062967131453488,0.00014115488934981495,9.475909316221098e-07
reporting,edit,0.75,unweighted,64,full_alpha1_population_gradient,3.0343284791245156e-05,0.000163236554039802,0.00019357983883104714,0.00019623293324191331,1.6101372037677958e-06
reporting,edit,0.75,oracle_ipw,64,full_alpha1_population_gradient,8.294711216331151e-06,0.0001402056820199298,0.00014850039323626097,0.00014902499384666,1.078416131300289e-06
reporting,edit,0.8,unweighted,64,full_alpha1_population_gradient,2.7491123287772862e-05,0.00016976154340703016,0.00019725266669480302,0.00020011793895473797,1.6337847052616513e-06
reporting,edit,0.8,oracle_ipw,64,full_alpha1_population_gradient,5.308615178451933e-06,0.00015252968628897862,0.00015783830146743057,0.00015834724343861405,1.2312303657279934e-06
reporting,edit,0.8500000000000001,unweighted,64,full_alpha1_population_gradient,2.5279179717074582e-05,0.00017672462936474804,0.00020200380908182261,0.00020508683646876542,1.662225145614183e-06
reporting,edit,0.8500000000000001,oracle_ipw,64,full_alpha1_population_gradient,2.986096037879212e-06,0.00016565729997016447,0.0001686433960080437,0.00016912163812567697,1.4049270649433038e-06
reporting,edit,0.9,unweighted,64,full_alpha1_population_gradient,2.3707454079150296e-05,0.00018412581191295548,0.00020783326599210577,0.0002111396257839956,1.6957965864176008e-06
reporting,edit,0.9,oracle_ipw,64,full_alpha1_population_gradient,1.3271537946129821e-06,0.00017958852306348736,0.00018091567685810033,0.0001813481779078488,1.5985061832092581e-06
reporting,edit,0.9500000000000001,unweighted,64,full_alpha1_population_gradient,2.2775946374000004e-05,0.00019196509105165262,0.00021474103742565262,0.00021827630690042862,1.7348257401059192e-06
reporting,edit,0.9500000000000001,oracle_ipw,64,full_alpha1_population_gradient,3.317884486532454e-07,0.00019432335556894735,0.0001946551440176006,0.0001950268627851296,1.8111359579128855e-06
reporting,edit,1.0,unweighted,64,full_alpha1_population_gradient,2.248465660162373e-05,0.0002002424667808393,0.00022272712338246303,0.0002264968798180644,1.7796193311936063e-06
reporting,edit,1.0,oracle_ipw,64,full_alpha1_population_gradient,2.139154973311978e-37,0.00020986179748654432,0.00020986179748654432,0.00021015769275751933,2.0421527796764177e-06
reporting,length,0.0,unweighted,64,full_alpha1_population_gradient,0.00013378382907560667,6.787231231070192e-05,0.0002016561413863086,0.00020206266858709777,9.56010335063606e-07
reporting,length,0.0,oracle_ipw,64,full_alpha1_population_gradient,0.00013271537946129842,8.350556180199014e-05,0.00021622094126328854,0.0002161704905514103,1.2745100245858452e-06
reporting,length,0.05,unweighted,64,full_alpha1_population_gradient,0.00012099886572874662,6.793975631644375e-05,0.00018893862204519035,0.0001892261307476517,9.258954557444723e-07
reporting,length,0.05,oracle_ipw,64,full_alpha1_population_gradient,0.00011977562996382177,8.358936843259615e-05,0.00020336499839641793,0.00020318004853341081,1.2452211176770893e-06
reporting,length,0.1,unweighted,64,full_alpha1_population_gradient,0.00010886914368956946,6.847670012155497e-05,0.0001773458438111244,0.00017752639484214737,8.989851297338066e-07
reporting,length,0.1,oracle_ipw,64,full_alpha1_population_gradient,0.00010749945736365164,8.424814693759742e-05,0.00019174760430124905,0.00019144015381633025,1.2196962601540748e-06
reporting,length,0.15000000000000002,unweighted,64,full_alpha1_population_gradient,9.739466295807523e-05,6.948314372603556e-05,0.0001668778066841108,0.0001669634608705848,8.749282203193317e-07
reporting,length,0.15000000000000002,oracle_ipw,64,full_alpha1_population_gradient,9.588686166078809e-05,8.548189731699397e-05,0.00018136875897778205,0.00018095080640016868,1.1974172878750262e-06
reporting,length,0.2,unweighted,64,full_alpha1_population_gradient,8.657542353426397e-05,7.095908712988555e-05,0.0001575345106641495,0.00015753732883296397,8.534301996477064e-07
reporting,length,0.2,oracle_ipw,64,full_alpha1_population_gradient,8.493784285523094e-05,8.729061957078579e-05,0.00017222846242601671,0.00017171200628492606,1.1779826793265674e-06
reporting,length,0.25,unweighted,64,full_alpha1_population_gradient,7.641142541813561e-05,7.290453033310494e-05,0.00014931595575124054,0.0001492479987292849,8.342709643600767e-07
reporting,length,0.25,oracle_ipw,64,full_alpha1_population_gradient,7.465240094698033e-05,8.967431369897288e-05,0.0001643267146459532,0.0001637237534706024,1.1611294779267469e-06
reporting,length,0.30000000000000004,unweighted,64,full_alpha1_population_gradient,6.69026686096901e-05,7.53194733356937e-05,0.00014222214194538379,0.00014209547055954759,8.173213185959779e-07
reporting,length,0.30000000000000004,oracle_ipw,64,full_alpha1_population_gradient,6.503053593603621e-05,9.263297970155522e-05,0.00015766351563759143,0.0001569860479571977,1.1467514135059273e-06
reporting,length,0.35000000000000003,unweighted,64,full_alpha1_population_gradient,5.804915310892761e-05,7.820391613765182e-05,0.00013625306924657942,0.00013607974432375196,8.025575593366509e-07
reporting,length,0.35000000000000003,oracle_ipw,64,full_alpha1_population_gradient,5.607224782239855e-05,9.616661757853286e-05,0.0001522388654009314,0.00015149888974471195,1.1349129769470082e-06
reporting,length,0.4,unweighted,64,full_alpha1_population_gradient,4.9850878915848025e-05,8.155785873897936e-05,0.00013140873765482737,0.00013120082002189814,7.9007346748754e-07
reporting,length,0.4,oracle_ipw,64,full_alpha1_population_gradient,4.7777536606067415e-05,0.00010027522732990578,0.0001480527639359732,0.00014726227883314519,1.12585883878689e-06
reporting,length,0.45,unweighted,64,full_alpha1_population_gradient,4.230784603045136e-05,8.538130113967624e-05,0.0001276891471701276,0.00012745869765398604,7.800886704528201e-07
reporting,length,0.45,oracle_ipw,64,full_alpha1_population_gradient,4.0146402287042747e-05,0.00010495880895567395,0.0001451052112427167,0.00014427621522249736,1.1200173596713783e-06
reporting,length,0.5,unweighted,64,full_alpha1_population_gradient,3.542005445273763e-05,8.967424333974253e-05,0.00012509429779248015,0.0001248533772200157,7.729518367061205e-07
reporting,length,0.5,oracle_ipw,64,full_alpha1_population_gradient,3.3178844865324605e-05,0.00011021736245583739,0.00014339620732116198,0.00014254069891276848,1.1179961878866181e-06
reporting,length,0.55,unweighted,64,full_alpha1_population_gradient,2.9187504182706808e-05,9.44366853391782e-05,0.00012362418952188502,0.00012338485871998708,7.691366390412348e-07
reporting,length,0.55,oracle_ipw,64,full_alpha1_population_gradient,2.6874864340912913e-05,0.0001160508878303961,0.000142925752171309,0.0001420557299039586,1.1205673776719032e-06
reporting,length,0.6000000000000001,unweighted,64,full_alpha1_population_gradient,2.3610195220358927e-05,9.966862713798329e-05,0.00012327882235834222,0.0001230531421539002,7.692281732376588e-07
reporting,length,0.6000000000000001,oracle_ipw,64,full_alpha1_population_gradient,2.123446071380773e-05,0.0001224593850793501,0.00014369384579315784,0.00014282130819606769,1.128639525599151e-06
reporting,length,0.65,unweighted,64,full_alpha1_population_gradient,1.868812756569398e-05,0.0001053700687361577,0.0001240581963018517,0.0001238582275217551,7.73897959173854e-07
reporting,length,0.65,oracle_ipw,64,full_alpha1_population_gradient,1.6257633984009053e-05,0.00012944285420269934,0.0001457004881867084,0.0001448374337890957,1.1432155837972835e-06
reporting,length,0.7000000000000001,unweighted,64,full_alpha1_population_gradient,1.4421301218711962e-05,0.00011154101013370153,0.0001259623113524135,0.00012580011482355176,7.838671766506821e-07
reporting,length,0.7000000000000001,oracle_ipw,64,full_alpha1_population_gradient,1.1944384151516849e-05,0.00013700129520044388,0.00014894567935196072,0.0001481041066830427,1.165337527106679e-06
reporting,length,0.75,unweighted,64,full_alpha1_population_gradient,1.0809716179412867e-05,0.00011818145133061473,0.0001289911675100276,0.00012887880405929012,7.998604630381391e-07
reporting,length,0.75,oracle_ipw,64,full_alpha1_population_gradient,8.294711216331151e-06,0.00014513470807258366,0.00015342941928891482,0.00015262132687790864,1.1960226060193228e-06
reporting,length,0.8,unweighted,64,full_alpha1_population_gradient,7.853372447796699e-06,0.00012529139232689732,0.000133144764774694,0.00013309429522897025,8.225558123873994e-07
reporting,length,0.8,oracle_ipw,64,full_alpha1_population_gradient,5.308615178451933e-06,0.00015384309281911873,0.00015915170799757068,0.00015838909437369358,1.2361993828925447e-06
reporting,length,0.8500000000000001,unweighted,64,full_alpha1_population_gradient,5.55227002386346e-06,0.0001328708331225493,0.00013842310314641276,0.0001384465883325921,8.525385339584317e-07
reporting,length,0.8500000000000001,oracle_ipw,64,full_alpha1_population_gradient,2.9860960378792117e-06,0.00016312644944004907,0.0001661125454779283,0.00016540740917039742,1.286653478842681e-06
reporting,length,0.9,unweighted,64,full_alpha1_population_gradient,3.906408907613151e-06,0.00014091977371757063,0.00014482618262518377,0.00014493568337015572,8.902673844833213e-07
reporting,length,0.9,oracle_ipw,64,full_alpha1_population_gradient,1.3271537946129826e-06,0.00017298477793537464,0.00017431193172998762,0.00017367627126802025,1.3479916847535518e-06
reporting,length,0.9500000000000001,unweighted,64,full_alpha1_population_gradient,2.915789099045768e-06,0.00014943821411196137,0.00015235400321100714,0.00015256158034166107,9.360583071739043e-07
reporting,length,0.9500000000000001,oracle_ipw,64,full_alpha1_population_gradient,3.317884486532448e-07,0.0001834180783050955,0.00018374986675374875,0.00018319568066656202,1.4206289060904678e-06
reporting,length,1.0,unweighted,64,full_alpha1_population_gradient,2.580410598161311e-06,0.00015842615430572147,0.00016100656490388278,0.00016132427924710817,9.900866477782005e-07
reporting,length,1.0,oracle_ipw,64,full_alpha1_population_gradient,2.8387975126576157e-38,0.00019442635054921166,0.00019442635054921166,0.0001939656373660228,1.5047969535526185e-06
reporting,edit_length,0.0,unweighted,64,full_alpha1_population_gradient,0.0001357846441937308,8.736998854726455e-05,0.00022315463274099533,0.00022091093312103543,1.2466818880931546e-06
reporting,edit_length,0.0,oracle_ipw,64,full_alpha1_population_gradient,0.00013271537946129842,6.386408274440091e-05,0.00019657946220569934,0.0001948126898778906,9.558263091768286e-07
reporting,edit_length,0.05,unweighted,64,full_alpha1_population_gradient,0.00012313089894756864,8.739316982399765e-05,0.0002105240687715663,0.00020839154010611447,1.2174656107920005e-06
reporting,edit_length,0.05,oracle_ipw,64,full_alpha1_population_gradient,0.00011977562996382177,6.400126084451993e-05,0.00018377689080834172,0.00018211962211247502,9.269304706354298e-07
reporting,edit_length,0.1,unweighted,64,full_alpha1_population_gradient,0.0001111142261405929,8.787385470213481e-05,0.0001989880808427277,0.00019695863907028896,1.191515933275219e-06
reporting,edit_length,0.1,oracle_ipw,64,full_alpha1_population_gradient,0.00010749945736365164,6.474027705224986e-05,0.0001722397344159015,0.00017069000154801427,9.019475939538276e-07
reporting,edit_length,0.15000000000000002,unweighted,64,full_alpha1_population_gradient,9.973462577280351e-05,8.881204318167609e-05,0.00018854666895447959,0.00018661223001355893,1.1686547517118173e-06
reporting,edit_length,0.15000000000000002,oracle_ipw,64,full_alpha1_population_gradient,9.588686166078809e-05,6.608113136759067e-05,0.00016196799302837877,0.00016052382818450842,8.801538189779273e-07
reporting,edit_length,0.2,unweighted,64,full_alpha1_population_gradient,8.899209784420053e-05,9.020773526262147e-05,0.000179199833106822,0.00017735231293592436,1.1487382646625056e-06
reporting,edit_length,0.2,oracle_ipw,64,full_alpha1_population_gradient,8.493784285523094e-05,6.802382379054241e-05,0.00015296166664577335,0.00015162110202195743,8.610165117451633e-07
reporting,edit_length,0.25,unweighted,64,full_alpha1_population_gradient,7.888664235478394e-05,9.206093094497094e-05,0.00017094757329975488,0.00016917888783738526,1.1316642928863708e-06
reporting,edit_length,0.25,oracle_ipw,64,full_alpha1_population_gradient,7.465240094698033e-05,7.056835432110501e-05,0.00014522075526808535,0.00014398182306036124,8.442379911009875e-07
reporting,edit_length,0.30000000000000004,unweighted,64,full_alpha1_population_gradient,6.941825930455375e-05,9.437163022872456e-05,0.00016378988953327832,0.00016209195471794164,1.1173786538928748e-06
reporting,edit_length,0.30000000000000004,oracle_ipw,64,full_alpha1_population_gradient,6.503053593603621e-05,7.371472295927855e-05,0.00013874525889531476,0.00013760599129971994,8.297920401668676e-07
reporting,edit_length,0.35000000000000003,unweighted,64,full_alpha1_population_gradient,6.0586948693509905e-05,9.713983311388224e-05,0.00015772678180739214,0.00015609151357759348,1.1058802582970204e-06
reporting,edit_length,0.35000000000000003,oracle_ipw,64,full_alpha1_population_gradient,5.607224782239855e-05,7.746292970506299e-05,0.00013353517752746154,0.0001324936067400335,8.179525446804303e-07
reporting,edit_length,0.4,unweighted,64,full_alpha1_population_gradient,5.239271052165249e-05,0.00010036553960044407,0.00015275825012209655,0.00015117756441634085,1.0972245940738281e-06
reporting,edit_length,0.4,oracle_ipw,64,full_alpha1_population_gradient,4.777753660606741e-05,8.181297455845832e-05,0.00012959051116452573,0.00012864466938130193,8.09311411792596e-07
reporting,edit_length,0.45,unweighted,64,full_alpha1_population_gradient,4.483554478898143e-05,0.00010404874968840997,0.0001488842944773914,0.0001473501072341836,1.091525261171651e-06
reporting,edit_length,0.45,oracle_ipw,64,full_alpha1_population_gradient,4.0146402287042747e-05,8.676485751946456e-05,0.0001269112598065073,0.0001260591792235252,8.047794464611359e-07
reporting,edit_length,0.5,unweighted,64,full_alpha1_population_gradient,3.791545149549677e-05,0.00010818946337777998,0.00014610491487327675,0.00014460914203112191,1.088953225947759e-06
reporting,edit_length,0.5,oracle_ipw,64,full_alpha1_population_gradient,3.3178844865324605e-05,9.23185785880817e-05,0.0001254974234534063,0.00012473713626670333,8.055603417143207e-07
reporting,edit_length,0.55,unweighted,64,full_alpha1_population_gradient,3.1632430641198494e-05,0.00011278768066855414,0.00014442011130975262,0.00014295466880715564,1.0897335040625959e-06
reporting,edit_length,0.55,oracle_ipw,64,full_alpha1_population_gradient,2.6874864340912913e-05,9.847413776430975e-05,0.00012534900210522265,0.00012467854051083629,8.130869338558623e-07
reporting,edit_length,0.6000000000000001,unweighted,64,full_alpha1_population_gradient,2.59864822260866e-05,0.00011784340156073237,0.00014382988378681898,0.00014238668756228485,1.094139077361518e-06
reporting,edit_length,0.6000000000000001,oracle_ipw,64,full_alpha1_population_gradient,2.123446071380773e-05,0.00010523153504814869,0.00012646599576195643,0.00012588339195592413,8.289139292653954e-07
reporting,edit_length,0.65,unweighted,64,full_alpha1_population_gradient,2.097760625016111e-05,0.00012335662605431473,0.00014433423230447584,0.0001429051982965095,1.1024820262769453e-06
reporting,edit_length,0.65,oracle_ipw,64,full_alpha1_population_gradient,1.625763398400905e-05,0.00011259077043959852,0.00012884840442360757,0.0001283516906019668,8.545745760522612e-07
reporting,edit_length,0.7000000000000001,unweighted,64,full_alpha1_population_gradient,1.660580271342199e-05,0.00012932735414930116,0.00014593315686272314,0.00014451020100982967,1.1151021201013746e-06
reporting,edit_length,0.7000000000000001,oracle_ipw,64,full_alpha1_population_gradient,1.194438415151685e-05,0.00012055184393865926,0.0001324962280901761,0.00013208343644896436,8.914268145370356e-07
reporting,edit_length,0.75,unweighted,64,full_alpha1_population_gradient,1.2871071615869272e-05,0.00013575558584569166,0.00014862665746156092,0.0001472016957022453,1.1323534314206653e-06
reporting,edit_length,0.75,oracle_ipw,64,full_alpha1_population_gradient,8.294711216331151e-06,0.00012911475554533091,0.00013740946676166208,0.00013707862949691673,9.405266840650686e-07
reporting,edit_length,0.8,unweighted,64,full_alpha1_population_gradient,9.773412957502921e-06,0.00014264132114348636,0.00015241473410098927,0.0001509796823737564,1.1545898731459359e-06
reporting,edit_length,0.8,oracle_ipw,64,full_alpha1_population_gradient,5.308615178451934e-06,0.0001382795052596135,0.00014358812043806544,0.000143337269745824,1.002561954265604e-06
reporting,edit_length,0.8500000000000001,unweighted,64,full_alpha1_population_gradient,7.31282673832297e-06,0.0001499845600426851,0.00015729738678100808,0.00015584416102436296,1.1821508157552915e-06
reporting,edit_length,0.8500000000000001,oracle_ipw,64,full_alpha1_population_gradient,2.9860960378792126e-06,0.00014804609308150695,0.00015103218911938617,0.00015085935719568607,1.0778568342002341e-06
reporting,edit_length,0.9,unweighted,64,full_alpha1_population_gradient,5.4893129583294025e-06,0.00015778530254328797,0.00016327461550161737,0.000161795131654065,1.2153480438686678e-06
reporting,edit_length,0.9,oracle_ipw,64,full_alpha1_population_gradient,1.327153794612983e-06,0.0001584145190110113,0.00015974167280562428,0.00015964489184650303,1.1664327523664158e-06
reporting,edit_length,0.9500000000000001,unweighted,64,full_alpha1_population_gradient,4.302871617522221e-06,0.00016604354864529494,0.00017034642026281715,0.00016883259426286252,1.2544551998709494e-06
reporting,edit_length,0.9500000000000001,oracle_ipw,64,full_alpha1_population_gradient,3.3178844865324485e-07,0.00016938478304812657,0.00016971657149677982,0.00016969387369827484,1.2680960328524404e-06
reporting,edit_length,1.0,unweighted,64,full_alpha1_population_gradient,3.7535027159014272e-06,0.00017475929834870604,0.00017851280106460747,0.00017695654885075546,1.2997005404191251e-06
reporting,edit_length,1.0,oracle_ipw,64,full_alpha1_population_gradient,2.2297842317518786e-37,0.00018095688519285274,0.00018095688519285274,0.00018100630275100148,1.382525123751887e-06
